label,pixel_0000,pixel_0001,pixel_0002,pixel_0003,pixel_0004,pixel_0005,pixel_0006,pixel_0007,pixel_0008,pixel_0009,pixel_0010,pixel_0011,pixel_0012,pixel_0013,pixel_0014,pixel_0015,pixel_0016,pixel_0017,pixel_0018,pixel_0019,pixel_0020,pixel_0021,pixel_0022,pixel_0023,pixel_0024,pixel_0025,pixel_0026,pixel_0027,pixel_0028,pixel_0029,pixel_0030,pixel_0031,pixel_0032,pixel_0033,pixel_0034,pixel_0035,pixel_0036,pixel_0037,pixel_0038,pixel_0039,pixel_0040,pixel_0041,pixel_0042,pixel_0043,pixel_0044,pixel_0045,pixel_0046,pixel_0047,pixel_0048,pixel_0049,pixel_0050,pixel_0051,pixel_0052,pixel_0053,pixel_0054,pixel_0055,pixel_0056,pixel_0057,pixel_0058,pixel_0059,pixel_0060,pixel_0061,pixel_0062,pixel_0063,pixel_0064,pixel_0065,pixel_0066,pixel_0067,pixel_0068,pixel_0069,pixel_0070,pixel_0071,pixel_0072,pixel_0073,pixel_0074,pixel_0075,pixel_0076,pixel_0077,pixel_0078,pixel_0079,pixel_0080,pixel_0081,pixel_0082,pixel_0083,pixel_0084,pixel_0085,pixel_0086,pixel_0087,pixel_0088,pixel_0089,pixel_0090,pixel_0091,pixel_0092,pixel_0093,pixel_0094,pixel_0095,pixel_0096,pixel_0097,pixel_0098,pixel_0099,pixel_0100,pixel_0101,pixel_0102,pixel_0103,pixel_0104,pixel_0105,pixel_0106,pixel_0107,pixel_0108,pixel_0109,pixel_0110,pixel_0111,pixel_0112,pixel_0113,pixel_0114,pixel_0115,pixel_0116,pixel_0117,pixel_0118,pixel_0119,pixel_0120,pixel_0121,pixel_0122,pixel_0123,pixel_0124,pixel_0125,pixel_0126,pixel_0127,pixel_0128,pixel_0129,pixel_0130,pixel_0131,pixel_0132,pixel_0133,pixel_0134,pixel_0135,pixel_0136,pixel_0137,pixel_0138,pixel_0139,pixel_0140,pixel_0141,pixel_0142,pixel_0143,pixel_0144,pixel_0145,pixel_0146,pixel_0147,pixel_0148,pixel_0149,pixel_0150,pixel_0151,pixel_0152,pixel_0153,pixel_0154,pixel_0155,pixel_0156,pixel_0157,pixel_0158,pixel_0159,pixel_0160,pixel_0161,pixel_0162,pixel_0163,pixel_0164,pixel_0165,pixel_0166,pixel_0167,pixel_0168,pixel_0169,pixel_0170,pixel_0171,pixel_0172,pixel_0173,pixel_0174,pixel_0175,pixel_0176,pixel_0177,pixel_0178,pixel_0179,pixel_0180,pixel_0181,pixel_0182,pixel_0183,pixel_0184,pixel_0185,pixel_0186,pixel_0187,pixel_0188,pixel_0189,pixel_0190,pixel_0191,pixel_0192,pixel_0193,pixel_0194,pixel_0195,pixel_0196,pixel_0197,pixel_0198,pixel_0199,pixel_0200,pixel_0201,pixel_0202,pixel_0203,pixel_0204,pixel_0205,pixel_0206,pixel_0207,pixel_0208,pixel_0209,pixel_0210,pixel_0211,pixel_0212,pixel_0213,pixel_0214,pixel_0215,pixel_0216,pixel_0217,pixel_0218,pixel_0219,pixel_0220,pixel_0221,pixel_0222,pixel_0223,pixel_0224,pixel_0225,pixel_0226,pixel_0227,pixel_0228,pixel_0229,pixel_0230,pixel_0231,pixel_0232,pixel_0233,pixel_0234,pixel_0235,pixel_0236,pixel_0237,pixel_0238,pixel_0239,pixel_0240,pixel_0241,pixel_0242,pixel_0243,pixel_0244,pixel_0245,pixel_0246,pixel_0247,pixel_0248,pixel_0249,pixel_0250,pixel_0251,pixel_0252,pixel_0253,pixel_0254,pixel_0255,pixel_0256,pixel_0257,pixel_0258,pixel_0259,pixel_0260,pixel_0261,pixel_0262,pixel_0263,pixel_0264,pixel_0265,pixel_0266,pixel_0267,pixel_0268,pixel_0269,pixel_0270,pixel_0271,pixel_0272,pixel_0273,pixel_0274,pixel_0275,pixel_0276,pixel_0277,pixel_0278,pixel_0279,pixel_0280,pixel_0281,pixel_0282,pixel_0283,pixel_0284,pixel_0285,pixel_0286,pixel_0287,pixel_0288,pixel_0289,pixel_0290,pixel_0291,pixel_0292,pixel_0293,pixel_0294,pixel_0295,pixel_0296,pixel_0297,pixel_0298,pixel_0299,pixel_0300,pixel_0301,pixel_0302,pixel_0303,pixel_0304,pixel_0305,pixel_0306,pixel_0307,pixel_0308,pixel_0309,pixel_0310,pixel_0311,pixel_0312,pixel_0313,pixel_0314,pixel_0315,pixel_0316,pixel_0317,pixel_0318,pixel_0319,pixel_0320,pixel_0321,pixel_0322,pixel_0323,pixel_0324,pixel_0325,pixel_0326,pixel_0327,pixel_0328,pixel_0329,pixel_0330,pixel_0331,pixel_0332,pixel_0333,pixel_0334,pixel_0335,pixel_0336,pixel_0337,pixel_0338,pixel_0339,pixel_0340,pixel_0341,pixel_0342,pixel_0343,pixel_0344,pixel_0345,pixel_0346,pixel_0347,pixel_0348,pixel_0349,pixel_0350,pixel_0351,pixel_0352,pixel_0353,pixel_0354,pixel_0355,pixel_0356,pixel_0357,pixel_0358,pixel_0359,pixel_0360,pixel_0361,pixel_0362,pixel_0363,pixel_0364,pixel_0365,pixel_0366,pixel_0367,pixel_0368,pixel_0369,pixel_0370,pixel_0371,pixel_0372,pixel_0373,pixel_0374,pixel_0375,pixel_0376,pixel_0377,pixel_0378,pixel_0379,pixel_0380,pixel_0381,pixel_0382,pixel_0383,pixel_0384,pixel_0385,pixel_0386,pixel_0387,pixel_0388,pixel_0389,pixel_0390,pixel_0391,pixel_0392,pixel_0393,pixel_0394,pixel_0395,pixel_0396,pixel_0397,pixel_0398,pixel_0399,pixel_0400,pixel_0401,pixel_0402,pixel_0403,pixel_0404,pixel_0405,pixel_0406,pixel_0407,pixel_0408,pixel_0409,pixel_0410,pixel_0411,pixel_0412,pixel_0413,pixel_0414,pixel_0415,pixel_0416,pixel_0417,pixel_0418,pixel_0419,pixel_0420,pixel_0421,pixel_0422,pixel_0423,pixel_0424,pixel_0425,pixel_0426,pixel_0427,pixel_0428,pixel_0429,pixel_0430,pixel_0431,pixel_0432,pixel_0433,pixel_0434,pixel_0435,pixel_0436,pixel_0437,pixel_0438,pixel_0439,pixel_0440,pixel_0441,pixel_0442,pixel_0443,pixel_0444,pixel_0445,pixel_0446,pixel_0447,pixel_0448,pixel_0449,pixel_0450,pixel_0451,pixel_0452,pixel_0453,pixel_0454,pixel_0455,pixel_0456,pixel_0457,pixel_0458,pixel_0459,pixel_0460,pixel_0461,pixel_0462,pixel_0463,pixel_0464,pixel_0465,pixel_0466,pixel_0467,pixel_0468,pixel_0469,pixel_0470,pixel_0471,pixel_0472,pixel_0473,pixel_0474,pixel_0475,pixel_0476,pixel_0477,pixel_0478,pixel_0479,pixel_0480,pixel_0481,pixel_0482,pixel_0483,pixel_0484,pixel_0485,pixel_0486,pixel_0487,pixel_0488,pixel_0489,pixel_0490,pixel_0491,pixel_0492,pixel_0493,pixel_0494,pixel_0495,pixel_0496,pixel_0497,pixel_0498,pixel_0499,pixel_0500,pixel_0501,pixel_0502,pixel_0503,pixel_0504,pixel_0505,pixel_0506,pixel_0507,pixel_0508,pixel_0509,pixel_0510,pixel_0511,pixel_0512,pixel_0513,pixel_0514,pixel_0515,pixel_0516,pixel_0517,pixel_0518,pixel_0519,pixel_0520,pixel_0521,pixel_0522,pixel_0523,pixel_0524,pixel_0525,pixel_0526,pixel_0527,pixel_0528,pixel_0529,pixel_0530,pixel_0531,pixel_0532,pixel_0533,pixel_0534,pixel_0535,pixel_0536,pixel_0537,pixel_0538,pixel_0539,pixel_0540,pixel_0541,pixel_0542,pixel_0543,pixel_0544,pixel_0545,pixel_0546,pixel_0547,pixel_0548,pixel_0549,pixel_0550,pixel_0551,pixel_0552,pixel_0553,pixel_0554,pixel_0555,pixel_0556,pixel_0557,pixel_0558,pixel_0559,pixel_0560,pixel_0561,pixel_0562,pixel_0563,pixel_0564,pixel_0565,pixel_0566,pixel_0567,pixel_0568,pixel_0569,pixel_0570,pixel_0571,pixel_0572,pixel_0573,pixel_0574,pixel_0575,pixel_0576,pixel_0577,pixel_0578,pixel_0579,pixel_0580,pixel_0581,pixel_0582,pixel_0583,pixel_0584,pixel_0585,pixel_0586,pixel_0587,pixel_0588,pixel_0589,pixel_0590,pixel_0591,pixel_0592,pixel_0593,pixel_0594,pixel_0595,pixel_0596,pixel_0597,pixel_0598,pixel_0599,pixel_0600,pixel_0601,pixel_0602,pixel_0603,pixel_0604,pixel_0605,pixel_0606,pixel_0607,pixel_0608,pixel_0609,pixel_0610,pixel_0611,pixel_0612,pixel_0613,pixel_0614,pixel_0615,pixel_0616,pixel_0617,pixel_0618,pixel_0619,pixel_0620,pixel_0621,pixel_0622,pixel_0623,pixel_0624,pixel_0625,pixel_0626,pixel_0627,pixel_0628,pixel_0629,pixel_0630,pixel_0631,pixel_0632,pixel_0633,pixel_0634,pixel_0635,pixel_0636,pixel_0637,pixel_0638,pixel_0639,pixel_0640,pixel_0641,pixel_0642,pixel_0643,pixel_0644,pixel_0645,pixel_0646,pixel_0647,pixel_0648,pixel_0649,pixel_0650,pixel_0651,pixel_0652,pixel_0653,pixel_0654,pixel_0655,pixel_0656,pixel_0657,pixel_0658,pixel_0659,pixel_0660,pixel_0661,pixel_0662,pixel_0663,pixel_0664,pixel_0665,pixel_0666,pixel_0667,pixel_0668,pixel_0669,pixel_0670,pixel_0671,pixel_0672,pixel_0673,pixel_0674,pixel_0675,pixel_0676,pixel_0677,pixel_0678,pixel_0679,pixel_0680,pixel_0681,pixel_0682,pixel_0683,pixel_0684,pixel_0685,pixel_0686,pixel_0687,pixel_0688,pixel_0689,pixel_0690,pixel_0691,pixel_0692,pixel_0693,pixel_0694,pixel_0695,pixel_0696,pixel_0697,pixel_0698,pixel_0699,pixel_0700,pixel_0701,pixel_0702,pixel_0703,pixel_0704,pixel_0705,pixel_0706,pixel_0707,pixel_0708,pixel_0709,pixel_0710,pixel_0711,pixel_0712,pixel_0713,pixel_0714,pixel_0715,pixel_0716,pixel_0717,pixel_0718,pixel_0719,pixel_0720,pixel_0721,pixel_0722,pixel_0723,pixel_0724,pixel_0725,pixel_0726,pixel_0727,pixel_0728,pixel_0729,pixel_0730,pixel_0731,pixel_0732,pixel_0733,pixel_0734,pixel_0735,pixel_0736,pixel_0737,pixel_0738,pixel_0739,pixel_0740,pixel_0741,pixel_0742,pixel_0743,pixel_0744,pixel_0745,pixel_0746,pixel_0747,pixel_0748,pixel_0749,pixel_0750,pixel_0751,pixel_0752,pixel_0753,pixel_0754,pixel_0755,pixel_0756,pixel_0757,pixel_0758,pixel_0759,pixel_0760,pixel_0761,pixel_0762,pixel_0763,pixel_0764,pixel_0765,pixel_0766,pixel_0767
0,83,106,153,86,111,160,150,87,101,146,104,101,160,85,96,76,104,153,65,109,160,79,122,153,80,109,175,83,125,170,76,110,167,161,91,78,167,88,100,156,93,86,67,109,177,73,106,155,75,106,164,74,122,161,144,106,92,160,86,90,145,100,87,83,122,164,81,109,175,65,104,174,70,127,162,65,110,156,75,111,167,163,94,83,154,94,84,164,91,100,84,123,155,82,123,158,80,126,160,68,117,165,71,123,175,160,90,99,153,107,102,144,90,79,203,155,141,195,149,151,215,153,139,213,158,145,163,97,82,151,87,85,166,100,95,71,126,171,76,121,165,74,110,157,79,118,155,87,104,156,67,123,158,164,96,97,145,95,90,162,97,94,201,160,133,214,166,136,214,160,157,201,167,153,153,86,87,156,88,92,143,106,101,71,119,177,68,119,156,83,112,173,79,122,159,67,114,177,68,120,177,209,143,152,153,98,78,146,94,87,150,84,85,211,145,135,216,158,135,167,100,102,147,87,99,158,100,83,201,159,152,76,109,170,87,126,175,69,125,162,75,124,173,74,117,169,77,106,160,200,145,143,143,101,95,150,101,85,143,85,100,213,144,140,195,144,143,145,99,85,151,104,93,149,100,82,216,161,151,78,110,168,76,109,156,66,124,166,74,116,166,77,126,154,214,163,153,196,144,145,216,153,136,150,89,84,160,97,82,156,88,86,157,90,80,157,100,81,144,103,95,193,145,157,200,148,146,208,158,139,75,104,158,75,103,165,71,117,162,76,125,176,210,164,155,208,147,139,202,149,134,31,36,30,194,166,143,194,144,151,208,159,149,198,144,149,15,18,15,212,145,154,200,155,136,211,150,151,82,104,172,65,116,174,81,121,169,73,111,159,214,165,143,200,151,145,197,164,153,22,27,23,217,145,133,207,162,151,196,145,150,199,159,141,17,24,15,200,154,142,198,157,150,215,152,152,83,119,153,84,120,162,84,106,157,71,106,156,216,160,137,201,152,152,199,165,143,199,164,153,201,159,148,201,144,135,213,156,141,194,143,143,217,147,153,201,148,156,207,160,155,206,160,133,66,105,175,67,120,154,74,121,170,67,116,157,64,112,164,194,154,139,214,150,154,196,154,157,210,156,152,36,17,20,18,18,26,193,148,156,203,156,154,216,150,141,198,165,136,75,104,168,70,109,167,74,112,160,70,103,174,69,115,163,71,105,177,201,154,153,209,155,154,210,153,133,196,151,138,211,151,134,196,162,146,204,166,143,206,162,149,196,155,151,199,151,134,85,116,153,79,120,174,86,126,176,84,109,164,76,105,174,73,122,163,84,106,176,202,159,142,214,156,143,205,165,142,210,147,139,206,164,145,214,166,138,212,161,142,205,160,133,72,112,159,76,121,172,83,113,167,77,117,174,69,119,168,86,108,174,65,112,169,84,123,172,73,105,177,70,124,162,200,149,137,193,144,140,208,162,157,195,157,146,83,121,159,85,125,165,78,115,160,67,123,175,63,127,177,66,127,166,70,108,175,79,117,154,80,110,156,77,107,167,84,119,170,82,113,177,77,122,176,79,116,170,77,108,176,78,117,161,87,110,173,71,127,177,79,118,173,70,111,167,65,125,162,70,111,163,73,120,155,67,107,160,75,125,157,85,109,155,76,116,163,80,117,166,64,109,166,75,127,171,85,103,177,81,115,168,63,114,162,87,115,166,80,126,176,80,122,160,78,110,161,76,118,153
0,75,113,174,84,115,176,148,97,82,162,100,78,155,101,96,84,103,155,83,116,157,77,108,154,71,115,163,69,117,163,73,127,165,151,107,91,151,85,93,143,106,95,64,114,160,83,105,177,83,104,177,63,110,159,143,102,82,150,87,93,164,86,96,69,117,175,71,127,164,68,122,172,86,125,156,87,108,162,66,121,153,152,101,99,155,95,100,149,85,96,85,123,160,66,125,177,72,124,172,66,121,154,74,120,166,164,94,80,159,103,88,143,96,93,196,156,144,213,157,155,197,156,138,216,159,153,151,102,95,167,98,92,156,106,96,71,113,160,65,111,167,70,127,167,81,122,174,75,113,153,78,113,158,158,89,89,151,93,86,162,105,86,210,143,149,199,145,140,216,156,148,210,167,140,165,98,98,165,98,92,143,85,87,70,115,175,70,112,174,81,114,168,80,119,164,76,126,170,73,114,175,207,151,142,151,90,81,166,89,88,146,106,95,217,165,138,199,149,156,158,91,101,161,107,94,162,92,81,199,152,140,74,108,162,63,125,170,67,111,154,64,120,162,85,107,173,87,118,156,193,161,142,158,98,92,153,88,79,151,98,81,195,155,148,195,161,153,164,84,82,147,101,87,145,90,81,210,167,146,82,122,172,70,127,169,75,117,167,72,121,166,72,121,172,194,162,156,196,167,139,213,149,141,164,85,83,150,88,95,145,88,78,156,97,100,162,98,87,144,90,87,215,152,155,207,145,154,200,151,153,81,124,159,76,106,170,70,123,157,71,107,155,194,148,142,212,166,151,202,157,136,27,35,22,215,155,141,209,160,148,207,145,152,194,156,156,23,32,21,193,145,140,214,161,151,193,167,154,71,121,154,87,127,158,78,119,173,77,111,158,211,156,153,208,145,148,204,156,143,23,34,16,198,153,146,215,158,142,214,155,157,210,144,147,15,23,21,203,146,157,205,159,133,214,160,147,76,104,159,79,114,172,87,118,173,77,127,154,199,151,150,197,152,147,215,158,136,193,163,152,200,165,138,202,160,133,210,156,135,200,146,147,196,163,137,208,165,142,209,165,141,206,158,148,70,117,170,67,115,159,82,119,176,67,105,161,87,116,163,209,151,133,202,166,142,211,161,154,208,147,147,30,28,24,23,30,37,210,155,147,203,149,155,200,161,145,200,167,146,64,113,176,78,125,165,75,124,173,67,118,154,67,119,171,73,106,167,196,159,147,193,166,137,206,163,137,195,158,141,203,162,155,205,163,135,203,164,150,205,153,153,215,167,148,210,144,152,65,110,173,84,112,160,86,105,166,66,127,173,85,106,167,68,125,162,63,104,163,194,152,144,204,156,137,200,159,146,211,164,138,198,148,135,212,155,152,214,150,148,211,147,140,77,123,161,77,111,174,63,117,162,84,120,158,65,117,164,81,112,173,76,125,161,77,112,159,75,118,156,70,115,171,204,161,142,215,152,133,214,155,141,193,161,154,87,126,154,82,126,168,72,127,160,82,114,160,83,109,172,71,124,177,86,127,174,84,107,173,66,123,173,64,112,167,64,121,164,86,107,155,72,113,176,76,108,159,67,120,164,79,119,161,68,111,168,72,126,163,66,117,155,67,127,160,84,126,174,75,120,164,65,115,153,71,120,156,77,114,174,86,124,161,81,115,173,74,106,174,70,118,153,82,120,163,82,110,173,65,123,167,85,112,173,76,106,157,64,104,162,78,106,156,70,120,157,75,117,164
0,84,126,175,80,116,171,166,106,82,156,103,81,158,102,91,71,104,175,74,109,167,77,110,164,66,124,164,80,123,164,64,115,161,149,86,92,145,104,84,163,103,97,63,104,163,70,107,171,69,105,177,80,109,171,149,90,88,167,87,97,143,91,82,67,120,161,68,106,174,63,107,153,74,110,171,73,103,158,71,104,157,166,96,94,146,106,80,158,97,102,74,119,171,66,117,169,70,122,154,86,124,169,72,117,173,143,84,93,155,96,99,146,98,100,207,145,135,203,162,137,195,147,141,212,163,151,160,105,88,155,102,94,152,97,94,82,116,156,85,106,173,83,127,170,86,109,166,77,110,166,73,117,165,156,106,81,153,96,88,164,91,89,197,164,148,195,145,135,195,156,136,216,166,144,147,100,79,161,100,95,153,104,81,76,114,174,87,116,176,64,112,172,72,114,156,81,119,159,67,124,168,200,146,144,160,94,81,167,91,96,150,96,95,217,162,152,214,163,150,143,102,99,165,91,78,148,91,100,217,152,143,74,103,158,67,121,174,75,105,157,86,123,153,65,126,169,69,115,166,207,153,138,154,92,101,153,107,96,162,85,79,197,148,157,212,144,154,145,91,92,164,96,93,162,97,91,201,149,157,79,106,164,76,106,162,84,124,171,78,119,174,72,104,160,205,162,134,193,149,142,199,167,137,167,91,87,153,86,78,158,106,91,148,87,90,160,105,85,159,100,99,204,145,145,216,144,146,193,157,135,73,121,166,81,115,175,83,116,162,66,115,153,203,148,152,207,165,144,195,156,136,20,26,31,205,159,135,205,152,156,203,150,143,217,148,135,29,33,16,209,159,139,217,154,144,216,163,137,70,106,157,71,109,158,82,107,177,87,123,155,198,167,153,208,157,157,211,167,151,27,34,31,213,163,152,203,163,143,197,157,135,208,157,153,22,21,31,194,154,149,195,152,147,207,144,134,74,112,155,83,105,172,82,119,165,77,121,170,216,144,147,211,163,139,203,162,148,209,147,134,207,146,143,215,145,149,213,148,134,200,165,147,207,159,149,212,148,144,204,152,145,206,167,143,84,122,154,83,123,163,65,113,156,80,124,165,72,111,176,214,162,137,203,145,151,214,147,144,202,163,155,34,25,17,32,35,15,202,160,145,213,153,137,214,165,156,214,159,135,83,124,166,79,114,153,74,112,158,69,113,177,78,109,160,67,107,155,202,146,149,217,160,156,209,144,154,203,167,152,197,162,145,197,148,138,215,167,152,198,166,147,194,156,144,214,166,140,77,122,162,87,126,167,70,120,160,72,118,159,74,124,171,77,117,177,72,127,165,209,159,146,198,149,152,197,151,134,213,158,144,210,146,155,209,146,142,195,167,138,201,157,149,67,116,155,70,117,164,63,116,154,75,119,164,70,115,155,74,110,153,73,106,175,83,113,157,67,104,162,78,125,157,217,165,148,207,162,133,195,143,141,199,147,150,86,122,169,76,106,177,72,110,162,66,104,160,76,123,172,77,105,156,78,122,170,63,123,169,81,110,175,67,112,166,63,122,164,70,121,166,68,124,174,65,119,164,65,119,170,79,119,170,63,115,168,64,123,165,74,111,176,63,114,155,74,110,176,84,123,156,87,121,176,87,113,157,64,114,170,73,123,158,87,124,167,85,118,173,68,107,155,85,127,167,64,112,159,64,109,154,73,112,169,75,120,168,71,104,177,83,109,162,74,127,154,83,113,161
0,66,114,166,75,126,167,155,93,83,158,105,93,154,99,86,65,126,166,65,116,172,68,120,162,73,106,155,73,124,162,72,117,172,165,96,83,165,97,89,157,84,101,74,122,166,71,123,154,65,124,173,75,114,169,166,104,83,143,87,97,164,97,79,67,105,160,87,123,164,74,115,171,64,122,157,84,117,164,74,117,177,145,101,82,159,94,90,153,103,86,70,106,153,86,108,168,79,115,170,66,111,177,71,125,167,149,102,87,165,98,84,146,87,80,207,148,155,207,145,154,203,164,144,215,145,150,160,92,87,148,105,100,165,103,83,74,119,160,66,109,157,70,118,153,74,120,171,74,117,170,67,122,155,145,92,90,165,106,93,159,96,102,206,161,135,197,153,153,195,157,147,214,159,144,147,107,95,163,101,83,167,87,91,79,104,156,79,107,162,68,108,163,85,110,164,79,112,155,71,109,173,210,151,137,163,92,97,160,85,94,163,88,96,211,147,138,214,162,156,162,93,96,144,83,80,144,103,102,211,151,153,69,127,171,76,122,173,63,118,173,80,112,173,72,118,160,84,115,162,207,145,155,144,88,92,156,98,92,149,93,97,197,153,155,203,166,144,155,87,102,154,99,95,146,93,85,207,146,141,77,110,157,66,104,162,75,122,166,70,108,163,81,126,163,199,167,138,208,159,147,208,152,148,143,85,90,159,97,85,149,101,89,144,84,87,158,102,98,164,98,87,210,143,136,206,147,141,216,154,157,75,114,154,75,104,171,80,109,164,80,112,155,205,159,147,217,160,141,212,164,152,16,17,16,205,154,143,210,154,157,197,149,152,209,155,149,14,14,14,197,165,143,208,159,147,197,162,149,67,113,172,73,108,165,82,126,162,81,113,169,209,160,148,215,161,142,208,143,144,23,34,16,206,161,142,216,165,153,193,162,148,201,163,157,31,31,20,216,144,151,208,148,149,213,166,152,87,115,157,84,110,154,81,125,156,69,103,167,203,156,137,206,165,139,206,159,157,212,158,156,216,144,155,197,159,139,210,153,154,208,159,145,203,148,147,210,153,150,204,164,157,216,164,153,85,111,172,78,109,160,71,120,162,70,112,177,72,125,159,215,165,148,203,158,144,210,166,141,202,146,151,34,30,25,25,24,37,197,152,134,202,165,135,204,157,153,201,166,148,69,109,170,71,120,175,71,107,156,82,126,171,70,110,154,84,119,160,213,150,134,196,156,143,215,158,136,214,167,137,193,160,138,206,163,148,208,163,139,217,152,143,202,163,134,217,145,153,81,110,170,86,126,154,68,116,158,64,115,168,68,126,162,64,103,162,81,122,156,203,152,147,213,160,149,208,147,149,207,151,139,196,153,138,216,157,153,201,165,138,193,166,143,72,121,174,87,109,158,82,123,165,76,119,163,65,115,174,66,108,157,78,113,160,63,111,165,70,117,177,71,113,162,211,166,151,193,151,153,204,165,140,194,164,136,77,112,158,75,124,169,85,127,162,85,106,173,72,114,172,70,110,157,78,107,167,86,122,164,76,125,170,78,127,170,84,109,177,70,124,177,82,105,169,77,119,175,74,105,171,66,104,170,79,109,171,80,107,158,73,119,167,66,124,159,85,121,168,65,119,167,64,117,157,79,116,167,81,104,170,77,124,162,86,103,165,71,103,176,69,121,155,64,116,164,85,105,170,64,105,168,64,112,166,68,127,157,87,123,176,83,116,164,75,117,165,75,105,174
0,84,120,157,83,114,156,148,100,90,159,87,101,150,83,102,63,112,167,84,126,170,76,120,165,70,110,167,74,107,161,69,126,177,146,84,99,156,102,102,143,90,84,65,106,172,64,117,172,84,125,154,70,126,154,155,97,85,160,89,102,167,84,82,79,112,160,86,121,163,81,122,177,84,113,160,72,107,174,79,110,166,152,91,79,160,101,101,148,103,99,76,120,168,64,114,173,84,115,169,73,125,166,76,107,162,155,88,102,160,98,85,150,92,100,197,157,134,210,156,146,210,159,137,205,150,141,149,93,98,145,97,89,145,100,101,69,104,161,75,124,172,82,104,155,69,127,171,86,124,170,69,118,159,153,92,78,149,89,101,146,106,102,208,150,155,212,165,139,205,150,150,203,167,142,155,97,95,163,94,87,151,94,94,78,117,156,86,118,177,73,109,164,73,116,154,81,110,176,67,103,161,210,161,151,166,96,87,147,89,88,150,95,96,200,158,150,213,164,143,151,107,93,166,103,101,158,97,83,216,154,138,67,126,170,78,108,170,83,104,169,64,105,174,64,127,153,76,107,173,200,145,155,147,83,84,159,97,89,144,102,98,214,162,148,214,158,133,143,100,95,156,83,78,159,106,86,210,152,133,79,125,174,76,108,156,66,119,157,70,109,172,79,111,164,201,155,135,204,155,147,211,150,155,150,92,99,145,103,98,167,84,80,155,95,90,160,98,79,163,83,100,198,145,148,206,163,143,211,146,149,64,110,159,85,121,168,71,104,155,84,111,170,211,164,134,198,153,133,199,161,137,37,35,25,195,152,138,211,150,151,205,164,150,203,155,157,36,17,35,216,145,149,216,154,134,196,156,140,65,113,172,87,122,172,75,127,163,63,123,161,207,158,140,204,160,145,206,148,154,31,34,25,195,167,152,202,150,155,195,145,141,197,155,155,33,17,36,205,153,144,196,145,133,202,157,144,87,111,156,67,105,158,76,117,170,80,119,166,196,143,135,204,160,135,212,162,143,205,143,142,206,155,157,195,166,150,200,161,149,198,164,145,198,147,141,202,151,148,197,145,138,206,151,146,72,118,155,74,111,160,86,123,168,82,122,159,77,106,157,202,143,145,203,162,145,203,157,143,206,163,152,17,22,23,32,35,19,208,153,138,205,153,142,216,165,153,208,161,140,73,115,161,75,114,156,81,109,171,80,108,174,87,120,153,86,117,175,199,157,142,215,145,146,214,158,137,213,152,140,201,164,137,215,156,145,195,157,152,208,161,145,210,159,155,206,160,134,74,125,170,82,123,155,66,127,160,84,124,164,68,123,172,64,121,173,84,123,165,217,153,146,196,143,136,201,150,149,216,159,150,211,165,151,200,157,144,205,157,157,214,161,155,79,107,164,63,118,156,72,116,155,66,126,157,74,112,163,77,109,169,78,114,168,66,117,176,85,117,163,65,112,154,215,146,133,203,163,136,214,148,156,200,159,138,80,108,163,80,116,167,70,115,173,68,108,173,84,116,165,63,126,172,69,117,171,76,115,153,85,109,159,71,127,175,65,121,156,80,108,164,73,109,167,66,111,174,78,119,173,73,122,165,82,115,171,66,114,164,77,122,158,84,125,162,82,121,155,84,107,163,66,110,162,66,108,164,85,107,169,75,116,172,67,121,165,76,108,168,83,120,175,83,108,170,68,118,162,67,108,163,77,122,154,74,103,168,67,109,165,80,119,173,78,116,174,78,116,175
0,77,118,158,65,121,153,167,90,87,144,91,85,160,92,83,87,117,171,86,127,177,78,120,169,66,121,156,71,127,170,74,120,177,144,107,101,157,100,84,156,86,101,83,127,160,72,104,167,71,114,155,77,106,177,150,89,101,161,105,89,165,102,98,76,108,172,67,109,159,64,121,164,80,111,172,80,108,163,85,112,162,161,91,94,164,86,82,167,96,79,71,123,157,85,107,160,67,125,163,70,127,174,75,118,157,161,103,86,163,96,90,157,85,98,217,145,145,209,166,141,215,154,147,208,153,151,143,107,101,145,106,92,163,104,100,74,105,170,75,109,166,69,118,161,73,112,163,80,121,157,81,118,163,164,107,79,144,86,98,157,83,81,198,157,147,193,156,139,215,147,153,202,148,141,145,103,89,151,85,89,164,103,83,64,115,173,72,126,175,87,110,166,83,105,175,66,103,159,78,105,157,211,150,149,164,97,78,143,105,88,146,96,100,197,158,135,200,155,135,166,86,81,153,94,87,147,95,102,217,147,153,84,107,155,79,121,153,82,123,158,77,114,176,69,123,176,67,116,172,214,157,139,145,86,82,167,86,96,166,95,89,206,153,137,200,151,153,145,90,95,162,102,101,162,92,102,215,143,154,72,109,169,82,119,159,86,115,162,83,104,160,78,115,156,200,158,153,212,145,149,193,154,143,147,95,96,156,94,95,164,88,102,158,107,80,143,101,80,143,91,84,194,144,145,209,152,153,215,159,157,76,116,175,75,105,173,80,120,172,67,111,155,202,145,149,199,147,150,203,155,151,33,37,33,214,163,135,202,165,146,216,150,134,200,145,146,16,27,32,212,144,142,214,166,154,216,148,136,63,125,157,85,103,158,78,114,169,79,126,161,198,154,137,216,167,141,216,146,157,13,23,26,201,159,135,201,165,151,213,145,148,207,159,144,14,28,31,198,154,138,201,167,136,211,164,156,66,110,176,79,103,154,63,110,154,78,114,165,197,148,134,210,165,156,213,156,140,203,150,146,216,153,141,195,161,144,196,159,154,194,148,140,209,144,145,195,157,142,217,152,143,195,160,147,63,114,159,72,121,162,86,122,160,77,114,171,78,127,177,199,166,150,217,150,137,193,156,133,200,160,144,33,35,13,23,13,37,214,155,156,216,152,136,199,159,140,206,158,134,67,125,161,65,104,160,79,116,175,74,117,176,65,121,156,79,107,173,205,145,151,211,144,146,214,147,140,202,151,143,205,165,156,203,153,147,201,150,135,199,147,157,217,161,136,197,146,138,77,117,163,76,106,170,74,127,159,77,112,167,71,106,155,68,124,162,85,125,172,194,149,143,197,145,155,200,154,145,209,144,154,202,151,138,193,155,147,210,166,150,200,146,147,66,107,156,63,104,177,70,107,159,75,114,174,83,123,155,81,121,161,65,103,155,69,123,167,67,105,163,66,104,167,194,148,151,206,166,145,208,143,145,214,156,138,74,109,158,71,111,167,67,104,172,82,122,160,83,112,168,76,120,168,64,105,161,75,107,166,69,123,169,70,123,170,63,115,175,74,118,170,78,114,171,79,113,165,71,108,153,73,122,160,63,127,161,64,118,169,74,127,171,70,108,156,70,124,160,71,120,176,64,127,160,81,115,164,68,108,160,81,113,176,85,114,171,63,125,175,74,121,171,67,121,159,78,120,162,68,118,154,65,104,160,82,110,153,79,118,153,73,122,159,67,113,175,68,113,154
0,63,107,171,85,107,177,146,99,89,145,94,100,164,95,96,66,113,162,73,107,158,86,116,173,78,123,163,68,125,170,85,122,164,150,104,96,148,95,87,166,105,87,67,108,176,63,125,171,75,127,171,64,108,172,153,102,85,163,101,81,158,87,88,86,105,160,74,113,158,83,105,175,84,123,176,73,117,153,71,109,160,165,85,89,151,86,101,143,84,90,77,126,166,68,116,168,75,114,170,75,106,168,81,123,177,164,90,83,157,85,79,152,83,88,201,146,135,203,148,145,198,166,135,210,145,143,162,102,93,165,83,91,163,88,97,76,108,154,66,113,159,69,116,175,80,126,176,80,111,174,72,112,160,146,84,90,161,100,93,147,84,89,193,156,135,202,164,153,212,158,139,196,143,139,148,103,87,145,98,81,152,95,93,78,124,161,65,123,170,75,108,164,75,114,158,77,104,161,77,117,161,200,151,151,144,87,102,165,104,81,145,104,89,210,156,157,211,150,150,144,95,94,156,100,99,158,101,85,208,152,135,75,125,154,79,121,169,81,124,172,67,106,177,77,108,158,69,109,157,194,156,135,164,96,84,163,87,97,151,93,101,195,145,145,210,155,150,153,91,94,157,83,100,162,101,94,206,146,146,67,107,171,81,121,177,66,106,171,87,106,162,80,114,166,201,155,153,208,161,152,208,144,138,151,95,82,162,102,99,165,95,79,155,93,100,150,84,101,158,91,89,193,153,142,202,151,148,215,164,136,70,107,162,86,117,177,73,111,176,76,122,173,195,149,147,199,156,156,208,167,149,24,14,29,198,145,142,215,159,145,197,167,149,211,143,138,19,19,14,200,144,147,194,154,155,199,151,144,77,119,165,83,106,174,63,110,164,78,122,167,198,158,151,210,154,144,198,151,156,35,15,22,193,155,134,198,161,157,199,150,153,200,164,139,21,33,26,209,143,157,217,164,133,208,147,153,68,122,153,70,111,172,72,125,175,83,111,166,205,154,147,201,149,147,202,164,149,212,155,151,196,143,149,214,154,150,213,162,152,202,152,154,196,158,135,203,151,153,203,151,141,213,165,153,72,109,157,79,127,160,64,122,165,84,113,174,67,126,153,213,158,142,201,156,145,205,166,134,211,165,151,19,23,36,35,20,34,210,163,148,214,154,149,202,148,154,210,148,142,66,118,157,86,111,176,80,127,158,84,113,173,65,110,164,70,126,162,206,153,144,201,161,142,207,146,148,194,163,151,211,162,135,208,149,149,196,164,145,209,152,146,194,147,137,199,153,146,81,117,157,73,125,158,87,105,168,73,123,158,73,123,154,63,117,161,69,127,177,198,161,157,198,158,157,217,145,137,212,156,153,206,155,146,208,155,133,194,160,139,216,154,133,73,127,169,69,103,174,63,123,176,70,110,175,74,112,157,66,115,169,81,112,158,65,104,162,72,117,176,79,122,169,203,156,154,197,153,148,204,167,139,198,155,133,70,110,176,67,109,176,63,121,169,68,106,164,85,123,154,75,123,161,87,120,172,64,122,154,84,106,173,63,104,175,66,116,167,75,106,170,71,118,175,67,109,175,84,123,153,72,116,174,66,124,169,71,122,172,85,107,166,66,119,176,82,106,162,66,106,168,69,122,159,87,111,169,69,114,175,76,112,158,64,120,168,69,125,168,73,110,153,63,124,155,66,121,174,78,107,155,87,119,155,86,126,156,71,123,160,77,112,161,77,104,156,68,104,162
0,74,124,163,76,126,156,146,107,79,143,87,99,163,88,88,74,117,172,71,126,155,74,113,158,66,115,165,77,111,165,85,118,166,163,88,81,147,105,101,144,88,81,76,121,168,81,124,167,68,122,165,87,114,172,143,104,101,147,98,93,146,96,92,64,105,161,83,113,153,85,124,169,87,126,171,86,121,160,84,113,169,159,105,100,162,86,91,164,106,85,78,114,174,84,123,165,67,120,172,64,103,173,68,119,168,158,88,80,167,98,88,150,93,86,194,159,140,210,163,145,205,150,135,207,157,151,157,85,93,157,93,81,158,106,98,63,106,165,76,104,170,80,103,155,82,122,173,72,119,170,69,123,174,157,93,89,144,90,92,153,100,102,212,162,148,215,164,144,215,157,136,196,167,154,150,83,88,154,103,87,160,99,89,85,106,154,68,118,157,85,126,176,76,106,161,82,109,159,66,115,159,207,149,155,153,86,102,156,84,98,164,101,81,217,157,147,214,161,149,147,98,78,159,106,79,160,96,96,208,159,157,68,125,171,68,126,157,66,115,174,82,122,163,79,115,166,82,125,177,200,151,145,153,92,92,147,87,91,162,105,101,209,152,155,210,153,155,166,100,98,149,89,84,162,105,87,214,154,154,67,125,173,68,119,170,85,123,163,85,106,177,74,120,168,211,161,154,215,156,154,216,160,142,156,83,94,146,83,90,147,84,99,144,89,86,167,88,87,164,91,82,194,165,142,199,167,150,194,154,147,66,122,174,86,120,160,86,123,170,75,110,169,215,152,155,214,144,145,205,156,154,23,30,14,193,166,141,199,162,157,207,150,153,215,165,153,24,37,31,210,166,152,199,167,156,199,152,147,68,124,155,68,108,176,79,106,165,64,116,161,210,151,137,198,161,141,193,153,147,35,17,14,197,153,152,194,167,153,212,164,142,208,161,150,24,15,35,203,159,140,198,159,135,209,148,146,80,120,165,65,114,160,69,124,163,73,114,162,199,167,152,209,158,150,217,163,133,196,164,144,207,150,153,212,162,140,194,164,143,205,146,145,201,160,156,202,143,149,217,154,149,209,157,148,64,112,173,69,113,169,65,106,158,87,120,170,63,123,155,199,164,153,217,149,154,206,146,139,210,165,156,37,26,33,15,36,34,197,143,147,215,153,134,195,145,134,198,151,150,65,121,160,71,116,165,77,123,165,76,113,153,75,124,156,80,103,173,216,162,135,217,166,151,194,165,135,204,159,136,202,164,142,212,145,142,217,157,145,205,164,133,208,148,150,200,147,156,75,120,162,83,107,162,84,126,173,74,103,170,80,107,156,64,103,171,82,115,170,210,145,142,199,166,156,216,154,139,206,163,149,197,148,138,200,162,141,199,146,138,214,161,134,87,120,167,83,120,155,72,124,155,71,106,159,86,121,168,73,114,157,84,123,160,66,112,172,65,109,163,78,117,163,212,164,142,215,161,137,211,161,144,203,156,138,63,113,160,70,125,176,83,116,161,74,107,174,86,113,168,77,117,164,87,112,168,80,106,158,83,122,155,71,107,170,69,111,176,83,105,176,65,103,169,83,103,171,81,115,177,81,109,154,80,111,170,80,118,173,87,107,164,75,110,177,81,126,162,67,117,169,79,105,165,74,119,153,84,110,172,84,108,177,79,107,167,68,108,171,81,124,157,86,126,168,74,104,160,87,118,160,65,111,164,70,104,174,69,119,164,75,118,167,64,104,173,73,106,175
0,79,123,161,86,111,171,160,101,83,155,103,90,154,101,98,65,119,161,75,110,169,75,114,164,78,118,172,63,119,157,77,108,160,145,99,98,151,89,82,148,88,89,82,125,156,84,110,166,73,126,156,78,124,168,158,89,96,148,103,91,143,90,79,67,121,171,68,107,173,79,104,171,67,104,158,71,108,169,75,122,171,163,83,101,166,104,87,145,89,92,82,118,168,68,110,166,82,107,171,87,108,172,84,119,161,148,106,99,153,97,97,161,85,85,205,155,137,196,143,139,209,159,154,206,147,152,146,88,93,162,102,79,160,99,102,66,105,168,84,107,172,80,103,177,84,123,166,79,116,164,64,125,169,156,90,93,167,95,89,161,106,102,215,161,136,206,147,141,208,167,140,195,152,152,160,96,86,149,83,100,166,83,96,79,106,169,63,115,173,69,125,163,76,114,156,67,116,173,81,111,161,210,156,151,154,102,86,164,95,102,149,96,95,210,158,138,204,160,150,158,91,87,161,94,102,165,95,101,197,164,136,86,110,167,85,108,156,69,119,165,73,120,172,85,124,175,64,108,165,213,143,135,147,98,97,156,85,80,151,90,89,195,162,134,216,155,145,162,103,94,152,105,97,144,107,83,213,158,147,63,109,174,79,112,159,64,122,169,79,125,160,82,108,174,194,154,140,213,143,138,195,151,157,155,94,99,155,95,96,149,99,78,166,105,80,145,100,87,166,100,96,204,154,141,200,162,139,207,155,151,63,111,158,76,119,156,80,105,169,72,113,156,209,151,150,211,151,155,207,155,151,28,37,20,217,153,157,207,164,147,211,143,148,196,151,135,25,33,20,214,165,140,203,156,144,209,160,133,85,111,160,72,105,165,84,126,163,65,120,158,208,153,144,199,161,141,198,166,154,19,28,36,199,150,156,200,151,139,200,149,140,212,154,137,37,16,16,195,164,154,208,162,133,217,160,134,78,114,172,73,118,171,71,118,158,87,119,161,205,150,157,211,147,134,209,156,148,210,144,149,204,155,154,217,148,147,196,165,149,207,153,155,193,143,154,199,155,151,196,153,144,212,151,138,80,111,160,71,118,172,73,114,158,78,116,159,76,125,177,204,154,145,201,157,138,211,147,151,214,150,136,36,21,20,30,26,25,199,147,156,197,158,133,198,156,148,197,163,149,80,126,163,78,112,161,80,121,154,75,106,175,68,104,159,71,118,173,196,157,156,203,151,144,204,160,150,201,154,133,206,146,144,214,162,139,211,161,153,213,160,138,217,152,144,203,164,149,78,127,176,77,105,165,82,112,167,83,107,158,83,113,166,83,122,171,75,105,155,198,153,140,203,153,153,202,165,141,212,163,145,201,157,157,204,166,151,209,157,146,198,148,133,67,126,160,84,111,176,85,126,155,69,108,165,66,106,155,78,120,154,63,127,165,79,127,155,66,111,172,67,105,173,205,152,140,200,166,142,207,163,137,197,159,138,63,104,174,74,113,168,77,120,161,80,117,157,85,120,158,81,122,167,83,126,173,81,116,169,83,123,170,72,114,168,80,110,155,77,112,164,76,111,157,72,103,153,79,127,157,74,112,168,80,103,175,78,127,168,72,103,177,76,112,172,70,103,170,74,109,166,80,116,165,70,108,175,86,123,165,75,110,161,65,116,173,70,119,177,82,125,174,71,112,173,86,120,161,76,109,155,68,107,162,66,123,167,82,117,161,85,122,168,69,113,153,67,104,170
0,63,108,156,72,111,157,165,97,101,143,90,80,147,83,93,69,113,166,72,118,164,77,125,154,73,105,177,67,104,161,87,115,155,160,98,83,149,91,90,143,86,102,85,110,165,87,117,160,86,104,159,77,126,177,146,99,99,149,98,90,164,92,88,68,123,176,64,126,170,79,106,161,78,123,162,69,114,154,84,109,156,150,103,91,153,83,83,151,101,81,75,110,153,64,121,175,78,125,172,67,114,177,65,110,158,158,85,99,162,93,102,163,84,79,204,163,137,215,160,136,197,158,140,203,160,153,167,94,92,166,89,78,165,95,89,86,107,161,64,118,175,77,120,162,80,125,168,69,121,158,80,114,163,166,97,86,162,100,83,145,99,82,207,152,141,210,154,147,193,167,153,209,155,156,148,83,97,154,107,97,150,93,101,65,124,170,75,109,169,84,118,177,80,107,172,72,113,166,83,113,156,196,159,154,145,84,82,148,84,84,146,98,84,196,144,151,213,155,154,158,99,97,165,101,86,144,94,85,212,165,135,63,109,173,78,105,167,83,104,164,80,126,166,74,125,154,82,111,169,194,166,135,152,85,84,159,86,81,166,90,95,205,149,139,209,164,140,161,103,83,160,106,95,156,106,81,217,163,151,74,124,167,85,124,166,66,108,158,80,115,169,73,124,158,210,162,147,204,153,150,203,154,146,167,103,91,166,93,97,150,101,95,149,95,102,160,106,86,154,97,92,205,143,156,194,152,152,193,159,137,72,103,162,70,109,163,63,127,175,71,120,169,210,161,151,197,146,134,207,154,137,17,21,24,211,150,140,201,152,135,211,155,151,199,166,135,36,23,28,198,158,155,215,161,136,212,163,142,64,126,171,75,105,177,64,127,163,74,116,166,196,167,140,216,163,152,193,163,157,33,25,14,202,159,134,203,160,151,197,153,149,215,150,137,14,34,36,205,157,157,212,161,149,195,150,146,72,115,157,67,113,155,78,121,176,64,120,165,201,145,145,209,156,157,215,147,157,197,158,150,199,158,145,213,161,139,210,162,156,209,150,140,195,151,157,206,153,154,211,145,136,214,156,146,74,114,159,73,114,172,83,103,177,72,108,164,82,117,172,197,157,134,200,149,154,204,147,157,216,145,136,36,14,20,32,17,22,193,153,155,196,152,147,208,143,143,199,166,150,69,109,170,79,127,161,80,118,172,86,107,175,85,124,153,75,121,174,209,144,141,198,144,142,199,165,152,201,144,147,213,143,135,205,164,141,214,164,144,196,143,142,213,155,140,205,159,155,66,113,168,82,120,155,68,109,169,77,120,175,63,104,160,79,112,163,78,115,176,198,143,144,214,154,144,213,152,140,209,151,134,213,151,145,193,160,141,200,147,143,205,164,137,65,126,165,79,124,172,83,124,160,76,110,171,67,116,162,82,113,167,80,107,159,83,107,171,80,124,159,67,112,175,215,159,137,206,167,137,213,161,138,203,145,150,80,126,156,68,113,157,86,103,177,73,116,166,72,117,176,83,126,161,67,127,159,66,107,158,63,127,172,82,111,172,81,122,160,82,110,160,84,103,164,65,125,177,78,107,169,82,118,175,83,114,158,75,118,168,67,108,159,70,104,166,87,103,161,76,110,176,84,109,177,69,105,158,77,122,168,85,113,167,70,116,165,87,104,172,86,115,176,73,115,172,86,121,172,80,119,173,85,104,169,66,117,167,64,110,169,80,115,176,64,120,165,79,127,173
0,64,109,162,77,115,162,167,92,92,148,96,87,162,84,100,79,107,167,83,117,155,86,119,156,68,127,171,85,120,157,75,116,163,157,83,83,157,101,100,149,97,80,71,113,175,83,125,158,85,126,156,65,106,175,157,103,89,145,99,100,155,106,94,82,108,165,80,115,154,87,108,163,81,124,157,68,107,158,87,125,154,156,92,87,166,107,92,152,103,83,66,107,159,63,122,177,71,103,167,78,118,170,63,122,168,150,89,96,164,98,92,156,97,80,212,162,133,200,160,141,212,163,150,199,144,138,147,84,98,154,84,82,144,104,96,82,112,163,65,104,156,76,108,158,84,112,172,84,125,175,82,121,170,148,97,101,161,94,79,145,107,87,203,154,145,195,167,146,210,145,142,208,147,136,165,91,88,159,96,94,149,105,84,82,104,156,81,126,173,79,105,168,86,125,172,85,112,166,82,113,161,209,161,152,154,87,97,161,98,94,166,103,93,208,148,152,200,165,142,149,83,81,143,97,98,146,106,84,212,156,146,64,113,164,80,123,159,63,123,159,85,112,161,65,112,162,79,120,163,217,143,136,164,93,88,155,106,96,162,83,83,199,153,143,214,158,148,144,103,82,158,87,98,157,100,88,207,156,156,64,119,162,81,126,174,73,120,170,63,109,171,84,113,164,195,147,141,193,153,145,213,160,138,161,102,90,148,102,81,167,92,100,153,105,79,151,96,80,158,90,89,207,152,139,209,152,138,196,154,134,87,109,155,77,119,153,78,119,157,69,113,168,216,159,142,217,153,137,217,146,149,34,17,19,216,144,147,205,165,149,196,143,142,194,164,152,15,23,27,194,146,149,217,164,156,202,143,151,87,112,173,69,113,159,69,112,161,80,113,177,207,164,136,201,147,138,201,146,133,32,30,29,196,149,150,204,160,143,201,147,155,202,161,140,18,15,22,212,153,150,207,144,137,193,158,154,64,106,165,64,105,166,75,108,175,82,121,173,215,165,147,212,154,142,203,149,155,217,164,150,195,167,157,207,161,137,195,165,147,196,157,142,214,163,155,217,157,148,200,150,137,212,151,144,75,108,175,84,113,163,77,118,153,65,118,156,74,118,167,198,152,157,204,162,151,197,159,136,205,165,136,23,30,33,15,22,30,207,155,151,206,150,152,200,160,138,208,155,135,73,109,175,81,116,166,81,113,170,85,110,158,84,124,155,86,125,171,208,146,151,212,157,143,210,146,147,198,152,145,195,162,136,214,162,157,205,153,148,213,164,134,195,149,137,211,167,153,63,127,157,84,107,167,80,112,165,82,121,167,69,109,174,73,112,171,84,112,166,215,154,135,211,143,152,209,155,137,202,144,144,210,144,133,215,160,144,196,152,133,200,156,155,81,115,173,73,125,165,75,115,166,80,109,174,68,118,157,69,120,165,74,116,157,72,124,157,67,103,155,83,103,157,216,158,154,206,147,135,197,163,146,207,165,152,76,122,158,77,119,166,80,117,165,74,110,158,76,122,153,81,118,176,70,125,169,71,116,170,81,114,154,64,121,168,85,114,156,81,118,175,65,107,176,86,119,177,87,111,167,79,105,169,82,105,160,78,123,176,84,124,155,84,123,170,81,112,172,64,113,170,87,103,168,77,119,168,81,126,163,76,114,162,72,108,154,85,122,176,72,126,171,71,104,173,78,121,158,81,104,174,72,126,172,63,112,168,65,107,169,65,111,161,67,122,161,71,111,153
0,86,106,172,68,121,176,147,104,92,154,88,86,165,90,93,68,119,154,73,105,157,82,107,168,87,116,177,75,110,174,77,126,173,148,89,96,166,94,79,163,91,102,66,104,158,77,115,168,72,118,176,87,120,160,155,104,100,155,98,86,147,99,91,63,112,167,75,124,163,79,124,154,66,120,173,74,116,172,83,111,163,151,91,81,151,103,96,155,97,102,84,126,160,86,124,171,87,109,169,73,124,175,68,113,170,143,104,78,145,83,91,146,99,81,214,157,144,200,166,142,201,149,134,193,162,135,144,102,99,149,102,98,146,105,81,65,122,157,75,124,177,83,121,158,66,125,158,71,112,167,84,105,173,157,91,102,156,105,99,167,107,88,201,148,157,195,151,157,194,155,145,203,144,141,151,88,92,145,98,84,162,95,83,83,118,156,67,120,177,76,109,172,83,106,167,85,111,156,64,105,155,211,166,141,167,97,78,158,87,98,163,83,79,214,155,141,197,165,143,155,101,78,159,105,102,158,98,91,205,166,157,65,120,160,63,115,175,87,118,156,81,120,164,73,124,162,75,104,173,213,145,144,160,93,80,157,107,102,152,103,84,198,160,134,205,164,139,152,105,90,146,103,100,154,98,80,213,157,156,69,107,154,69,103,176,81,110,168,75,105,170,83,112,168,210,157,133,194,153,134,203,166,134,155,86,84,163,104,94,157,104,95,147,106,96,150,85,79,166,87,93,213,143,148,212,144,140,215,163,137,63,108,173,64,112,156,77,122,158,81,105,156,196,158,152,212,150,135,199,156,143,36,34,25,203,146,154,211,160,137,203,149,157,194,161,138,23,15,16,201,147,157,206,148,155,204,160,138,77,110,171,64,107,156,83,122,165,87,108,153,208,145,133,193,148,135,215,163,151,22,26,35,217,158,155,197,149,137,213,151,149,207,156,140,18,32,35,194,162,138,215,158,152,195,163,142,74,116,153,80,110,159,66,119,156,82,114,177,210,159,140,207,167,153,214,149,141,194,149,136,197,164,148,208,148,138,214,144,134,213,154,142,199,156,141,203,162,157,207,144,136,216,144,150,68,108,153,78,119,156,65,110,176,77,121,171,73,116,159,216,164,143,200,167,136,203,150,136,200,166,146,19,25,20,15,28,31,208,144,146,197,149,152,207,148,145,204,147,147,86,109,173,74,111,159,73,107,154,85,121,154,71,107,156,77,117,166,198,167,143,200,152,152,198,163,152,198,161,150,200,145,146,209,158,139,211,158,147,201,143,156,206,166,140,200,153,146,81,110,171,67,121,153,76,104,154,78,126,177,79,104,166,79,115,168,85,106,167,208,150,135,210,167,133,215,166,146,199,147,144,202,150,153,195,143,148,214,152,138,215,157,151,86,121,153,77,117,177,67,125,165,68,114,173,77,125,173,63,123,155,75,125,163,79,104,162,76,127,161,85,122,170,211,149,154,195,162,143,216,144,149,214,154,134,66,115,164,77,122,154,74,114,158,83,120,175,65,120,175,87,109,157,73,110,170,66,123,168,86,127,171,85,109,177,86,127,160,73,114,161,79,124,166,71,104,155,74,114,167,78,119,169,66,118,175,80,124,170,72,117,172,74,124,175,65,109,167,65,105,165,68,112,155,66,108,161,66,125,157,78,107,159,79,123,153,72,116,174,80,107,168,74,116,167,86,123,153,72,109,155,63,110,169,83,113,166,81,113,173,83,113,168,81,124,175,79,120,167
0,77,112,171,67,112,158,151,90,93,154,92,102,144,87,89,72,117,158,82,108,175,80,112,158,68,125,175,84,107,158,70,106,154,153,101,82,157,91,89,148,89,95,85,104,174,73,114,157,74,117,170,68,120,162,146,83,90,158,107,82,157,93,82,63,126,170,79,113,173,85,112,168,72,127,171,84,107,171,86,117,163,165,86,101,158,84,82,164,100,81,72,103,165,82,110,167,74,105,163,64,122,173,69,121,169,150,107,86,149,83,80,160,97,99,214,145,149,205,149,148,203,162,152,209,144,154,154,95,82,165,96,89,155,94,78,72,114,164,72,117,170,65,109,176,77,126,166,77,112,158,86,116,176,156,87,96,162,85,82,149,92,93,209,153,135,211,167,145,195,143,146,213,151,146,148,100,92,165,101,102,147,89,83,75,112,170,78,104,162,81,112,168,80,126,167,70,103,153,67,111,162,213,163,148,146,103,99,152,96,83,158,105,98,200,143,136,217,151,148,145,102,101,154,101,93,161,96,86,213,164,148,85,106,164,79,126,171,63,111,158,81,104,157,73,117,175,67,114,158,194,151,144,156,103,89,144,92,87,159,103,80,209,149,157,213,148,157,146,102,102,148,100,88,153,104,87,201,164,155,85,114,156,80,121,164,67,103,157,79,112,164,87,118,166,203,148,136,199,147,149,200,149,150,162,105,94,160,105,95,165,107,81,156,97,80,146,87,78,158,94,87,215,154,137,207,162,149,217,153,138,85,112,153,86,106,160,67,125,157,85,110,162,197,149,137,195,156,155,217,146,135,13,37,28,217,156,134,199,146,134,214,159,151,194,158,136,21,14,15,202,164,133,217,146,136,212,149,151,69,108,174,74,103,155,67,126,161,81,114,164,198,159,157,216,162,140,209,161,135,16,31,37,193,159,139,215,149,142,198,167,150,193,166,136,19,29,35,208,154,155,211,148,147,214,146,138,74,115,166,69,119,160,76,106,177,73,106,167,196,159,137,208,167,144,215,152,150,216,144,135,203,158,136,205,152,147,212,166,142,214,157,140,210,156,142,206,149,135,208,164,144,198,143,154,78,124,156,75,117,169,84,124,155,66,107,165,75,125,171,196,166,138,195,154,139,203,149,152,205,146,140,26,36,28,21,37,35,217,161,151,201,167,153,205,154,148,214,162,145,78,119,161,67,127,167,66,106,161,78,118,160,83,107,153,66,126,154,195,158,154,193,148,145,212,164,143,197,152,152,212,146,157,195,164,157,209,167,148,207,149,142,214,158,148,209,151,150,73,120,170,63,127,154,76,106,165,77,113,165,77,117,154,64,108,170,84,127,162,215,148,148,206,147,142,215,155,148,217,146,151,214,158,154,210,164,150,211,158,148,210,148,149,64,115,161,78,121,165,82,124,164,87,112,163,64,103,171,64,107,164,74,126,171,63,127,173,73,115,156,76,114,164,206,154,134,214,150,140,200,163,142,211,145,155,65,112,156,73,108,153,80,113,154,77,124,166,81,119,166,71,103,175,78,121,153,73,115,171,75,113,171,66,118,156,85,124,159,73,118,169,87,124,163,68,122,162,74,116,159,78,123,155,80,109,162,71,104,162,81,115,160,82,126,155,85,121,156,81,113,161,65,121,169,78,116,159,74,105,173,72,119,162,76,124,170,73,109,166,75,111,172,79,117,174,87,120,158,63,123,175,79,108,171,78,109,174,86,117,161,83,120,172,87,116,171,86,123,154
0,79,109,164,77,107,160,147,106,99,167,92,91,156,93,80,83,109,166,71,112,173,68,111,174,82,110,165,70,106,157,69,103,160,152,97,93,160,96,91,163,84,84,68,111,157,63,111,161,84,120,158,83,104,176,158,83,79,145,93,97,152,85,91,74,124,174,65,115,176,67,110,156,81,126,169,66,119,174,81,127,169,151,98,80,150,102,81,167,93,88,81,126,165,86,126,160,76,109,157,66,108,159,71,117,166,151,101,79,158,100,89,165,86,88,210,156,148,214,150,141,197,154,148,215,154,142,143,103,97,144,106,99,144,105,99,70,111,170,75,112,173,85,114,174,66,120,160,77,115,153,75,111,162,145,107,85,152,89,83,157,103,88,217,163,146,194,151,135,217,158,148,216,156,143,165,96,81,148,105,86,159,85,89,76,122,176,80,126,163,77,125,153,87,104,173,83,108,173,77,123,157,193,155,139,163,92,88,161,85,81,148,90,94,215,167,153,217,147,152,164,96,88,157,98,101,147,91,83,214,161,143,72,109,155,76,114,158,75,115,171,70,103,153,80,123,172,83,110,155,207,149,141,165,88,79,155,102,91,162,91,82,195,154,138,211,146,133,165,99,91,167,97,99,158,86,85,215,149,139,71,112,176,78,115,157,76,109,172,69,112,176,84,109,166,198,156,137,193,152,141,200,162,147,150,94,96,164,103,92,145,83,93,147,93,100,155,104,84,165,95,100,206,166,152,201,145,136,210,144,134,73,110,168,74,122,174,82,125,176,64,103,161,209,162,145,202,155,154,204,147,150,14,31,18,201,148,149,208,153,147,197,145,143,215,159,146,17,21,16,203,144,137,208,151,156,204,156,142,71,122,177,71,119,163,76,108,163,86,118,177,197,160,154,213,157,134,199,147,134,20,18,14,208,151,138,215,157,146,196,158,134,207,154,155,30,28,27,208,146,156,197,146,144,195,149,142,68,108,176,79,111,171,84,121,159,81,103,169,217,161,138,206,145,140,217,158,154,196,153,133,202,164,154,196,155,144,211,146,143,197,143,135,207,165,154,208,157,153,201,162,154,193,153,134,83,122,167,73,126,176,81,107,159,64,123,162,73,104,176,195,160,152,205,145,145,201,148,140,217,155,135,13,19,18,25,37,25,202,163,157,213,147,136,202,158,146,216,152,154,82,107,164,84,106,164,79,109,168,77,115,168,71,121,172,76,105,177,206,154,152,198,156,153,206,145,134,209,153,147,214,150,153,214,165,137,208,159,153,213,159,135,202,157,146,195,158,142,67,107,174,72,110,169,76,112,171,64,120,155,64,119,156,79,116,166,66,117,174,216,161,141,204,151,151,195,167,149,193,146,156,214,157,138,198,155,134,195,156,155,202,153,151,86,117,177,84,117,172,71,113,158,69,108,155,86,122,161,84,106,166,80,103,153,75,106,153,68,123,168,77,125,165,214,166,152,216,158,142,212,162,144,215,164,155,84,115,162,65,107,157,63,109,156,63,125,159,63,109,168,83,107,173,70,116,173,80,109,155,72,127,167,67,118,166,63,106,158,67,126,175,77,118,168,63,117,171,70,109,162,81,115,154,73,103,156,83,125,166,76,118,176,81,122,176,80,112,154,78,115,168,79,121,176,82,124,168,70,125,154,79,103,166,81,113,170,65,111,173,76,118,156,78,122,173,74,117,175,76,103,158,72,126,159,78,114,167,70,119,160,81,124,163,82,125,174,77,107,162
0,86,125,165,76,124,173,166,94,93,148,102,84,152,105,101,65,124,168,67,108,159,68,122,168,66,116,168,72,110,159,80,104,153,154,91,89,164,88,83,159,84,80,73,116,156,82,110,156,80,110,168,71,113,164,167,84,102,160,91,82,165,99,97,84,106,175,64,117,167,87,106,156,82,122,156,80,104,169,66,108,173,146,89,89,148,106,87,165,97,102,79,118,176,66,107,173,74,113,157,66,109,167,76,127,177,143,90,93,153,92,94,148,85,86,204,165,157,206,154,153,214,150,137,217,167,149,156,90,82,156,96,91,157,99,99,74,103,167,67,127,153,85,119,155,65,113,163,75,127,158,76,104,165,167,84,99,163,87,96,144,103,100,214,159,142,206,155,154,215,160,142,216,166,143,154,83,86,159,102,82,165,95,92,83,109,170,82,122,173,77,125,164,83,115,177,69,112,155,64,120,163,205,166,156,166,87,94,160,92,84,145,99,95,202,159,143,217,163,138,143,83,95,161,91,85,167,92,101,206,159,136,86,104,164,71,123,169,74,106,154,87,123,156,77,112,171,86,103,167,203,150,156,161,101,100,163,104,95,162,90,89,202,152,154,215,161,154,147,105,90,159,106,85,146,93,94,211,149,157,74,117,156,67,125,166,76,105,155,64,116,157,78,109,167,195,154,154,209,155,151,210,159,157,155,91,96,158,103,91,157,105,93,166,96,83,147,99,82,158,105,92,197,165,149,209,146,155,199,157,148,64,126,158,80,114,156,82,116,156,66,114,171,202,144,149,197,146,144,202,154,142,22,28,13,197,147,151,206,144,142,202,149,138,216,158,133,16,30,24,195,144,146,208,161,142,211,157,143,75,118,176,82,107,177,67,119,173,77,127,167,214,157,137,216,153,135,212,164,152,26,25,20,205,153,150,194,164,147,216,151,153,195,148,155,13,31,33,217,165,142,210,163,136,213,160,135,69,122,170,81,127,154,81,119,159,87,118,169,193,146,154,210,148,133,201,149,140,215,161,147,195,160,152,203,155,151,194,158,133,203,156,138,206,143,149,203,155,141,195,146,136,210,148,142,67,108,161,87,105,157,72,116,174,68,104,172,73,108,153,215,144,142,205,146,143,197,156,143,201,155,136,14,19,20,37,32,31,200,158,149,217,159,145,196,151,134,203,157,150,76,105,168,63,116,173,70,103,161,80,121,174,66,110,177,80,123,157,202,161,146,207,145,153,209,149,137,204,160,138,200,160,146,210,157,134,193,157,152,202,163,138,193,144,148,201,162,141,84,115,164,83,109,171,79,112,154,68,126,170,81,105,162,65,115,175,66,107,176,210,151,146,199,162,149,203,164,143,213,151,157,215,157,141,200,164,143,203,149,147,212,153,133,85,107,173,63,122,168,63,103,174,68,116,170,85,125,168,87,115,170,65,123,173,65,120,153,84,117,174,66,114,165,212,154,145,198,167,155,193,146,147,204,149,147,63,110,176,63,127,161,84,125,164,69,105,172,83,112,175,70,110,168,74,104,161,78,125,175,82,109,153,69,123,165,66,111,171,79,118,158,80,109,174,86,121,174,84,122,171,68,105,171,67,126,155,67,111,171,70,119,176,71,109,174,63,125,174,80,122,161,84,120,167,63,116,173,84,123,154,73,116,166,71,106,174,79,117,168,74,119,177,64,126,160,64,111,166,80,117,163,63,115,159,73,105,171,63,126,160,85,116,155,70,109,158,73,112,155
0,83,123,156,63,118,166,143,101,98,153,91,85,146,98,85,73,104,163,79,110,155,87,122,172,77,127,156,83,117,171,66,105,154,144,95,88,165,85,82,144,97,79,72,122,173,76,105,156,84,104,170,64,112,165,155,86,97,167,96,85,162,104,97,63,117,165,77,116,172,82,106,163,83,124,153,77,119,163,81,109,156,146,83,97,165,85,96,149,101,82,83,119,161,74,116,168,86,122,167,68,110,157,64,104,157,152,101,91,159,103,102,154,92,96,210,167,137,197,158,142,212,153,142,204,143,149,161,104,99,147,84,85,159,100,79,76,114,159,69,123,159,65,113,159,84,118,175,85,117,172,85,113,171,161,93,97,152,96,88,148,86,92,194,158,140,193,163,140,215,150,147,212,149,140,158,106,102,153,106,90,149,95,83,63,114,153,65,114,153,80,106,157,72,117,159,83,121,177,74,104,153,199,149,142,148,90,86,166,88,88,160,90,83,199,143,138,201,146,133,164,87,90,163,86,88,149,92,92,200,154,144,84,108,169,82,116,175,65,106,157,67,109,159,80,115,175,74,113,172,206,163,140,144,107,97,161,89,95,152,87,88,200,144,153,201,147,149,161,98,84,166,85,93,164,102,80,198,159,145,87,123,177,79,114,168,79,117,158,73,125,164,79,125,168,215,158,148,201,161,145,213,161,153,144,89,85,149,97,85,155,89,87,156,95,96,148,94,86,160,85,82,217,145,142,207,159,144,200,161,134,77,119,172,73,116,167,77,116,166,74,118,163,201,155,133,198,157,140,201,163,135,24,15,22,209,159,150,213,145,141,200,146,136,195,154,134,30,19,23,199,164,143,201,152,156,217,164,141,69,125,172,67,127,175,86,120,161,63,127,162,202,154,145,205,161,157,213,143,148,33,29,37,197,155,140,200,166,156,199,158,140,209,161,150,37,27,36,207,153,135,203,149,146,217,165,146,69,117,167,80,103,164,67,121,157,72,126,153,208,164,144,203,150,146,206,164,157,205,167,157,215,160,142,203,161,133,211,144,137,197,153,151,213,162,152,211,155,145,199,155,135,210,155,139,78,106,163,81,117,173,72,105,158,66,124,170,68,104,175,212,158,133,198,149,135,205,152,139,200,152,154,29,15,27,14,24,29,193,148,143,206,155,138,196,147,150,206,158,156,65,115,159,67,109,162,76,125,174,78,108,172,81,112,171,69,119,175,214,157,141,199,143,137,207,145,145,212,150,149,203,161,148,207,157,151,194,166,135,202,163,147,204,165,155,202,155,152,68,116,160,68,122,176,76,117,165,84,108,175,81,106,165,85,104,160,68,111,173,210,152,154,195,165,156,216,149,148,206,167,150,196,154,135,217,146,149,217,167,143,206,157,138,71,109,169,64,117,153,65,123,175,84,126,167,75,113,176,75,109,165,64,103,161,66,125,157,73,124,176,77,118,167,195,145,150,214,150,155,207,147,148,201,148,138,63,122,156,68,112,156,80,126,165,68,105,174,87,103,174,71,107,167,74,108,159,85,104,174,80,109,167,85,104,173,79,123,174,85,124,156,75,125,162,77,104,172,63,104,177,75,127,159,70,114,160,69,105,153,76,103,153,73,109,174,84,105,160,66,124,158,86,108,154,76,119,156,73,113,170,83,109,172,69,120,165,76,106,160,69,106,164,73,108,153,75,123,163,63,115,159,77,110,155,84,111,173,82,114,154,65,109,166,72,127,172,78,106,175
0,80,121,158,71,106,172,153,103,100,155,104,102,165,87,88,68,123,177,85,113,174,78,105,163,63,122,171,77,115,169,83,126,160,159,101,100,143,90,78,162,107,81,72,110,176,76,127,160,82,105,154,67,114,168,152,89,82,155,89,98,144,90,101,82,117,176,73,107,161,73,123,177,64,119,166,83,112,177,63,110,176,153,93,85,149,100,79,164,90,99,85,126,160,82,115,169,73,108,167,83,103,155,78,105,159,144,103,82,149,87,80,148,101,95,199,150,149,195,156,156,207,152,138,216,149,140,156,88,97,150,92,87,161,97,98,69,111,168,65,114,165,75,108,168,77,116,169,82,126,166,87,107,168,143,107,90,156,85,102,152,102,95,197,160,156,198,151,145,207,152,147,202,155,150,162,98,80,153,87,100,158,89,82,69,103,153,79,126,176,74,118,165,76,115,176,74,115,168,72,123,171,195,156,134,146,95,96,148,89,102,156,91,102,217,166,144,209,165,148,163,105,89,165,84,98,155,96,101,200,150,148,64,114,173,85,124,153,85,124,173,67,111,172,77,124,157,71,110,172,211,164,138,143,86,102,145,103,100,155,95,100,211,145,149,199,156,138,156,91,100,152,99,95,164,95,96,202,166,146,87,126,155,66,123,171,87,114,157,71,126,159,86,115,175,202,143,138,208,143,136,195,167,155,156,99,91,163,92,101,156,88,83,154,88,100,147,89,93,148,99,81,207,161,139,198,149,134,216,148,157,69,111,166,77,123,172,66,123,158,65,112,155,205,146,141,195,153,133,211,150,148,28,34,37,196,143,134,201,167,133,214,161,134,196,149,149,13,25,32,209,167,141,208,158,157,203,162,146,73,114,174,73,113,160,74,124,165,75,122,154,204,153,136,193,157,155,205,166,137,13,32,16,209,151,155,217,150,144,207,162,154,214,158,149,26,34,19,193,163,143,193,163,144,194,166,143,84,117,160,82,118,165,86,122,155,74,116,168,214,165,136,216,155,142,212,149,155,197,159,151,215,159,134,197,158,135,202,164,150,207,148,147,196,158,154,210,150,140,199,148,157,214,165,135,66,116,175,63,108,163,75,127,161,70,126,161,84,118,174,196,164,137,210,163,156,208,145,155,203,150,151,37,32,15,33,23,25,215,166,156,216,155,153,213,160,146,200,150,141,66,112,155,66,105,163,86,121,159,86,106,171,74,107,163,75,121,176,193,152,134,211,160,139,205,156,143,217,154,154,197,159,154,212,161,140,196,155,133,210,157,143,197,152,140,208,164,147,67,122,162,67,126,174,85,104,172,73,112,169,85,106,161,85,121,168,83,109,168,202,165,145,194,153,137,215,149,156,200,165,156,194,167,138,208,166,145,202,164,138,193,160,145,73,116,174,78,114,177,75,115,155,79,126,162,72,125,159,85,120,165,66,107,163,87,121,154,85,112,167,83,108,171,197,157,155,208,152,137,199,149,156,199,166,153,63,114,176,81,106,174,67,115,166,84,108,154,66,114,168,68,104,156,79,123,163,81,116,157,83,126,165,70,104,156,70,115,168,72,125,172,68,123,176,75,127,175,84,124,155,87,117,173,75,111,173,83,117,164,63,106,156,65,106,168,83,124,169,70,103,171,81,121,168,71,125,176,66,121,158,75,118,173,85,116,162,81,107,156,73,105,175,80,108,165,85,103,165,80,120,169,78,105,169,81,120,175,83,106,177,87,109,174,66,108,172,85,108,153
0,80,117,163,66,104,157,161,89,98,148,85,95,151,107,79,65,106,169,72,114,170,68,116,174,63,110,162,64,119,162,84,120,167,147,101,93,165,93,94,154,102,95,79,109,175,66,124,154,70,104,159,67,112,159,147,102,95,149,101,89,151,87,101,82,116,155,80,111,161,75,123,158,75,117,155,71,124,166,85,107,170,149,85,98,166,91,98,165,103,84,85,114,171,84,123,169,82,108,166,67,113,166,75,103,172,150,85,86,146,100,81,164,100,91,195,153,153,195,154,143,217,151,137,200,151,133,146,95,85,155,86,81,148,99,101,72,121,168,66,119,164,85,121,162,80,111,172,66,104,158,73,127,165,148,94,101,164,100,95,162,95,93,211,147,141,193,164,149,215,147,154,197,147,145,161,106,86,144,106,98,154,105,102,70,124,172,76,125,167,68,117,164,77,119,162,71,116,169,85,110,162,213,145,142,156,107,88,145,103,80,145,106,85,195,148,151,194,145,156,152,100,93,143,96,99,159,106,82,208,158,149,84,124,170,85,106,165,63,122,159,86,103,175,76,125,170,86,114,160,216,164,149,164,102,79,162,97,83,164,107,94,200,148,135,204,147,149,154,84,91,158,95,83,154,86,88,214,150,150,87,106,162,72,118,162,71,109,153,86,123,171,75,109,162,213,159,134,207,162,148,194,154,133,162,97,88,152,94,81,143,94,101,148,95,89,143,86,91,158,89,80,209,159,137,206,146,148,193,147,157,84,111,160,78,115,164,72,114,166,68,120,161,196,157,154,207,148,137,204,166,146,13,24,35,199,146,139,202,144,137,205,156,156,203,144,138,34,19,28,214,151,136,206,158,150,208,164,155,67,113,177,87,127,165,79,126,176,75,107,156,196,143,137,197,154,149,193,167,154,20,14,34,203,156,152,216,143,146,208,152,142,208,145,157,26,20,32,197,166,149,198,150,141,217,146,141,85,110,174,76,109,168,85,106,175,86,119,172,198,149,151,213,163,137,200,146,137,205,144,141,199,147,146,193,162,139,195,144,145,206,159,142,215,163,140,200,153,146,208,144,149,206,163,134,72,106,161,74,111,164,85,116,160,73,104,158,64,103,154,214,166,143,199,152,148,201,162,136,206,148,141,28,24,23,22,16,16,214,143,154,210,167,137,203,154,156,204,166,157,81,119,172,74,110,173,71,109,171,75,105,156,67,123,176,82,106,154,211,163,139,199,165,147,196,145,150,212,153,142,216,158,157,199,160,156,197,144,137,199,156,150,215,151,157,210,154,144,77,123,175,66,116,155,78,116,169,79,103,158,82,111,175,67,112,154,81,104,175,199,166,145,208,164,150,209,145,138,207,167,149,205,160,157,205,155,152,201,149,138,193,148,151,69,121,175,63,119,167,79,125,176,79,111,162,70,112,175,71,120,156,68,110,154,80,110,162,64,123,157,71,107,161,194,163,140,199,160,136,193,163,144,213,162,144,73,105,175,80,111,176,67,116,172,72,113,154,83,103,164,70,126,161,68,111,153,80,124,177,87,121,156,86,126,175,75,123,161,83,123,172,80,109,167,70,113,161,69,121,173,87,115,157,77,110,176,86,116,164,67,118,155,78,108,167,68,108,159,81,118,176,68,123,162,63,112,158,68,115,174,82,109,155,67,105,166,70,117,173,75,106,176,79,107,176,87,103,172,66,115,165,63,106,153,87,123,154,67,110,177,65,111,157,83,122,153,63,106,170
0,86,113,175,65,109,157,158,107,96,157,88,87,153,98,82,70,104,170,85,111,173,80,106,153,64,106,170,72,106,169,76,107,153,150,83,85,156,95,82,154,103,87,70,124,165,84,125,156,78,108,156,70,106,162,154,85,97,153,86,89,145,84,97,67,108,166,79,113,172,68,124,166,67,124,174,72,122,162,74,106,161,158,104,89,151,105,80,143,87,102,83,107,163,67,115,167,86,118,155,66,121,166,86,111,157,145,93,82,148,107,90,154,93,93,206,158,155,206,162,153,203,147,153,200,155,146,160,98,95,160,98,95,160,90,90,65,121,175,76,119,171,87,125,176,70,125,155,70,114,153,69,103,164,160,98,82,146,84,89,154,107,82,202,157,137,210,156,140,199,150,134,216,147,136,165,105,82,155,106,78,165,96,89,64,125,156,84,121,155,78,122,158,63,107,164,67,105,160,65,103,171,206,147,157,148,98,101,147,106,94,165,92,93,206,166,143,207,163,155,143,92,81,147,84,98,144,102,102,198,159,138,63,115,166,84,117,170,85,111,171,79,112,175,70,116,158,71,105,169,205,147,156,149,95,97,144,90,90,148,106,95,212,145,155,207,158,143,163,103,90,155,88,79,154,103,91,199,151,136,66,105,164,82,127,163,63,110,162,68,120,156,65,109,172,193,167,142,199,160,139,213,144,140,151,85,96,161,84,96,158,84,79,153,85,87,143,94,102,152,95,94,199,153,157,205,166,144,197,165,154,66,113,166,86,119,156,79,127,157,63,121,165,208,161,134,202,148,137,214,157,135,33,15,35,200,149,154,213,147,157,215,148,149,209,166,152,33,29,37,203,157,137,203,152,144,212,156,134,85,127,174,75,110,159,82,122,155,67,121,173,208,146,133,197,167,142,210,145,148,16,27,23,198,152,138,195,151,151,204,154,135,195,148,155,37,27,21,208,151,157,207,163,137,196,161,148,64,114,162,75,116,172,84,107,167,74,119,172,203,154,135,214,156,149,207,151,154,194,162,153,194,166,140,215,160,133,197,146,142,205,148,151,205,145,140,205,157,154,195,154,147,207,163,150,77,106,155,68,126,156,75,127,166,69,115,163,65,113,163,212,158,139,215,166,148,196,151,147,194,160,137,28,17,33,19,23,31,194,162,157,205,144,144,206,158,139,194,149,133,87,124,166,71,111,173,68,105,157,65,111,165,65,112,175,77,116,169,199,164,141,198,144,135,206,153,157,202,148,139,204,156,148,208,160,155,198,165,146,204,165,151,205,143,150,212,149,135,86,124,171,82,107,163,84,126,176,86,126,163,63,107,167,67,118,163,66,124,166,201,159,156,193,157,137,213,157,153,211,146,134,199,166,139,206,165,150,217,148,152,205,149,144,69,109,174,81,103,164,74,103,162,72,119,156,85,118,173,77,116,166,74,114,170,76,119,177,73,106,158,77,116,164,198,160,152,198,160,146,205,152,154,215,164,146,83,112,175,82,106,155,66,105,173,63,122,166,66,118,176,87,122,170,66,123,167,79,121,154,84,112,166,69,110,177,77,120,165,66,109,168,66,114,167,76,123,175,86,115,153,74,110,169,72,111,174,71,112,166,84,110,153,76,104,153,63,107,164,79,126,172,73,113,158,81,116,160,80,115,159,82,123,165,64,121,166,67,123,165,86,108,165,73,119,158,76,110,156,85,107,169,66,123,171,75,127,173,71,120,158,73,109,155,65,103,166,63,123,177
0,81,107,153,82,125,170,145,101,90,143,106,101,147,97,98,83,127,164,68,110,173,70,112,159,80,110,176,87,115,177,71,124,154,151,85,82,163,83,98,161,86,81,77,122,156,66,107,162,71,108,155,65,118,164,149,95,81,158,83,91,145,98,98,65,109,174,76,115,163,83,117,158,68,112,153,68,124,171,83,122,154,146,93,89,158,102,97,160,83,83,79,126,161,66,109,172,63,120,153,79,119,177,67,109,164,146,89,78,153,87,85,145,106,100,197,151,141,208,149,135,204,165,150,213,152,147,166,98,91,159,95,84,151,88,84,84,125,161,75,106,171,87,121,162,68,109,176,78,116,167,76,122,176,151,93,97,146,102,90,156,89,96,204,154,153,195,157,138,194,159,141,211,156,142,162,103,94,154,95,78,146,88,88,76,108,164,70,105,159,84,114,164,67,127,163,66,103,163,85,103,175,203,149,147,161,93,85,160,85,90,152,102,84,209,149,136,210,151,155,162,104,80,161,103,91,164,107,91,203,153,139,69,104,168,78,104,161,76,106,156,77,108,172,73,121,165,70,121,153,202,143,153,161,83,92,152,87,90,144,100,94,194,153,153,193,145,148,146,96,101,152,91,88,167,94,90,195,160,157,73,118,172,64,115,162,85,117,168,83,106,164,82,106,153,200,144,133,197,146,143,215,166,146,150,88,80,149,106,89,160,83,100,144,91,79,146,84,87,145,91,88,215,162,145,201,165,138,197,161,147,66,107,163,67,127,171,76,123,167,84,106,169,209,150,151,208,164,148,201,153,157,36,28,20,195,151,157,202,165,135,204,160,140,214,163,156,19,35,15,195,158,134,199,143,154,199,157,145,69,118,156,73,109,171,87,119,169,73,127,162,215,157,153,197,159,136,197,150,144,25,27,32,209,149,157,205,149,135,201,156,138,214,152,151,33,16,17,207,146,156,196,150,133,207,148,141,63,118,174,79,117,164,71,106,170,65,114,166,199,147,145,209,156,149,203,144,147,201,154,136,194,163,145,216,156,139,202,149,145,198,162,141,209,162,148,209,156,136,214,144,153,200,146,140,66,104,154,81,111,160,65,120,156,71,110,172,85,125,165,205,155,136,200,166,155,201,158,139,198,149,144,33,22,35,32,22,36,193,146,138,209,165,152,208,166,142,215,150,138,73,124,155,68,108,163,77,107,153,84,118,166,73,103,158,71,105,158,214,167,133,212,154,148,211,143,148,200,158,136,194,143,151,214,152,140,209,159,138,217,147,157,196,146,142,216,153,147,78,126,164,80,111,174,78,111,164,77,103,164,72,125,163,79,127,174,82,118,156,201,164,149,216,163,133,197,156,140,214,147,144,208,143,140,211,166,155,206,154,139,216,145,139,75,123,156,71,123,174,80,117,169,68,111,174,74,113,165,81,116,161,72,109,154,81,119,175,73,122,156,76,117,171,204,152,136,193,158,154,197,157,154,197,159,142,82,120,174,68,112,168,72,105,162,63,117,154,69,112,171,66,104,168,72,103,166,74,124,153,64,111,157,74,112,169,84,127,170,67,105,175,71,107,176,69,116,171,65,112,160,64,118,164,70,124,173,75,116,165,66,111,162,82,112,158,81,116,174,73,121,157,84,127,159,71,107,166,80,109,162,72,105,162,81,123,167,80,108,165,76,106,157,79,117,175,73,119,174,85,114,167,74,116,167,76,116,167,63,120,153,87,116,155,87,107,172,72,110,171
0,79,114,157,82,120,171,152,84,102,155,87,90,164,83,92,87,119,167,64,105,154,71,123,156,73,122,156,72,121,168,85,113,154,146,106,96,164,99,101,165,84,100,69,119,157,80,126,168,67,110,174,83,107,162,163,92,101,143,98,97,165,89,81,65,103,157,82,106,169,66,110,159,66,118,153,79,117,165,64,106,162,155,98,83,150,100,86,162,104,92,84,122,156,76,107,173,63,108,157,86,124,160,68,119,176,165,100,84,158,98,87,152,104,81,211,158,144,214,151,145,205,165,136,207,156,146,147,83,87,157,86,96,155,83,96,72,104,173,83,124,172,77,104,164,67,117,176,77,111,153,68,114,169,159,89,89,165,99,90,159,85,83,213,147,144,213,166,151,203,157,155,197,151,157,164,92,90,145,103,93,155,98,97,84,108,171,85,119,177,84,119,161,67,125,163,81,121,164,81,122,165,195,144,133,166,88,85,146,104,81,158,104,93,203,167,140,217,166,140,146,88,101,155,107,91,145,84,97,201,146,134,86,105,167,87,114,172,83,103,158,73,106,175,77,115,157,83,121,170,199,149,141,158,97,99,152,90,84,166,88,91,209,149,135,211,143,153,164,86,84,144,87,78,154,107,91,211,160,135,73,108,174,86,126,173,79,118,159,69,121,168,79,114,164,212,160,137,195,157,146,213,155,135,161,85,82,159,92,81,146,98,85,144,102,95,153,83,85,152,91,90,215,154,135,198,152,135,210,161,140,79,122,169,72,115,172,64,120,175,66,121,168,201,163,133,194,153,146,201,149,143,37,14,17,199,160,156,203,167,154,194,150,148,195,161,152,35,37,14,204,145,146,212,166,152,195,160,148,67,111,176,64,106,154,78,119,160,83,114,166,208,152,140,193,144,133,217,149,150,32,25,34,214,166,133,210,158,134,205,167,145,215,147,146,35,26,30,197,146,147,196,162,144,204,149,143,76,104,160,70,105,171,63,110,166,86,127,170,211,144,133,216,150,134,195,144,137,207,148,142,194,153,144,212,163,140,202,147,152,205,158,154,196,164,135,195,151,150,199,158,155,216,154,140,77,125,162,74,127,170,72,123,160,79,111,163,85,120,169,196,144,144,206,165,152,208,151,135,199,147,149,20,22,36,30,19,16,204,166,137,194,150,155,207,163,157,207,146,133,78,104,161,71,121,165,72,105,154,71,122,165,78,103,165,75,117,154,200,149,145,198,164,146,210,144,154,202,144,150,217,154,133,212,167,143,201,167,151,199,167,133,203,166,152,206,156,156,86,127,154,66,120,165,86,124,162,80,117,166,81,126,171,87,119,161,68,115,167,216,150,137,193,151,154,201,145,140,217,160,142,203,161,145,194,162,141,204,151,154,201,163,157,82,103,156,72,121,174,73,111,158,77,117,153,77,103,167,64,114,168,83,120,159,76,104,171,65,111,172,80,113,155,207,148,141,217,151,141,208,147,140,213,148,137,82,123,154,70,106,173,64,108,174,79,117,171,73,104,170,85,110,154,85,111,161,63,124,164,80,125,154,82,110,164,66,105,169,77,106,169,65,110,159,73,121,164,84,116,155,83,116,162,67,103,163,82,114,163,76,123,164,78,112,172,63,108,164,64,112,157,81,103,156,82,109,163,79,125,177,86,119,171,85,114,159,75,121,154,84,126,157,75,127,173,65,105,160,81,119,171,83,120,176,76,120,176,66,119,154,82,118,174,79,119,167,73,111,159
0,81,112,160,73,110,177,154,90,92,153,106,81,165,90,92,86,116,164,65,114,170,79,105,164,83,118,172,70,117,166,70,121,157,160,90,102,156,104,96,164,87,97,71,112,163,73,106,155,76,116,169,67,121,168,163,107,84,148,97,78,148,86,91,71,127,170,85,118,176,66,107,154,76,103,175,68,105,157,79,119,165,156,94,82,155,105,95,150,105,87,66,113,163,81,122,172,66,126,154,65,126,164,77,116,173,157,106,91,152,107,93,165,87,101,198,166,157,211,159,135,197,143,151,211,154,154,163,97,90,153,97,83,159,106,96,71,127,156,70,112,168,73,104,171,79,119,171,79,116,162,73,115,163,167,88,82,144,106,101,149,96,94,201,161,152,203,146,144,202,148,136,202,151,148,157,90,83,152,91,97,167,86,85,84,111,157,66,109,170,79,127,158,63,122,154,80,120,159,63,118,153,204,149,142,161,96,101,157,99,82,157,92,81,215,165,136,207,156,148,151,85,82,151,106,99,146,94,80,216,150,156,65,113,158,79,113,161,77,123,176,79,124,177,65,125,175,73,104,166,196,165,149,153,89,95,164,103,79,163,103,78,200,147,151,205,150,154,149,91,93,147,98,83,166,98,87,197,149,153,65,119,176,86,109,153,76,105,168,80,122,159,85,108,154,206,165,141,212,155,153,211,150,153,154,98,94,164,88,87,150,92,99,158,98,98,155,102,89,160,98,87,196,150,136,217,167,142,206,157,143,70,124,166,66,108,167,73,124,156,74,125,165,215,147,157,208,158,152,206,164,140,13,22,21,209,149,146,194,160,157,203,151,154,203,156,145,27,26,25,201,144,141,208,166,140,203,163,134,72,117,166,70,121,158,80,109,177,83,106,172,212,153,137,212,160,133,216,143,145,15,37,35,203,154,157,217,160,135,213,144,149,199,154,150,19,18,30,205,165,140,202,148,144,203,156,139,80,126,160,63,104,153,87,119,156,79,115,168,194,148,142,202,143,140,213,167,155,200,144,141,216,146,145,213,155,137,216,151,135,195,145,149,216,165,157,216,156,133,193,166,150,212,147,136,86,121,165,69,122,162,73,116,169,86,103,162,71,117,159,196,151,153,211,158,145,202,156,135,200,156,150,21,28,22,35,30,29,200,155,133,208,166,145,204,167,150,215,146,147,70,121,153,75,127,160,77,114,168,81,106,173,72,113,157,83,105,156,210,148,139,208,161,140,195,147,145,212,158,149,216,161,157,200,144,157,208,151,146,202,166,143,197,144,143,215,161,152,76,103,161,85,109,177,80,118,170,78,113,173,70,113,167,85,118,169,80,126,176,195,146,146,215,145,145,197,167,133,198,159,156,196,148,139,207,146,134,206,158,138,213,159,148,67,126,170,76,115,153,72,106,166,72,126,174,71,119,163,82,114,171,83,108,157,72,119,174,69,122,175,74,119,172,201,158,147,199,153,156,216,147,138,209,165,148,63,113,166,68,107,168,65,103,162,85,109,159,85,106,170,77,113,156,64,122,167,82,108,155,74,123,170,70,114,173,63,109,161,72,116,171,86,112,164,82,127,165,71,120,170,83,124,159,65,121,157,66,126,159,71,108,161,81,106,157,79,121,173,87,115,163,81,127,171,82,111,176,82,124,168,69,108,153,70,109,155,82,107,157,68,118,153,73,105,154,67,119,167,76,124,168,73,112,169,87,106,160,80,115,165,87,115,175,78,114,162,79,113,169
0,65,122,159,68,123,161,165,87,91,160,97,93,165,91,99,66,120,166,83,114,158,63,114,167,87,124,164,86,116,159,82,120,159,155,94,83,166,83,84,157,94,94,69,103,171,72,113,156,74,111,169,63,122,161,144,103,86,163,98,90,144,105,100,71,111,173,64,121,153,85,118,172,83,117,168,68,118,176,83,127,170,146,84,89,143,102,100,147,105,101,68,107,155,76,106,154,77,123,175,64,113,156,80,111,159,163,102,101,143,93,99,153,105,83,211,166,144,209,143,154,205,156,154,214,144,135,149,107,94,147,106,86,145,88,92,64,111,172,69,125,169,76,108,173,86,103,162,71,120,164,66,113,167,161,105,80,161,97,80,146,85,83,216,145,138,203,161,153,193,167,138,193,149,153,154,97,80,166,90,87,164,103,84,86,127,176,67,112,154,75,125,162,68,111,157,81,113,166,70,109,161,199,148,142,151,105,92,151,85,93,154,101,89,204,167,153,209,157,153,164,88,79,161,95,82,160,101,84,215,156,144,83,124,162,69,113,175,79,120,176,71,105,169,87,109,161,69,117,161,194,146,149,164,103,83,158,87,92,161,93,89,211,155,154,211,144,143,165,86,98,154,83,83,156,98,88,203,163,136,68,114,162,68,117,170,68,127,153,77,122,167,81,121,175,206,166,145,208,150,141,216,154,152,153,98,99,155,92,79,150,107,94,146,96,91,167,91,96,155,101,78,198,159,138,202,162,155,209,149,151,87,107,157,84,113,154,65,112,177,67,114,167,205,148,147,193,164,137,199,148,142,22,15,18,200,149,146,195,166,140,197,164,150,217,154,133,28,18,24,196,158,150,214,155,155,199,158,154,75,117,175,70,127,156,75,107,163,87,107,165,217,153,142,214,166,146,212,155,150,15,24,28,214,166,151,193,150,152,198,167,140,204,154,143,29,13,32,212,167,145,195,163,140,197,158,139,64,109,162,76,105,163,75,123,158,76,107,162,202,155,154,208,144,141,206,148,138,205,164,149,196,157,135,204,164,156,196,163,145,193,148,143,197,161,149,205,164,147,193,158,153,214,155,146,87,104,162,76,111,176,83,106,172,77,119,164,87,118,175,203,160,144,196,148,146,210,167,145,214,145,137,13,23,35,31,21,19,209,162,156,207,156,134,207,152,134,196,158,147,74,104,172,84,114,161,76,113,174,72,127,153,80,111,158,72,114,166,193,157,143,202,163,134,212,146,144,216,144,150,216,155,140,198,145,150,196,147,156,197,163,148,206,151,144,207,165,152,70,126,169,81,117,154,65,113,164,64,107,172,86,123,156,75,119,176,65,113,173,216,152,146,205,143,138,216,151,156,213,166,135,206,146,139,211,151,142,212,159,150,200,165,134,74,121,168,69,127,166,71,126,175,87,108,161,79,124,154,82,115,158,84,112,161,63,116,159,63,116,174,67,111,161,207,162,153,203,146,140,200,143,155,203,150,135,82,112,176,85,122,167,81,116,173,82,113,170,75,118,170,63,113,163,73,114,167,67,117,176,78,109,170,85,108,174,75,111,165,64,124,171,65,123,168,80,114,155,69,126,169,74,112,162,87,113,167,84,117,153,67,122,171,68,122,164,81,116,166,87,103,177,72,120,176,78,110,165,80,107,165,82,106,156,75,109,159,66,121,162,68,108,177,87,126,165,80,116,164,87,109,166,82,111,163,87,114,173,66,124,174,83,127,173,73,119,170,80,115,160
0,75,118,177,77,112,167,148,88,90,152,83,95,153,107,92,83,108,174,66,115,171,83,116,166,76,109,173,63,122,160,67,122,172,159,85,97,161,106,91,143,93,97,70,108,171,83,118,174,65,114,153,86,122,173,155,100,94,149,88,92,154,106,85,68,118,175,69,113,157,72,105,153,69,121,167,77,110,174,82,117,160,148,97,94,163,86,97,153,88,85,77,126,155,63,126,154,84,124,166,79,118,165,65,116,161,165,100,81,165,107,97,163,100,100,193,157,148,216,144,142,205,166,157,194,154,145,165,99,98,163,97,91,146,86,82,71,127,171,87,106,176,68,114,166,84,113,157,70,118,159,71,106,163,163,105,80,157,105,93,167,90,102,201,153,142,215,157,143,207,165,141,211,151,152,144,107,82,147,99,87,143,90,89,81,114,175,72,112,175,68,121,173,72,118,175,77,124,162,67,126,175,197,147,152,152,95,86,163,90,78,149,101,87,197,161,133,201,154,156,159,106,94,155,98,97,148,94,98,197,161,149,73,119,164,75,118,173,68,119,168,68,118,165,63,124,155,73,110,162,199,150,137,151,102,102,166,86,98,149,94,93,207,161,153,193,166,149,150,106,84,154,104,79,155,103,81,203,159,135,71,120,170,86,120,155,64,117,171,79,110,160,71,126,158,215,163,140,200,165,155,207,148,134,162,91,95,151,85,101,149,106,80,147,99,87,144,89,85,150,101,102,211,158,147,196,160,134,203,163,135,69,118,156,77,105,168,69,106,170,81,109,172,208,152,151,193,161,146,196,166,147,37,33,19,211,163,152,217,157,133,201,167,146,212,151,148,33,18,23,209,158,149,202,163,142,201,160,140,73,111,174,80,119,162,83,117,156,87,108,168,193,153,149,208,158,138,198,145,157,26,34,22,196,157,143,213,164,150,198,149,157,196,167,140,19,22,29,202,153,157,209,158,136,214,152,152,69,121,174,67,113,158,69,127,165,68,108,172,214,148,143,209,158,153,212,156,157,216,151,140,201,158,142,204,147,142,203,166,144,216,153,147,202,156,151,205,167,146,193,167,145,194,156,144,83,107,167,87,111,153,85,109,159,84,125,161,72,114,153,203,156,145,203,160,150,216,149,139,212,159,147,21,16,15,20,18,23,216,158,156,211,158,134,217,164,145,215,165,148,70,111,172,81,115,154,66,104,173,73,111,170,74,117,162,66,118,157,216,145,143,217,166,146,197,147,151,202,161,139,210,145,147,200,153,151,210,167,154,201,160,149,202,165,133,197,167,157,65,125,175,86,113,164,87,117,176,69,108,163,77,110,167,74,113,159,84,125,161,201,162,156,193,147,136,213,156,146,205,158,134,209,144,149,204,143,151,206,144,149,203,160,148,72,121,163,83,105,176,65,121,155,80,127,156,80,108,169,65,121,167,82,123,159,87,105,177,84,116,161,77,117,176,197,163,143,195,148,153,211,153,147,209,167,155,86,116,153,75,121,162,63,122,165,63,103,160,73,116,157,71,110,171,84,127,163,80,117,173,84,109,177,81,114,175,81,107,159,87,107,159,72,108,156,63,120,172,64,127,157,80,114,155,73,113,160,84,109,159,72,108,166,71,110,159,87,114,153,67,117,156,75,103,167,86,126,159,75,104,167,77,115,159,69,127,165,81,106,155,68,119,171,86,119,156,68,127,159,66,118,176,82,114,176,73,116,159,69,105,169,74,118,161,79,106,167,63,103,165
0,76,115,156,74,114,162,145,96,98,152,90,100,145,103,98,75,118,153,71,126,173,73,104,157,70,108,171,63,107,169,67,107,175,158,107,79,144,102,84,166,104,87,74,122,166,68,116,158,68,119,157,86,124,158,154,86,83,143,98,84,152,95,98,74,111,172,73,103,153,73,103,168,64,126,157,76,104,170,75,127,172,166,99,83,148,86,78,154,90,80,76,105,156,78,117,166,80,117,157,82,123,153,72,118,168,151,87,88,164,100,89,162,104,100,196,158,148,216,161,139,197,150,149,197,147,140,164,85,101,146,105,90,152,102,81,70,110,161,68,126,174,72,113,175,77,124,171,79,119,171,71,127,157,153,96,89,164,87,96,166,84,101,205,163,134,199,148,133,197,163,134,200,148,145,153,83,96,158,98,89,149,103,96,75,117,159,77,122,161,80,117,156,86,111,173,87,119,163,73,108,161,203,158,157,160,97,99,146,104,88,167,99,86,195,154,146,213,143,150,147,86,85,157,86,81,160,105,87,197,154,142,77,116,170,65,119,158,75,119,159,67,124,160,87,103,159,86,126,164,209,162,157,147,101,94,159,84,95,154,100,85,215,159,138,204,148,136,164,88,98,163,102,85,167,105,82,210,162,146,69,111,154,75,112,165,79,116,168,77,113,157,86,112,153,195,151,155,210,164,142,199,166,152,162,85,79,167,96,82,147,98,83,167,90,90,148,103,91,155,101,84,200,154,135,200,151,137,205,146,156,86,121,174,67,109,167,67,124,161,87,113,153,213,146,149,202,159,136,217,163,152,28,20,34,207,152,136,210,166,152,207,147,135,217,166,143,21,14,25,201,146,153,207,156,151,198,165,155,78,127,162,70,119,156,65,126,172,82,114,160,214,158,155,206,156,134,213,146,157,21,36,36,201,151,153,209,153,146,214,151,144,195,143,136,35,28,20,211,158,140,211,156,154,201,146,157,85,118,170,82,121,165,82,119,174,75,104,172,196,161,153,196,161,136,196,167,140,204,161,154,215,162,146,205,165,156,194,154,153,207,157,151,209,144,145,213,166,157,206,164,133,199,161,138,63,123,163,66,112,166,63,126,167,71,114,174,74,114,160,201,157,134,203,157,155,213,151,157,198,149,150,37,30,33,23,36,25,217,154,157,198,158,135,203,154,152,210,166,140,73,112,156,86,105,173,75,113,172,78,123,158,87,115,159,71,125,168,204,153,147,204,167,138,198,153,133,196,149,151,202,159,155,213,160,142,217,160,150,198,155,152,215,145,139,195,145,155,82,124,165,71,107,175,73,120,164,75,107,165,66,126,162,82,121,155,73,110,167,194,150,150,197,164,141,193,158,140,215,150,140,200,157,153,199,147,133,202,150,133,212,158,147,76,120,170,81,109,166,68,119,171,75,123,171,75,126,161,85,114,161,76,114,164,70,113,170,74,105,175,67,113,175,200,160,151,197,146,149,215,158,150,203,146,152,70,126,164,85,125,173,80,110,167,71,121,154,77,122,167,78,121,166,65,108,153,80,117,170,83,104,164,78,125,157,65,124,164,65,126,161,81,111,176,63,125,172,78,116,175,87,107,165,69,124,167,72,120,175,84,112,163,70,121,169,76,107,177,80,124,171,73,103,172,64,125,177,74,121,156,87,105,172,65,119,166,86,108,176,69,110,172,87,127,158,68,103,173,78,126,156,73,105,156,75,121,175,84,115,166,75,125,168,67,113,158,66,112,164
0,68,125,166,71,118,155,148,91,90,149,90,89,163,103,80,73,117,177,66,119,161,63,122,154,80,104,174,74,106,158,63,119,153,143,93,90,152,83,96,161,94,80,68,109,173,82,118,158,80,109,164,66,124,157,162,94,96,148,97,100,167,88,94,67,117,153,82,104,170,66,112,162,66,114,174,68,121,169,68,106,168,149,102,82,162,93,92,164,100,90,77,106,174,80,105,163,70,114,157,70,118,159,75,104,164,144,98,99,165,107,96,146,99,80,214,163,143,209,161,151,215,160,149,205,167,150,163,89,87,153,87,92,167,89,87,83,116,165,76,115,155,78,103,168,66,113,170,78,122,165,72,118,177,152,107,99,165,84,94,144,89,80,202,161,156,211,160,138,213,153,156,194,160,133,144,92,90,149,94,95,144,104,91,86,119,169,68,119,164,84,125,154,69,106,167,68,110,175,73,105,175,199,158,139,161,103,97,143,84,90,149,105,81,202,143,140,214,153,138,155,90,89,155,84,82,147,102,85,212,164,141,76,124,171,85,123,162,69,123,176,71,116,175,63,116,166,75,111,159,217,158,141,162,83,98,165,95,79,165,107,92,197,164,155,200,145,153,146,86,83,158,85,83,160,93,83,216,151,154,85,125,165,72,120,162,72,121,161,66,127,156,75,109,155,210,158,139,197,159,134,208,158,136,146,90,79,155,88,80,167,105,80,150,96,97,154,97,101,147,97,97,217,144,154,209,167,139,217,149,156,73,104,171,63,107,163,71,108,164,77,109,173,194,155,145,197,152,149,195,150,138,33,19,23,214,166,147,193,157,135,200,162,149,202,160,138,17,30,23,194,146,154,195,156,149,210,143,152,86,108,176,73,114,154,67,106,174,70,103,165,193,161,134,205,167,151,196,150,157,33,14,31,210,145,133,213,158,151,213,155,142,214,162,145,27,36,20,214,158,152,201,154,153,207,158,137,77,120,164,70,107,162,83,126,158,75,111,158,204,166,133,206,152,137,194,157,146,215,160,140,205,147,153,204,149,145,206,156,147,216,157,147,205,157,144,203,153,154,205,147,156,209,149,140,69,125,159,81,109,176,84,122,164,77,120,177,76,114,173,202,149,145,197,158,136,210,163,147,202,167,152,26,14,19,19,23,30,198,164,145,209,156,138,207,143,155,199,155,151,84,108,161,86,124,171,87,107,173,75,121,159,67,116,163,77,110,176,197,167,148,203,162,157,212,159,156,213,144,154,196,145,135,193,143,134,203,145,143,204,149,156,197,149,142,195,154,152,73,121,167,78,113,175,68,112,162,66,120,158,67,108,166,66,120,172,76,108,170,210,163,148,215,151,155,200,146,154,197,157,136,217,144,137,205,158,145,208,148,157,193,161,155,74,117,171,81,108,167,63,118,174,81,114,163,65,114,155,68,107,172,72,124,165,67,106,174,69,123,163,72,125,155,204,162,148,193,162,151,206,148,144,201,149,149,71,119,153,78,113,158,64,123,160,85,112,161,77,116,163,64,111,176,87,124,167,84,105,163,80,104,157,82,103,176,81,103,162,75,109,168,75,115,154,85,124,161,85,115,163,74,119,166,76,125,163,67,114,176,71,120,159,78,112,161,65,117,174,65,124,163,79,106,153,67,127,156,70,105,158,74,105,157,81,110,177,65,105,153,86,103,176,73,122,155,67,121,173,77,123,163,84,106,172,66,104,175,67,109,176,65,108,155,85,105,153,76,124,160
0,69,104,175,65,115,163,163,99,84,158,89,100,158,102,100,68,118,162,86,124,171,64,117,158,79,103,155,68,109,161,67,120,171,149,105,81,165,107,80,149,88,88,87,110,158,75,123,171,72,122,166,79,123,162,149,96,86,154,106,85,159,83,98,84,111,162,87,108,155,64,105,168,74,126,154,82,127,166,65,124,177,165,97,78,166,104,80,153,101,102,74,125,174,82,124,155,81,111,176,73,117,164,86,118,164,158,92,102,158,93,95,166,89,85,211,148,134,215,154,146,207,157,143,205,157,147,157,87,82,166,107,90,156,83,82,73,115,173,67,115,164,63,116,174,68,107,171,68,109,156,63,115,168,147,91,88,149,83,93,155,88,87,210,151,140,199,158,152,216,158,146,206,148,148,164,84,89,146,85,88,165,98,97,72,107,160,79,118,159,76,118,153,72,123,158,73,123,162,84,122,166,212,146,152,147,99,87,153,106,89,165,87,89,211,158,135,193,157,144,156,90,84,153,105,85,153,103,93,201,160,143,81,113,175,69,107,163,83,121,160,85,121,172,70,110,168,81,118,153,203,159,136,155,107,82,162,93,80,159,98,92,212,166,141,195,157,145,167,89,102,151,105,82,154,107,79,208,150,140,83,103,163,74,122,168,80,107,161,73,118,163,82,120,159,213,149,152,212,146,142,216,144,156,149,99,94,152,90,90,156,105,78,152,91,84,147,92,78,143,103,98,217,156,135,204,157,157,197,157,153,75,120,158,82,117,177,73,106,161,77,111,159,215,162,147,202,148,151,197,153,133,16,14,23,210,158,144,197,153,156,205,160,133,213,156,153,23,25,18,203,162,157,194,163,142,203,161,157,81,104,169,64,126,175,85,107,168,65,105,157,197,146,149,198,165,140,195,167,144,24,23,15,206,153,157,195,158,145,210,144,149,206,163,145,35,17,30,195,149,147,198,146,157,201,150,140,64,123,174,80,103,154,83,125,160,78,104,154,200,167,140,197,147,149,203,153,145,217,163,154,205,143,149,217,152,148,193,164,155,215,156,150,195,144,139,211,144,139,200,161,148,193,154,155,65,121,164,79,108,165,69,107,170,63,123,176,82,112,161,210,154,149,205,148,139,217,162,141,203,149,143,21,25,16,33,22,27,193,157,152,213,164,149,217,155,139,198,146,134,75,106,176,69,109,177,81,126,176,72,125,174,69,121,162,74,117,154,213,163,140,211,151,139,209,143,142,193,149,138,203,149,148,216,155,156,203,157,145,212,167,138,208,158,150,212,152,154,70,105,172,66,103,153,82,104,153,71,103,162,77,115,176,81,108,156,64,114,159,213,149,146,216,154,135,201,156,153,193,152,157,194,146,142,197,151,147,199,146,153,216,164,133,78,108,153,66,105,176,70,117,171,85,120,161,71,103,175,81,118,155,86,125,157,69,105,165,84,115,153,64,118,166,207,156,138,193,161,134,214,145,157,201,165,142,86,118,159,71,103,174,71,109,160,85,117,153,83,104,171,76,120,175,78,110,175,86,104,162,74,105,172,74,117,168,80,108,164,84,114,176,80,120,157,73,126,173,74,116,158,81,115,164,77,114,177,72,107,174,87,118,174,80,116,164,76,105,172,71,107,163,74,123,167,77,127,170,84,108,154,73,119,173,67,122,163,80,123,176,68,121,157,69,125,165,65,116,156,79,120,154,79,106,171,63,111,170,84,108,176,70,124,175,73,118,156,73,126,164
0,80,115,169,84,115,160,161,94,101,156,105,102,146,90,98,83,117,157,85,127,159,85,103,169,66,118,157,65,125,162,70,127,165,152,89,95,163,86,84,143,83,78,72,106,159,68,127,174,65,105,161,77,106,166,154,104,90,143,105,97,152,93,90,74,109,162,76,122,171,78,123,172,81,104,174,78,104,168,73,114,153,151,105,93,155,107,95,167,86,91,85,121,172,74,124,168,63,115,154,78,127,155,78,111,170,145,85,85,166,105,98,146,97,90,216,153,140,212,158,134,203,152,150,217,165,147,149,102,91,146,83,99,147,101,99,87,103,169,77,105,169,68,117,161,85,121,165,80,123,176,64,111,171,146,105,94,158,88,92,152,88,79,202,162,143,206,146,154,197,145,139,208,158,140,143,95,102,166,103,83,167,95,79,72,108,160,73,124,171,78,110,175,77,125,156,66,108,157,67,126,172,211,143,147,158,94,100,156,83,100,159,105,89,213,160,136,206,158,134,151,96,95,165,96,80,145,85,86,214,154,148,75,119,160,67,106,153,68,105,171,68,124,159,77,124,170,74,120,161,208,145,154,148,101,91,146,100,79,150,89,82,202,147,156,215,155,133,154,84,94,143,86,94,164,91,96,209,143,142,67,113,160,78,109,159,84,118,168,78,109,156,68,115,170,213,163,150,195,147,154,197,159,137,167,85,93,159,85,96,148,90,98,167,96,98,154,90,86,156,84,102,206,144,143,217,155,133,199,164,156,74,115,167,82,110,176,67,118,172,79,116,173,217,163,138,200,162,149,202,158,157,15,26,32,193,156,135,210,145,155,217,147,157,213,144,144,21,25,21,207,163,143,202,160,152,203,152,148,79,118,165,87,125,171,85,120,174,82,122,174,211,147,148,203,145,155,208,153,150,29,32,33,195,151,153,201,151,142,212,159,140,203,153,140,31,19,24,202,149,143,209,164,146,201,151,152,76,124,174,69,127,172,67,127,175,72,109,174,214,154,155,210,160,143,199,157,151,209,148,136,216,166,142,213,150,139,212,163,143,198,163,148,204,150,145,208,165,141,211,157,150,203,147,141,82,105,161,66,115,170,75,103,155,69,111,168,77,120,171,201,159,151,206,149,141,194,156,153,208,162,136,28,26,25,23,16,17,198,146,144,217,144,134,195,151,136,210,160,141,67,106,176,84,116,159,64,124,171,64,103,156,73,122,176,71,112,166,200,150,140,212,162,151,217,151,150,204,150,137,193,160,151,203,167,140,198,155,139,210,162,133,198,145,151,216,162,141,78,106,156,70,116,160,70,117,172,68,108,160,71,106,153,70,124,162,76,121,172,205,157,139,200,146,135,206,165,147,207,147,156,205,162,157,205,143,150,217,151,139,214,158,146,79,113,163,63,118,169,82,115,167,82,109,164,67,125,155,82,125,174,75,108,165,69,109,163,74,115,161,70,125,162,200,155,152,208,143,154,211,150,153,215,145,147,85,103,165,81,114,164,75,103,168,76,126,167,76,105,166,71,114,160,71,114,161,78,108,158,70,121,173,79,122,169,69,104,165,74,104,177,70,105,175,68,105,172,85,120,154,71,105,169,71,117,157,72,107,166,71,108,160,76,112,158,79,105,160,65,122,154,81,123,176,68,112,170,78,116,158,70,103,159,82,125,155,65,127,156,71,108,170,66,127,167,80,127,164,86,108,157,80,108,160,63,113,158,87,111,169,63,119,169,64,115,157,68,104,168
0,67,107,160,82,114,171,151,97,85,157,88,100,146,105,85,68,123,172,87,104,155,75,107,153,72,117,169,78,124,177,75,120,170,166,95,94,157,103,94,154,102,96,85,126,165,87,111,169,76,108,169,78,107,154,149,85,97,154,92,81,162,96,90,75,112,164,63,113,168,69,127,153,69,116,177,83,127,157,77,121,177,166,87,98,152,95,85,147,83,85,77,111,168,75,117,175,77,114,159,77,107,166,64,110,157,163,86,87,154,84,89,157,95,98,206,145,152,202,154,149,210,158,134,208,145,144,153,89,87,159,88,78,146,87,101,85,120,161,64,103,169,69,123,169,74,103,167,75,113,172,77,114,172,153,92,89,144,99,96,146,97,102,208,156,157,209,144,154,217,160,156,216,161,149,145,87,90,153,104,100,157,106,101,83,111,157,67,127,159,65,122,165,71,115,160,64,104,162,63,107,159,206,161,139,156,87,91,160,101,86,149,83,80,198,144,141,216,158,135,150,97,83,164,98,81,145,104,92,203,162,156,74,118,161,81,120,170,86,113,173,84,113,169,67,124,174,85,121,169,214,151,152,167,90,85,143,96,93,151,93,94,202,158,156,205,144,151,152,91,81,147,100,85,150,90,92,197,146,155,80,119,164,76,126,165,76,121,163,72,105,160,68,122,168,214,145,157,203,144,146,205,156,137,156,98,78,153,94,81,152,90,93,158,95,96,149,95,91,150,92,85,212,148,143,198,162,143,211,155,135,66,105,155,86,103,157,80,116,168,65,125,173,197,144,133,208,148,134,197,152,144,34,34,35,204,164,151,195,144,138,202,153,136,194,161,135,14,32,13,199,148,145,208,146,141,211,152,152,79,105,172,72,107,155,77,122,161,68,123,177,215,159,136,208,162,140,215,152,134,25,23,34,198,165,148,207,154,149,202,152,153,215,155,146,20,22,34,203,149,140,207,147,155,197,144,135,64,121,156,67,106,167,67,107,176,65,112,177,203,165,143,211,150,155,208,156,146,196,163,154,214,160,156,211,152,155,199,158,153,194,154,138,205,149,144,195,144,134,201,155,138,208,157,154,75,125,163,77,107,163,86,125,166,84,113,177,81,125,158,193,148,141,206,145,148,203,147,134,197,150,149,32,28,21,19,36,18,206,144,157,193,163,144,215,153,152,204,153,133,66,118,177,79,109,159,67,113,174,84,126,176,79,111,169,75,119,171,212,162,139,206,167,156,194,157,156,211,160,142,210,167,147,194,152,143,193,156,151,213,145,148,206,157,152,211,150,143,81,110,167,71,112,173,64,110,174,81,111,165,71,103,169,70,104,160,77,110,165,193,156,134,195,151,150,210,156,133,209,166,157,213,152,157,212,164,134,208,161,139,210,164,150,72,127,156,70,115,170,86,113,158,80,123,159,63,124,166,65,113,173,70,118,153,66,107,176,86,111,158,84,112,174,201,156,138,206,149,156,198,154,136,217,152,142,80,125,170,83,105,155,67,106,153,70,105,177,87,127,161,68,106,177,77,113,156,79,127,177,80,117,169,66,118,174,82,111,155,74,105,164,68,115,159,80,111,176,63,122,177,65,105,158,67,113,158,79,125,170,69,118,177,83,114,153,73,115,177,76,106,169,87,115,159,68,109,172,83,118,177,81,126,175,65,126,160,84,127,168,80,127,167,75,113,173,74,109,154,64,117,159,63,121,164,63,124,164,83,113,166,86,103,163,77,105,157,66,122,169
0,80,127,156,81,107,168,158,100,95,166,107,88,146,102,79,83,113,160,72,120,166,72,104,156,64,112,174,67,125,161,75,107,161,153,96,80,159,94,80,158,92,101,72,116,153,63,112,163,68,125,155,67,119,172,162,86,89,146,86,86,167,93,88,66,108,171,69,121,155,70,104,161,72,127,170,87,120,155,85,120,171,165,100,87,160,104,87,146,95,102,64,112,166,65,124,163,71,126,154,67,105,156,81,103,156,158,84,93,154,95,95,146,91,83,211,160,140,195,153,138,198,163,151,215,146,153,143,98,84,166,105,82,148,106,99,79,110,166,63,124,169,71,121,176,87,109,168,80,110,154,76,109,172,164,95,84,159,92,89,147,95,96,206,161,142,201,150,152,196,165,146,201,163,152,158,83,81,155,101,84,166,91,100,67,121,158,83,121,156,84,110,157,85,104,160,70,126,154,86,105,174,205,147,139,151,86,96,143,103,84,165,86,100,193,156,136,203,149,147,147,87,101,163,86,89,153,96,90,214,159,154,71,117,174,69,123,157,69,115,164,69,124,174,70,118,168,71,116,154,201,143,146,157,88,79,144,106,92,159,92,84,206,146,142,197,152,141,148,96,102,143,98,102,159,85,96,207,154,142,83,110,167,69,125,161,78,115,161,68,118,160,77,107,153,217,150,153,208,155,140,210,159,153,147,86,86,166,94,94,151,105,81,151,104,94,152,106,90,143,85,96,196,150,142,201,150,157,214,160,152,81,119,158,83,118,169,63,107,153,73,127,175,217,160,146,211,153,133,208,149,138,16,36,22,216,167,146,201,165,141,211,149,153,205,164,152,31,31,24,196,155,148,212,149,140,203,144,143,74,118,177,70,120,163,78,110,166,80,103,175,195,146,151,197,150,146,194,149,147,26,30,36,195,146,154,210,157,155,197,150,156,199,149,144,16,14,21,193,161,146,196,151,153,211,157,139,65,113,160,82,106,155,71,122,170,86,123,177,200,144,148,215,151,150,198,164,157,215,166,133,208,149,146,203,146,135,209,161,140,211,151,133,206,165,144,204,167,147,210,165,138,193,166,136,83,121,153,84,111,159,68,108,160,86,104,176,68,109,159,199,147,142,207,144,154,207,150,152,197,144,136,36,36,19,24,33,37,217,152,154,206,147,155,195,148,148,205,143,138,74,104,170,68,124,166,66,105,177,68,109,155,67,116,156,76,110,175,198,151,155,209,165,150,214,159,151,211,153,147,198,162,150,214,161,139,207,156,138,212,157,141,203,151,152,199,166,157,63,109,165,72,115,177,80,117,155,81,106,175,67,104,160,86,125,170,66,120,168,205,163,151,215,166,137,194,159,138,210,150,137,200,144,149,212,160,135,200,160,150,195,153,149,80,105,161,71,113,170,67,108,154,76,118,159,67,110,175,83,105,169,67,122,167,65,116,176,83,120,155,86,127,163,207,148,154,201,153,133,194,167,133,217,143,157,84,125,153,86,103,155,73,108,177,86,123,171,65,105,175,69,118,156,77,120,173,74,104,173,86,122,153,86,107,164,73,115,174,66,119,173,72,127,162,71,108,155,80,107,172,84,121,170,78,112,168,79,127,155,67,108,177,72,119,172,64,113,165,78,104,169,76,117,153,64,122,154,63,124,161,70,115,164,83,113,155,74,126,169,71,119,157,75,115,171,66,110,166,67,111,169,70,113,164,84,104,164,72,108,171,75,126,154,80,125,154,83,118,154
0,76,109,160,76,122,172,160,97,97,154,83,102,162,107,98,79,108,157,65,104,161,64,106,165,71,119,156,80,119,176,63,111,173,166,91,98,148,100,93,158,90,94,69,115,175,87,109,169,83,105,165,71,110,157,164,85,82,165,95,97,164,92,101,68,119,171,83,124,174,86,112,166,72,108,153,70,116,177,85,107,164,166,106,94,156,89,81,152,107,86,65,117,154,75,112,173,75,108,164,87,114,177,72,104,158,155,90,101,164,94,88,160,104,83,202,149,156,193,164,135,208,155,142,206,151,142,159,101,94,159,83,102,150,106,81,74,110,170,85,119,169,68,111,163,86,107,167,82,125,154,84,125,163,144,92,99,163,84,87,150,89,84,199,167,144,199,159,141,211,153,155,196,155,156,150,87,81,145,86,100,162,97,94,77,126,156,80,104,172,69,110,171,65,123,174,69,118,159,67,115,173,203,150,134,156,84,101,145,85,102,162,107,94,208,167,143,205,146,147,159,96,102,160,106,94,143,83,83,199,143,133,81,106,163,87,116,156,80,107,172,79,103,160,85,115,163,78,123,175,208,151,156,152,102,81,166,96,78,162,104,84,205,154,152,204,147,134,145,92,97,145,86,94,163,107,96,202,146,150,72,110,160,75,119,168,73,103,171,67,127,166,69,108,176,198,149,152,212,159,137,195,150,147,151,93,88,156,85,80,151,84,100,166,106,87,147,99,95,156,106,79,204,163,133,217,153,140,208,155,146,76,126,154,79,125,156,66,126,157,76,127,153,194,149,134,209,149,144,205,155,152,15,37,13,205,147,154,207,145,143,216,149,136,198,167,139,21,23,24,194,156,149,210,148,146,211,146,148,83,118,166,87,120,173,67,122,159,79,111,162,216,144,136,200,152,150,193,159,147,37,19,23,202,150,148,214,160,156,209,147,146,194,149,140,33,24,32,216,146,134,196,164,144,207,165,155,63,122,154,79,114,171,81,125,155,72,112,171,198,143,155,207,151,151,198,155,157,212,165,151,212,163,146,217,162,151,205,167,154,202,160,153,212,167,152,216,166,154,214,167,147,195,159,142,67,120,164,81,115,173,81,110,157,73,121,156,72,103,177,209,152,151,212,149,138,199,146,138,217,150,142,37,17,37,26,25,31,210,144,146,212,165,133,210,158,137,205,163,136,77,127,166,63,123,167,68,126,159,72,120,176,70,119,172,70,113,174,214,162,144,213,150,149,197,164,150,217,143,142,193,154,146,214,146,137,215,161,152,206,153,133,210,147,145,211,167,144,80,124,157,76,124,161,65,120,165,81,115,164,76,123,155,69,103,170,78,116,156,214,164,137,217,149,149,203,161,143,217,146,141,199,167,141,205,160,137,200,161,157,202,159,141,83,104,153,68,118,177,70,103,153,84,119,166,82,115,165,65,104,156,87,115,169,69,105,155,84,109,172,73,103,154,195,155,149,194,162,153,201,145,142,213,162,135,86,113,154,77,116,177,68,123,169,69,121,167,83,116,173,67,104,176,74,110,173,71,111,153,78,117,167,82,112,165,68,104,175,77,107,176,75,127,166,84,107,172,67,114,153,80,105,176,78,126,173,78,115,154,68,121,175,82,105,177,87,111,153,75,119,174,80,111,155,69,109,159,77,110,155,67,113,164,85,108,159,74,115,156,77,120,155,77,103,159,68,124,156,65,122,158,63,115,156,70,127,166,70,119,174,73,107,167,78,120,171,74,115,156
0,69,109,167,65,124,170,152,92,86,161,84,101,148,101,88,64,107,165,72,119,154,66,116,161,72,104,160,77,109,174,71,106,165,158,100,81,147,97,101,158,104,94,68,108,155,63,108,173,65,118,171,80,108,156,163,89,86,159,96,83,161,100,88,86,118,176,84,122,167,70,127,166,70,120,160,66,119,158,80,124,163,156,83,88,150,101,102,157,106,78,78,125,171,80,126,173,76,115,174,66,117,168,85,104,165,158,90,90,159,107,82,143,94,102,193,155,150,197,145,154,198,148,140,213,154,143,164,88,80,155,104,99,154,83,102,73,120,167,66,124,161,75,121,157,86,105,169,83,127,158,65,121,157,153,101,90,157,107,97,144,100,96,210,167,154,201,150,146,212,162,150,202,160,133,148,87,79,153,84,97,165,106,85,84,120,166,86,122,175,85,111,169,72,123,157,72,122,163,86,122,169,210,163,135,163,85,87,154,97,98,160,99,92,217,144,155,213,157,135,154,88,85,160,95,92,155,98,84,210,167,154,68,103,172,77,111,165,87,105,172,65,126,173,84,117,168,82,120,168,205,160,137,162,101,91,159,98,100,147,87,88,209,161,139,208,166,134,163,100,88,164,99,78,155,103,83,214,163,140,74,104,175,71,103,174,74,127,165,75,126,172,73,124,167,211,144,133,214,146,138,201,160,138,167,106,88,154,91,86,148,99,90,157,101,90,149,87,89,162,92,83,213,150,153,197,164,150,216,161,141,75,110,159,80,121,156,73,115,158,71,105,174,214,153,138,210,167,143,216,158,138,23,25,18,211,148,145,211,150,155,200,153,149,212,164,144,16,20,29,196,160,155,205,154,144,193,163,148,79,111,165,80,113,153,82,113,177,78,127,174,202,151,140,193,149,142,213,162,136,34,29,31,195,146,148,212,158,138,194,149,149,215,153,151,20,21,14,195,154,139,205,152,135,203,152,147,66,113,163,69,106,159,86,108,164,82,109,166,208,166,149,196,150,146,207,153,134,193,162,141,197,165,153,196,152,157,195,144,157,204,148,147,205,162,149,196,165,151,209,158,150,194,162,156,67,127,168,63,111,164,67,110,169,79,120,177,74,115,158,197,153,150,217,156,146,194,153,157,211,159,146,37,27,30,27,21,22,198,147,148,215,153,149,203,166,154,201,160,153,73,126,171,76,114,163,85,122,162,68,119,157,72,122,156,65,125,166,203,143,137,193,144,134,197,152,144,213,150,151,213,150,135,200,147,153,196,153,143,195,149,133,203,153,148,194,159,139,83,123,166,80,126,158,84,106,162,72,112,169,79,122,165,75,121,172,85,118,157,208,165,140,206,157,153,207,166,142,213,156,137,216,143,137,204,159,156,215,148,144,202,149,135,79,109,158,85,120,156,86,107,159,65,107,159,82,107,173,63,123,162,82,105,154,75,126,153,65,119,160,76,111,168,198,149,155,210,157,144,193,160,138,217,158,145,79,125,155,84,117,158,68,114,168,77,113,161,86,114,170,83,111,168,67,115,157,81,104,163,67,122,155,79,127,174,86,117,165,84,120,160,86,106,165,64,120,158,85,117,156,83,118,158,65,117,174,69,109,167,85,126,159,81,123,171,68,103,163,68,108,157,81,121,172,69,126,166,68,106,176,76,113,174,81,105,173,72,110,170,80,107,160,68,113,173,74,125,160,81,120,159,73,120,162,71,116,156,78,126,173,77,126,176,78,110,158,75,112,160
0,63,121,163,71,111,171,167,98,97,165,106,81,148,97,97,81,117,153,68,121,158,77,105,158,64,113,160,84,122,167,87,119,168,166,86,84,158,105,88,147,101,95,79,110,157,67,103,174,87,106,157,74,115,176,166,84,95,149,88,79,144,91,102,80,118,172,84,117,169,79,119,171,77,114,174,69,125,176,86,125,164,164,99,89,148,90,98,160,95,79,87,127,154,69,103,161,72,110,165,83,105,171,81,113,156,157,85,89,148,89,101,161,85,78,217,147,153,211,148,157,216,161,156,204,164,133,145,92,84,158,91,98,166,99,84,64,122,159,63,121,166,78,105,159,84,121,168,65,122,156,67,115,154,163,87,101,147,86,84,148,86,99,215,157,146,207,167,154,197,144,136,212,167,156,164,85,81,146,95,90,146,87,83,64,106,172,86,104,167,67,126,163,84,126,169,87,117,160,69,122,176,216,149,134,152,101,84,156,95,88,149,100,78,214,148,147,213,164,142,167,99,81,147,107,87,148,86,80,202,143,150,84,115,173,79,107,163,63,121,174,73,107,157,82,112,165,67,103,171,199,165,144,154,106,90,145,106,101,163,83,84,215,164,151,212,154,137,167,105,96,158,83,102,146,90,92,196,147,141,69,116,164,80,113,170,74,115,162,87,107,159,63,111,155,216,167,137,193,147,148,194,156,136,154,102,83,158,90,95,158,91,79,148,102,97,144,97,101,166,85,91,206,161,133,206,150,137,197,152,149,83,106,163,73,111,158,84,123,173,63,110,175,215,152,134,200,144,136,193,162,144,25,28,31,217,163,147,204,156,142,212,145,144,207,161,154,37,24,24,202,156,138,200,151,148,196,147,141,77,116,153,66,104,170,64,127,156,79,106,154,199,143,156,206,160,140,196,157,145,21,37,15,208,148,146,209,144,150,193,159,136,216,164,144,27,16,17,211,143,156,196,153,155,194,157,135,69,119,154,76,117,156,70,104,167,85,110,163,195,144,142,204,159,141,208,152,139,205,148,136,215,149,133,193,161,146,198,154,150,209,164,144,207,156,155,206,162,141,208,143,139,196,160,133,73,109,174,87,109,172,75,108,167,71,116,165,76,107,155,204,161,135,209,150,137,215,158,133,194,144,141,25,26,26,16,22,23,213,161,133,217,145,136,194,157,151,208,164,147,66,111,154,63,126,173,71,121,160,80,127,170,65,125,171,87,125,175,213,165,141,211,143,143,200,164,155,195,153,138,194,151,152,212,159,134,211,152,153,212,158,145,212,159,148,213,150,153,65,109,167,81,117,174,66,116,165,82,120,176,72,106,166,75,106,157,69,118,162,194,158,148,211,151,140,200,148,157,203,156,138,199,166,155,209,164,151,212,152,151,211,146,152,77,103,155,85,111,158,76,124,157,63,109,167,64,119,167,80,108,156,65,116,154,68,124,174,84,103,173,84,123,161,196,160,135,200,154,154,215,167,152,211,159,152,79,127,171,77,107,156,65,117,153,86,120,169,83,121,162,84,119,153,65,120,165,71,112,170,67,108,177,66,117,164,79,119,176,70,121,167,79,114,167,63,120,158,64,103,161,80,104,166,78,113,168,84,105,158,69,115,171,65,112,172,75,105,177,83,124,155,68,119,168,84,121,161,68,122,174,76,120,169,67,117,176,87,115,171,84,118,174,83,104,161,64,121,164,70,125,156,71,105,171,76,106,164,76,104,168,80,123,160,68,118,162,84,125,170
0,80,110,163,86,115,164,146,107,92,161,104,99,163,95,83,72,123,154,82,116,175,83,112,172,75,115,170,70,126,161,82,116,153,151,97,94,152,87,80,157,83,82,80,113,156,75,107,158,74,121,177,70,123,166,151,100,95,147,83,94,161,107,85,71,120,165,80,125,169,70,122,154,76,107,161,75,118,157,87,119,167,162,101,80,156,83,97,145,85,87,65,109,156,81,127,176,70,114,174,87,122,173,68,109,175,156,86,85,149,98,101,156,83,88,198,150,134,201,153,150,209,146,145,203,167,155,143,88,89,151,107,87,158,87,86,66,122,156,76,113,173,64,109,175,72,111,153,81,116,165,65,118,177,166,98,101,145,107,94,147,105,86,212,160,151,217,160,153,194,160,150,216,143,145,157,100,82,146,91,80,157,91,91,79,106,160,73,122,158,75,123,165,71,120,166,82,124,170,82,110,175,211,155,155,162,100,92,152,99,90,161,92,100,195,153,143,211,151,143,164,84,81,146,102,82,166,102,99,198,144,154,87,118,164,70,125,165,85,104,164,66,105,168,65,116,174,86,104,160,212,160,157,167,100,90,149,96,88,150,96,100,213,147,136,209,161,141,153,94,97,144,95,93,143,84,78,212,163,153,81,112,157,72,119,171,71,108,154,72,115,165,84,111,176,210,162,146,206,158,146,194,153,146,151,88,78,152,93,91,154,98,102,157,93,95,143,101,92,152,107,88,200,149,149,212,143,146,197,150,144,71,115,165,67,123,158,87,116,163,85,112,154,196,155,153,203,162,152,204,150,134,13,35,34,206,148,138,196,148,137,202,148,157,207,156,148,35,34,28,202,155,137,217,153,152,195,155,133,66,105,158,71,125,156,65,114,169,71,120,169,213,155,134,193,167,150,193,146,148,31,29,25,208,165,148,210,147,139,195,148,151,212,154,147,13,21,27,197,165,146,201,148,153,206,145,137,86,106,158,64,109,169,71,110,176,87,118,163,200,156,144,215,161,156,205,167,150,194,157,150,204,163,138,204,151,149,198,152,137,196,164,150,215,167,140,209,153,141,204,167,141,194,144,154,76,111,162,83,114,162,83,117,163,86,107,159,65,106,157,199,147,155,207,152,157,210,162,157,216,166,148,34,32,36,15,27,27,217,155,157,199,150,154,202,163,153,214,166,138,78,108,153,69,120,170,75,124,158,65,118,164,85,103,173,80,104,155,212,155,140,194,151,143,215,163,139,194,155,152,200,153,156,210,159,137,201,162,140,203,150,142,193,144,155,213,166,136,79,105,175,75,117,168,79,112,169,65,116,164,68,111,161,71,124,164,71,111,166,194,160,139,210,154,155,195,158,152,212,149,147,215,160,136,193,163,154,213,167,156,214,153,140,83,122,156,67,120,167,79,119,174,71,120,176,75,122,171,81,116,171,79,119,177,67,127,175,82,104,162,73,118,171,215,147,148,196,151,147,214,147,141,205,150,134,65,126,172,80,126,165,85,111,158,71,107,159,80,123,160,81,117,158,79,110,160,81,106,157,66,123,174,80,118,153,75,108,171,69,108,169,79,104,175,81,120,159,68,107,156,64,106,153,68,110,158,63,103,155,85,119,165,77,116,165,66,104,153,79,123,172,84,120,174,78,125,165,66,103,170,65,112,159,74,115,155,72,104,176,70,120,162,73,123,160,83,105,171,79,127,154,78,111,166,87,127,170,83,107,159,73,112,166,81,113,174,66,104,153
0,69,126,177,63,117,177,155,88,78,154,91,88,166,101,90,77,105,163,63,125,154,76,116,174,75,116,161,65,105,153,83,115,164,152,85,100,145,105,85,152,83,92,80,113,156,75,122,171,71,127,172,78,104,169,162,83,89,167,100,102,149,96,91,80,109,162,80,107,165,80,126,171,81,122,165,68,115,172,77,103,169,150,100,91,160,100,94,163,101,81,78,119,174,84,123,168,82,105,164,63,114,171,76,108,164,157,85,96,157,95,78,165,102,85,197,143,135,197,156,155,217,154,147,213,159,151,160,88,90,143,92,80,160,83,102,81,114,157,65,117,164,73,119,163,66,117,168,77,112,175,65,124,176,147,98,87,155,102,83,145,86,95,214,163,150,197,151,135,212,165,151,205,147,146,151,88,83,147,102,93,153,99,96,65,117,154,85,111,176,86,114,161,67,106,170,74,124,162,74,118,154,203,156,157,159,87,78,161,87,82,154,98,78,215,161,133,216,144,135,163,95,85,165,93,91,151,84,92,198,149,137,71,118,158,79,108,170,82,113,176,71,103,154,65,118,169,83,119,158,198,165,141,165,97,85,145,87,91,145,95,95,217,154,133,208,145,134,154,100,98,165,107,79,145,86,96,204,143,152,68,117,156,84,105,163,68,116,155,86,104,176,74,110,167,194,161,137,199,144,134,207,145,146,161,93,99,143,83,93,151,105,98,145,99,96,152,100,100,153,105,87,200,163,137,211,159,147,206,161,150,81,109,166,74,107,172,71,111,168,87,106,166,216,145,152,216,159,137,208,149,142,30,15,19,217,166,157,195,144,141,203,144,137,204,167,150,34,32,25,200,164,138,195,157,142,199,166,144,77,111,169,87,110,163,67,116,169,64,115,161,210,156,134,216,156,147,199,161,150,20,35,21,202,160,149,199,160,142,198,153,140,205,163,142,25,17,30,194,153,143,194,157,147,201,165,134,75,114,167,82,113,164,65,114,165,68,109,171,198,166,133,212,144,150,203,167,143,196,144,148,213,165,142,216,143,154,212,146,140,196,145,136,207,167,149,205,146,152,214,143,137,203,152,155,77,124,165,64,124,175,68,108,173,63,115,175,82,114,160,203,151,155,195,164,138,193,145,154,197,148,147,23,31,24,14,13,18,206,167,155,194,145,143,196,153,139,216,148,144,83,124,174,81,111,167,83,122,163,64,117,162,64,118,156,87,117,175,199,147,147,212,160,134,204,165,156,211,164,144,213,143,140,214,167,135,194,143,145,202,164,152,199,152,157,216,143,139,85,121,156,63,111,164,67,104,159,76,104,169,82,125,177,72,105,155,80,112,173,212,146,140,213,153,152,212,148,150,204,154,157,217,150,144,214,161,143,197,144,144,205,145,134,64,116,168,81,121,153,83,103,165,81,116,170,64,105,170,75,125,167,78,111,154,87,125,160,78,119,161,85,124,157,215,149,154,199,161,142,202,161,155,204,150,133,63,115,168,77,115,177,68,113,163,63,109,158,83,114,153,65,118,159,75,113,161,67,115,158,72,106,167,80,111,158,81,104,173,68,124,171,85,127,157,70,110,162,73,106,155,63,126,154,81,104,173,76,124,154,74,110,153,83,127,170,80,116,169,71,110,153,67,106,155,75,115,167,70,107,172,63,112,174,73,117,163,87,121,170,80,117,163,81,108,155,68,121,176,81,127,166,72,108,165,64,110,160,76,124,158,63,125,157,77,114,164,79,108,155
0,71,117,167,63,125,172,147,83,92,146,85,89,148,90,100,87,120,153,68,109,166,85,108,156,83,122,176,84,108,155,74,119,156,159,101,93,166,83,99,154,101,81,76,106,177,66,119,166,69,120,164,73,120,170,145,106,96,153,101,101,157,105,93,68,125,175,66,115,170,79,104,175,64,127,177,73,110,168,80,127,175,162,89,80,160,95,97,147,99,96,78,108,169,71,113,162,64,124,156,79,107,158,86,127,168,148,83,79,148,100,84,162,92,95,197,163,140,197,164,137,194,151,135,201,151,148,151,103,84,166,87,101,159,106,81,65,116,164,81,122,175,69,125,153,84,107,176,83,126,153,67,104,173,149,84,86,165,105,82,150,87,82,215,157,148,204,147,155,196,150,144,215,149,134,167,107,82,159,85,91,153,84,91,71,115,159,63,124,154,74,125,172,70,117,167,77,114,165,81,106,172,210,150,137,167,85,99,143,103,83,162,85,91,214,164,156,195,158,142,155,102,79,148,101,101,159,89,81,193,151,140,86,120,161,65,122,165,75,108,157,81,105,159,66,116,168,63,119,154,204,155,150,154,96,90,157,107,79,155,90,100,205,147,135,211,159,145,154,94,79,152,101,87,167,107,86,202,163,134,77,116,165,69,124,162,82,127,159,85,110,171,76,114,153,202,163,152,205,148,147,199,147,138,155,87,91,146,85,87,147,91,84,156,104,82,166,93,98,160,105,88,201,164,137,196,164,149,209,163,134,80,126,168,82,124,172,66,126,172,76,107,173,200,166,142,215,145,154,212,161,154,25,21,20,199,160,143,200,147,156,202,157,138,204,164,134,24,30,20,200,150,141,199,144,155,200,145,135,85,114,174,79,118,165,63,114,176,71,114,167,217,166,145,215,161,154,201,158,143,27,25,31,215,166,141,216,167,153,203,149,144,200,156,144,31,28,21,205,155,156,212,167,149,205,145,146,69,111,157,65,108,163,72,114,153,80,125,153,211,153,152,202,159,135,203,148,157,205,162,137,203,154,151,205,155,142,207,148,136,200,143,147,201,147,140,204,167,155,211,146,141,198,155,136,72,104,174,71,123,170,81,109,160,68,116,156,72,127,163,202,149,155,194,157,151,206,150,154,217,157,140,16,34,13,13,30,33,214,166,136,208,159,144,198,147,136,195,154,156,80,117,155,80,111,163,68,109,164,84,111,176,68,116,169,77,111,161,214,163,154,208,144,136,208,149,153,198,163,154,193,165,149,206,153,156,197,150,147,207,157,137,211,156,145,214,153,146,69,109,167,63,106,161,64,123,154,87,123,175,74,107,167,80,105,153,74,113,173,209,164,134,194,143,137,208,164,138,216,147,135,202,148,143,207,164,139,196,156,133,212,152,140,81,125,156,87,109,177,75,119,173,85,105,168,68,104,159,66,109,165,82,114,164,85,107,169,87,115,158,86,103,172,213,148,151,216,163,148,200,154,137,216,154,152,74,124,174,69,110,157,68,107,173,85,127,167,70,125,172,69,119,172,82,108,153,72,114,168,85,125,160,74,110,157,70,116,166,65,119,164,64,118,165,65,104,170,77,104,169,68,115,172,78,106,177,79,108,159,75,104,156,63,118,156,67,115,156,74,123,170,70,120,174,80,123,158,85,105,168,84,123,166,85,127,161,80,111,177,75,118,159,73,117,177,71,107,157,69,109,175,67,107,158,85,119,153,83,106,177,82,112,161,67,114,170,84,126,171
0,67,125,174,84,123,158,148,106,89,155,84,90,148,102,88,69,114,173,64,115,160,83,126,168,70,105,173,66,120,154,71,115,174,158,91,81,150,83,93,164,93,85,80,112,177,66,123,170,73,107,153,84,105,160,167,95,83,155,104,79,159,92,99,75,110,171,86,118,174,74,115,155,73,126,161,78,104,164,73,111,171,145,88,98,164,85,89,145,96,101,71,105,155,81,127,174,73,113,166,71,103,171,84,105,171,166,95,96,149,101,88,157,100,93,204,148,134,208,143,137,193,151,138,206,148,154,143,85,97,163,98,81,147,106,99,65,107,162,65,109,171,70,127,175,76,122,165,77,120,171,83,117,165,144,101,94,158,89,80,148,96,93,208,150,135,212,167,138,197,157,153,205,164,157,143,97,88,165,101,94,160,102,93,83,120,166,74,110,173,69,123,174,81,125,175,72,109,156,82,105,173,217,155,143,152,89,78,159,104,101,161,103,88,198,150,136,197,144,138,146,101,80,154,83,102,154,98,90,201,152,151,83,117,162,78,103,175,64,103,157,76,120,167,75,112,162,80,124,177,206,158,145,152,101,92,161,97,87,145,96,84,205,154,146,215,144,141,153,84,78,156,90,89,153,105,85,208,149,134,81,126,165,71,121,166,82,108,167,77,105,156,83,121,173,204,147,151,215,155,140,203,149,134,165,94,96,157,106,78,148,94,89,146,88,94,148,97,91,164,89,91,202,150,135,203,162,142,209,162,150,81,127,163,82,115,164,72,116,174,76,110,162,203,167,141,202,166,140,202,165,141,15,22,32,196,155,151,212,161,140,217,162,140,215,151,141,31,27,22,200,161,141,206,151,133,209,167,154,84,125,170,68,107,160,64,121,163,79,116,157,212,166,148,216,149,151,214,160,153,37,29,31,201,146,140,198,146,133,217,161,147,197,144,155,18,16,28,217,144,148,203,152,149,204,149,142,83,125,166,74,113,168,81,107,177,67,104,160,193,144,142,201,161,146,202,155,135,197,166,152,200,161,134,193,147,156,204,146,137,217,146,139,216,157,143,205,154,149,215,162,145,199,153,151,73,123,174,78,103,170,76,105,171,82,109,155,71,125,164,210,152,139,201,165,143,205,155,140,195,145,140,30,30,24,14,19,22,198,149,146,198,164,156,197,144,140,199,152,147,72,108,161,76,109,173,66,103,162,70,124,167,85,121,166,79,126,175,214,164,145,210,143,134,210,163,143,215,165,137,211,151,145,217,161,134,197,163,135,213,164,148,207,152,135,207,151,139,64,112,159,73,104,157,70,120,164,64,108,158,80,122,161,76,115,163,68,117,177,203,166,157,217,148,139,199,147,149,197,162,140,193,147,133,197,153,145,211,146,139,199,143,140,63,110,159,71,116,167,77,105,176,85,106,174,76,117,164,63,117,166,67,127,168,82,122,164,87,113,160,86,104,158,201,163,144,199,144,135,198,150,156,211,160,157,71,118,158,70,103,159,71,125,157,64,107,170,72,117,155,81,126,177,63,105,167,85,108,158,84,107,162,64,114,154,77,126,166,71,124,170,77,126,177,66,118,173,83,125,168,73,111,166,66,122,172,68,111,154,75,114,173,80,110,170,77,107,174,78,123,157,73,119,155,68,107,163,82,104,171,85,113,165,75,127,170,72,125,161,79,126,176,67,110,168,70,123,159,77,121,177,65,108,156,67,105,155,64,106,169,77,119,154,70,125,164,85,120,166
0,86,122,154,84,105,167,144,98,87,165,84,98,150,102,82,74,106,171,82,122,161,85,114,158,82,113,176,87,106,168,66,108,158,147,98,90,166,91,85,150,100,92,68,108,153,74,112,157,67,106,165,68,115,174,153,104,86,161,103,90,149,89,101,86,103,175,80,109,159,72,112,162,77,103,162,79,119,168,79,122,171,153,83,86,157,83,83,143,94,97,84,115,177,79,124,164,65,122,177,73,109,174,77,118,161,162,105,83,155,96,98,164,89,83,212,166,143,206,150,141,198,157,148,208,153,138,148,94,96,147,83,91,145,95,89,80,105,157,82,107,153,83,114,171,86,108,157,81,112,156,65,113,177,156,89,79,147,101,88,153,107,99,215,161,145,200,156,140,207,164,156,197,163,146,148,102,101,152,104,102,148,84,91,75,105,163,84,111,172,79,103,173,84,120,163,66,109,159,86,106,160,213,160,157,144,84,86,161,100,85,165,88,80,213,145,138,197,146,138,145,94,101,152,99,99,146,105,89,210,147,146,80,116,170,78,115,162,63,106,177,81,106,169,73,111,170,80,104,165,202,152,157,147,104,78,144,95,83,161,99,93,207,163,149,208,150,143,159,93,102,166,95,98,155,92,90,216,152,157,86,106,172,76,126,157,69,112,174,68,106,172,67,125,166,197,148,135,199,148,133,202,165,135,144,92,83,162,91,95,149,86,87,166,98,94,161,107,100,146,85,93,212,157,137,217,156,151,212,162,152,71,121,175,79,106,173,68,119,175,69,106,176,210,143,134,200,156,146,206,143,156,35,36,18,215,143,134,193,154,139,216,148,150,203,149,150,25,19,16,193,153,153,194,153,138,201,150,149,70,120,175,63,114,170,85,108,166,82,108,174,217,161,157,212,144,134,207,155,150,35,26,18,207,167,146,200,150,138,210,149,149,212,155,154,19,19,28,206,166,135,209,153,153,196,163,150,87,127,165,68,115,167,66,110,166,80,112,177,196,143,135,199,147,154,209,148,139,200,165,152,197,146,154,210,159,156,200,154,138,207,166,152,216,145,149,208,153,155,217,166,155,193,155,148,78,115,156,83,104,166,87,123,176,74,121,158,63,123,170,209,146,153,201,150,157,195,162,137,207,162,147,26,16,27,29,35,16,204,161,146,211,160,153,200,160,155,202,154,154,78,108,176,84,103,175,86,107,175,75,115,164,85,115,170,75,127,158,212,154,151,196,147,143,207,149,142,212,159,151,211,148,143,203,150,152,201,164,146,213,163,133,217,157,156,202,147,151,82,103,167,71,123,168,67,127,172,76,116,171,72,105,177,77,121,172,75,118,153,210,143,150,212,157,142,214,164,148,201,160,144,214,162,151,202,155,141,195,159,139,212,159,142,66,116,167,70,112,167,79,123,163,69,115,176,81,120,170,66,115,162,87,121,170,63,111,162,73,103,172,68,124,173,209,155,133,203,148,136,194,148,145,197,157,134,75,115,162,80,122,154,63,120,158,71,120,161,74,119,156,87,110,153,80,120,171,80,109,174,64,113,168,72,124,170,80,110,172,82,126,168,71,126,156,80,114,166,70,103,157,77,114,153,64,103,159,64,124,164,86,115,177,84,115,156,81,127,172,74,123,159,63,114,165,72,106,170,71,127,171,69,117,170,84,112,166,77,121,154,79,127,168,86,103,173,66,119,168,68,116,173,64,103,156,83,127,159,76,114,175,66,104,160,71,112,162,71,107,172
0,82,104,165,78,111,174,153,96,95,155,94,83,152,84,90,67,127,157,66,113,164,82,122,166,78,107,163,76,127,158,68,108,156,162,83,88,150,89,98,163,104,87,77,103,161,78,112,168,75,112,170,72,124,163,154,102,85,162,96,88,148,86,85,80,110,163,63,118,155,67,112,163,86,114,159,66,108,175,82,104,153,166,90,90,147,104,83,145,85,100,87,118,160,87,123,157,83,117,168,68,116,177,71,120,173,160,106,85,162,94,95,153,105,99,203,160,143,198,148,151,214,152,138,214,154,137,165,93,81,155,86,94,153,98,89,82,105,167,65,104,163,64,119,173,64,114,162,82,105,161,77,117,162,151,98,85,167,94,98,149,94,102,197,152,147,209,166,156,216,152,136,207,146,144,161,92,100,161,97,84,151,92,97,69,104,163,70,118,169,80,103,160,69,106,169,69,116,155,65,125,159,200,163,149,162,88,91,144,99,93,159,100,83,210,145,144,198,158,150,158,89,78,152,100,91,148,93,99,195,153,138,66,117,175,72,116,163,84,109,163,86,110,168,79,104,156,79,121,156,204,156,154,158,89,87,151,95,93,145,106,93,207,166,145,198,161,145,161,85,87,150,89,90,147,101,97,211,151,145,83,116,161,73,104,172,81,121,171,63,125,154,66,104,170,212,160,143,208,150,151,193,160,140,164,105,88,148,86,100,145,100,97,156,104,94,152,92,83,163,92,90,201,166,149,217,159,142,212,167,154,82,126,167,81,114,167,68,120,164,87,118,163,213,165,151,204,167,149,197,159,156,16,31,14,198,147,135,207,166,151,207,166,150,212,164,154,33,15,17,202,159,150,199,163,152,207,145,147,63,113,177,81,119,162,71,113,156,71,109,166,208,167,138,209,155,149,196,145,138,36,19,33,193,149,149,209,153,157,206,160,136,217,145,151,20,32,28,210,145,141,203,161,133,193,166,152,84,126,171,83,108,156,77,117,171,64,114,163,197,160,146,206,161,139,200,154,135,213,164,143,216,159,150,217,143,157,216,157,156,193,167,154,203,149,137,214,155,133,216,166,136,196,161,140,81,105,153,70,120,157,81,118,162,67,123,163,74,106,160,216,156,134,211,144,155,209,153,150,196,159,155,16,14,22,23,14,17,202,149,155,207,149,145,195,153,155,209,158,139,75,127,165,67,117,155,69,125,164,79,126,172,75,121,160,69,114,160,212,144,155,193,163,143,210,153,157,206,145,144,213,152,147,214,150,135,213,153,145,205,150,151,208,161,138,204,154,136,66,115,162,70,115,174,82,104,174,67,119,160,78,118,158,77,103,158,80,122,166,217,163,145,206,143,143,200,152,138,209,145,145,201,151,135,215,164,146,195,144,136,212,165,147,73,123,159,73,120,173,72,116,161,64,114,156,64,109,174,80,120,153,67,118,159,63,111,157,78,116,159,76,107,169,196,151,153,201,164,141,207,146,149,217,161,140,81,113,159,63,121,166,81,104,166,78,115,161,85,127,174,82,123,175,63,121,158,68,119,170,87,111,172,79,117,177,71,113,177,74,106,175,70,127,163,80,126,167,67,118,156,77,111,159,63,123,166,80,120,156,66,127,165,71,127,176,87,104,159,72,109,171,79,127,169,65,119,168,69,120,168,77,123,176,74,119,160,86,110,159,75,112,177,78,117,153,71,106,160,85,103,172,63,122,156,74,109,169,83,116,153,68,120,157,75,107,164,71,108,154
0,71,105,173,68,110,155,162,84,101,163,94,92,157,87,78,71,127,161,65,103,154,85,125,168,85,121,175,71,106,171,69,108,161,154,107,85,160,103,80,144,102,93,85,122,162,66,123,157,67,127,161,80,117,153,161,106,101,160,98,82,166,95,86,81,116,159,68,108,164,65,118,162,67,108,162,63,111,175,83,124,159,148,96,81,146,100,97,144,84,84,72,115,169,76,106,175,75,109,154,78,103,157,80,115,167,165,103,83,144,87,102,144,84,97,203,167,140,205,156,156,197,145,151,204,149,146,160,101,78,143,93,92,158,102,88,63,104,156,78,110,157,73,121,153,63,117,159,82,117,155,69,127,177,144,103,92,148,88,80,146,89,95,205,161,134,216,159,148,195,163,145,208,147,138,146,83,86,153,105,102,151,106,91,66,118,156,81,108,170,65,118,153,77,111,162,70,116,154,67,110,177,202,152,137,148,94,82,145,103,90,143,87,88,198,149,151,201,167,135,147,106,99,166,83,96,151,92,101,207,158,138,75,122,153,69,124,158,76,123,173,74,113,156,70,107,168,76,105,173,207,162,142,166,100,78,164,87,86,154,105,89,211,160,144,196,155,134,147,86,81,161,104,81,153,100,96,195,148,146,80,115,177,85,112,176,82,120,166,71,118,170,76,119,174,206,147,139,207,155,134,193,159,149,151,92,92,151,83,94,166,90,92,164,100,80,161,86,96,144,98,87,212,161,137,195,156,142,194,144,145,81,126,176,87,119,177,69,115,172,86,123,157,199,153,140,201,160,141,209,156,141,27,14,29,198,146,140,211,159,146,203,151,146,198,147,155,13,18,15,198,149,156,216,158,154,216,147,133,74,113,153,69,127,159,63,104,153,63,120,169,205,150,142,216,165,145,207,150,151,16,32,13,193,159,149,211,167,157,211,145,136,201,146,145,13,13,31,195,155,151,217,166,153,197,150,137,84,118,159,77,126,171,84,120,177,81,126,167,216,165,152,194,155,133,210,166,143,202,160,135,210,156,148,201,155,140,194,144,133,212,161,149,201,164,140,200,156,136,196,166,140,207,145,136,79,105,163,65,124,172,80,123,164,85,111,163,79,107,177,211,152,137,193,149,153,201,164,133,195,154,139,23,37,20,21,26,26,193,157,143,205,161,152,212,151,142,211,165,141,75,116,167,67,125,154,66,104,170,67,111,173,86,103,157,85,127,170,195,165,149,197,147,153,200,159,147,212,167,142,193,147,145,197,144,149,204,159,135,208,151,155,203,147,147,200,154,153,69,116,162,68,110,164,77,103,153,72,105,158,82,106,177,80,107,170,85,113,156,210,146,154,206,145,153,198,163,143,204,161,133,202,164,145,196,144,134,207,162,138,200,144,141,76,116,153,64,105,157,80,110,169,67,117,155,63,105,176,86,108,159,67,121,176,83,116,155,74,105,157,63,123,161,210,165,144,193,158,156,206,156,157,203,150,157,86,127,161,72,115,176,64,112,173,68,107,167,76,110,173,72,115,153,66,122,155,73,110,153,74,118,176,86,123,159,86,112,168,67,111,160,74,120,166,65,118,166,80,108,158,73,127,156,86,124,157,77,124,158,75,117,153,79,115,166,85,115,164,85,115,157,67,111,155,82,117,166,80,117,169,71,122,162,78,117,155,84,108,171,64,123,159,74,103,154,76,106,169,72,119,171,78,112,157,67,110,163,71,109,162,64,112,176,76,126,177,75,120,157
0,66,107,155,73,123,166,151,102,101,167,94,83,154,91,96,68,103,165,84,125,161,72,123,155,87,106,156,84,125,172,78,127,159,160,100,80,159,87,92,150,83,99,76,110,162,70,113,174,81,112,169,79,108,176,145,99,94,151,101,91,160,83,90,75,111,177,63,114,156,66,104,158,65,108,164,72,109,174,86,111,155,166,88,85,143,86,100,155,84,87,82,126,169,76,103,160,78,107,156,85,126,173,79,115,154,144,89,83,144,105,84,146,102,92,210,161,152,212,144,135,195,151,134,193,149,142,158,86,85,146,107,100,158,106,81,81,117,177,83,120,166,64,127,176,66,123,177,75,107,177,74,124,175,162,107,79,166,99,86,146,101,98,202,163,147,209,153,144,193,163,136,195,149,147,153,90,88,159,88,100,146,83,93,68,120,169,84,117,169,86,103,168,67,127,167,82,127,154,85,110,167,196,156,136,156,83,95,165,99,81,167,102,93,197,147,139,214,162,157,161,103,90,151,98,93,167,86,95,199,158,143,70,104,167,76,120,156,63,108,162,80,103,174,86,125,170,74,114,167,209,144,133,148,103,86,164,92,84,167,87,84,205,148,138,196,155,151,144,95,97,164,107,90,160,94,92,201,155,154,78,103,165,77,124,174,74,105,166,82,125,156,70,121,164,215,166,137,195,153,134,216,146,146,152,87,90,145,83,93,143,89,84,154,84,98,159,107,86,148,92,84,215,166,155,196,162,150,200,161,137,72,120,162,79,105,160,63,103,162,66,126,166,212,145,133,203,150,134,197,146,144,15,25,28,216,154,157,215,160,145,215,152,145,215,150,140,34,32,23,200,152,150,195,145,133,203,143,136,87,111,168,76,111,177,67,118,169,81,116,156,203,158,140,210,153,143,216,167,136,17,30,37,195,157,148,203,146,137,200,161,144,217,161,148,29,16,23,204,151,137,205,163,134,217,164,152,77,108,160,86,115,153,67,112,162,76,127,176,204,167,141,206,167,147,207,147,134,204,145,147,196,143,147,199,144,149,207,146,144,205,151,157,213,158,150,213,167,140,208,164,156,194,149,136,78,113,162,70,119,153,87,108,167,72,105,162,79,113,175,207,164,138,205,144,138,211,148,143,201,167,157,25,34,29,25,17,27,198,160,149,202,144,147,206,156,141,197,143,147,83,115,174,69,107,168,65,125,159,73,109,176,80,115,168,76,125,157,204,162,137,199,159,146,216,159,148,212,144,146,214,165,133,201,159,149,205,161,154,200,148,134,215,153,157,204,167,140,71,103,164,63,124,169,82,127,157,78,109,171,76,126,155,73,122,167,76,111,177,193,153,139,214,163,156,203,156,147,194,166,148,209,162,147,208,165,143,204,151,138,206,145,151,85,103,160,79,111,157,68,118,159,75,126,157,77,126,159,68,104,175,68,108,173,67,118,156,66,127,155,77,114,173,208,156,152,196,158,136,206,148,134,217,152,138,82,120,164,66,112,161,80,115,171,80,110,154,74,108,156,76,121,153,69,121,158,68,103,158,86,116,171,80,103,156,71,108,174,75,111,168,65,104,166,80,103,155,77,117,177,63,109,155,75,109,167,87,104,163,84,103,154,72,121,159,69,108,166,77,108,161,71,115,171,70,106,167,68,121,161,77,116,160,80,103,170,70,121,154,86,115,177,73,111,154,68,114,172,86,122,170,73,106,175,82,110,176,82,110,157,77,125,158,87,118,158,80,105,158
0,81,106,165,70,114,173,144,92,102,161,96,79,147,96,100,76,117,165,83,113,158,77,108,170,83,112,164,69,121,168,71,122,176,163,101,89,143,97,101,143,99,95,76,112,153,76,126,168,74,127,166,63,108,154,160,83,99,165,86,96,148,102,79,68,108,177,65,114,177,72,110,172,64,111,161,80,121,154,81,110,158,148,94,84,150,89,83,143,88,85,74,105,154,67,114,173,73,114,154,66,122,176,70,113,162,153,105,99,144,90,90,161,99,95,210,152,155,199,162,139,217,167,140,199,148,142,150,95,83,161,96,82,143,100,78,74,121,176,86,120,173,70,106,157,71,127,161,65,108,171,64,117,177,153,107,97,155,93,97,162,102,82,194,146,137,200,158,145,199,145,148,207,152,151,154,91,83,145,83,90,148,102,102,71,123,155,81,109,167,73,122,156,81,107,158,75,117,155,85,110,156,208,154,140,166,95,82,156,91,93,153,87,99,209,163,145,201,155,136,147,105,78,162,96,81,157,107,85,193,143,151,81,108,174,86,120,161,73,107,161,64,109,158,85,106,155,74,125,160,203,154,133,153,86,86,149,106,102,147,86,96,213,146,142,200,164,134,159,97,93,161,97,98,147,91,92,212,147,144,85,126,161,67,107,155,79,120,160,85,111,173,84,113,175,210,146,151,198,166,133,202,167,150,158,98,79,156,98,98,155,101,84,149,90,102,148,101,96,160,96,89,196,154,152,194,148,143,207,165,150,84,112,166,71,104,169,73,123,169,74,126,169,209,149,156,210,148,157,203,165,146,35,28,17,205,148,133,216,159,141,205,158,137,214,161,157,18,24,22,199,167,153,203,166,144,195,161,145,68,120,158,68,108,164,63,127,156,80,108,164,216,164,153,205,148,157,202,157,138,30,26,19,211,167,141,198,163,133,195,148,138,200,151,135,22,31,31,198,162,133,193,162,155,213,156,145,68,125,167,64,107,166,75,103,161,73,104,171,204,156,139,198,145,148,202,163,134,193,165,140,212,145,134,216,167,135,211,150,140,204,167,139,210,162,138,197,148,142,207,145,135,211,150,145,63,125,154,76,103,169,67,117,168,84,104,163,75,111,165,196,164,156,206,144,148,206,147,145,202,149,155,29,35,24,13,13,31,203,150,147,198,149,141,206,145,147,206,164,137,70,124,156,69,109,166,66,103,173,82,111,162,85,105,166,72,107,159,215,146,145,204,151,142,196,166,139,207,148,147,208,164,145,209,154,148,206,167,134,206,165,139,201,162,142,198,162,134,71,116,155,78,113,163,66,119,170,77,103,155,78,122,172,81,109,158,72,125,158,194,148,142,210,150,147,202,151,157,201,145,157,208,148,140,201,154,146,217,153,139,209,155,151,71,117,171,87,103,158,74,112,177,80,114,176,70,115,177,67,116,170,81,104,161,85,117,158,69,119,166,86,125,161,195,163,133,193,162,143,200,159,143,213,153,148,86,111,158,65,115,176,71,110,163,87,121,172,63,104,171,87,110,168,80,105,161,84,116,154,72,118,173,83,116,176,66,112,160,77,119,169,71,111,159,77,104,165,86,115,155,80,127,167,83,114,166,71,116,167,67,124,165,87,110,165,80,105,164,84,112,175,65,119,164,79,126,172,81,104,154,67,117,168,85,108,171,66,103,177,79,112,163,64,125,167,83,120,165,63,112,160,74,116,177,76,104,163,64,110,175,70,117,161,76,121,169,70,109,153
0,75,118,173,77,124,159,143,95,93,165,86,95,147,88,101,68,116,166,78,121,173,71,127,155,82,103,177,79,117,169,83,119,166,153,89,94,167,93,99,162,84,90,78,127,159,81,116,159,72,124,158,85,119,175,162,99,102,158,95,78,166,93,98,73,103,174,83,112,171,67,107,156,85,117,154,71,123,170,76,127,175,167,85,95,155,104,101,157,83,91,75,109,158,64,127,155,75,127,158,81,124,153,78,109,171,161,88,102,159,102,80,164,101,95,198,158,136,210,147,146,215,153,157,199,167,140,157,85,92,166,83,95,156,92,97,71,108,165,81,112,158,63,109,175,85,121,170,84,124,160,65,124,177,150,93,87,164,103,97,165,83,81,202,154,157,211,162,146,207,143,145,212,148,135,162,93,95,157,89,78,154,91,97,79,108,161,70,120,169,86,127,161,84,110,154,85,107,175,84,126,155,207,166,150,146,96,93,159,83,90,163,95,98,201,164,140,214,146,143,163,99,96,167,107,79,146,95,98,201,167,151,86,124,157,83,119,155,73,103,159,77,127,154,66,118,154,82,107,166,213,152,134,157,84,84,143,99,98,160,84,94,213,145,147,198,155,137,159,88,97,156,100,83,163,107,87,202,159,143,87,103,174,63,117,157,79,119,174,81,113,171,68,123,173,207,163,141,195,145,146,210,143,146,161,104,81,166,102,90,146,88,93,155,95,82,143,100,79,159,87,78,200,162,136,207,144,153,217,148,146,69,124,161,71,111,159,73,122,165,83,123,158,213,151,143,209,164,148,193,145,138,13,36,36,202,164,154,197,152,138,214,154,139,206,162,133,31,15,17,200,157,144,200,143,138,210,151,151,77,115,175,64,110,172,75,123,177,77,103,157,217,152,140,205,153,137,217,165,142,14,24,24,200,165,157,206,151,149,217,145,155,210,157,144,37,21,34,193,150,145,215,151,149,210,147,136,74,125,171,77,118,160,79,114,161,85,115,166,197,149,137,200,156,134,205,155,147,212,167,152,209,156,142,211,145,137,204,161,142,211,158,154,198,147,156,194,151,138,212,159,145,198,148,146,81,122,157,63,115,166,75,105,167,81,121,166,68,109,164,205,162,151,212,164,137,211,166,152,216,160,140,19,23,37,30,36,28,205,160,149,207,165,148,207,162,138,204,167,146,63,112,156,70,111,169,68,104,169,71,122,160,66,113,159,82,119,176,199,167,152,195,147,137,205,143,133,193,145,142,202,144,153,214,165,147,205,147,152,216,166,135,202,166,153,214,150,134,72,126,171,65,109,162,66,103,159,79,121,168,73,107,173,80,118,157,64,121,172,210,156,153,203,164,145,202,148,156,214,165,137,202,143,143,212,165,153,197,144,149,198,150,143,70,103,171,78,116,166,82,106,172,71,120,172,75,107,171,87,120,154,83,114,165,80,107,153,65,118,174,74,110,173,193,157,152,206,156,136,209,156,151,203,158,137,87,127,173,86,123,177,72,103,162,70,112,168,71,106,175,68,113,160,65,124,159,78,124,172,73,115,156,63,104,168,78,118,159,83,108,155,78,114,154,70,116,155,87,121,177,84,108,154,67,125,163,82,126,171,82,126,155,81,109,169,78,109,159,77,104,159,72,126,158,72,112,161,77,112,170,82,103,177,71,118,166,63,117,176,80,116,157,87,110,163,65,103,175,78,116,163,65,127,177,82,105,168,83,104,175,80,127,164,65,118,175,70,124,158
0,80,121,164,65,111,164,155,89,86,144,102,80,160,94,94,63,114,164,80,126,155,86,126,156,73,117,161,71,125,172,75,124,164,150,102,99,146,95,79,163,98,93,63,104,162,63,121,160,63,125,162,73,112,156,160,91,78,167,90,97,165,100,82,68,105,170,63,124,159,81,115,165,87,108,177,86,126,154,70,119,164,160,100,90,164,91,98,165,106,78,84,117,170,80,103,157,75,113,158,82,125,163,65,115,162,165,96,100,162,89,84,166,90,88,216,156,137,199,144,139,212,157,142,201,143,149,159,84,102,167,96,93,144,99,101,82,120,168,64,122,158,64,124,175,66,122,175,82,105,170,86,125,173,152,90,80,145,89,99,147,95,90,196,146,143,210,151,150,203,160,134,203,148,145,150,88,99,146,86,97,163,95,79,72,117,174,84,108,157,63,113,160,82,118,174,63,118,168,71,114,175,201,152,148,166,105,79,160,104,99,167,87,98,199,145,147,217,145,142,155,106,80,162,101,88,166,90,96,201,156,148,75,116,157,76,108,160,73,125,177,81,115,153,74,110,153,67,126,165,195,166,150,152,83,82,154,98,95,157,83,84,205,159,145,194,153,134,155,90,79,155,95,85,156,83,89,194,147,156,79,123,155,83,123,166,71,103,172,80,121,156,63,109,171,194,161,136,198,144,156,200,163,133,147,94,82,143,102,86,153,88,100,149,107,92,167,94,96,157,105,97,204,150,136,211,163,138,205,144,134,82,125,170,76,104,157,77,114,168,72,124,163,201,151,153,211,147,134,203,152,156,30,32,22,215,152,143,200,159,135,196,160,133,213,160,136,35,30,32,205,154,153,204,159,139,202,152,157,73,115,165,68,108,172,84,114,157,66,118,172,208,144,143,215,156,145,193,150,146,16,26,17,202,160,146,193,157,133,202,157,153,197,167,146,25,13,17,199,154,135,204,159,144,193,145,144,69,124,153,65,117,160,84,126,173,65,116,168,196,153,146,194,154,149,207,161,134,204,147,138,201,152,135,199,150,151,203,152,147,211,151,134,215,155,141,216,166,144,199,146,154,203,165,147,81,104,163,86,117,156,81,126,155,87,123,169,83,121,170,205,156,156,202,165,145,211,149,146,203,155,136,30,20,19,23,35,32,208,151,153,214,160,147,205,160,133,204,164,147,64,127,158,70,126,175,78,118,176,65,120,161,70,103,173,66,121,158,198,143,152,204,156,148,200,149,139,197,165,155,212,165,148,199,164,137,199,161,145,202,151,134,198,160,137,203,150,157,68,115,167,75,122,171,83,108,161,68,117,168,70,122,175,68,110,176,80,113,173,197,144,137,200,164,138,193,161,136,201,165,133,195,156,152,199,150,157,198,159,141,202,147,139,72,118,174,65,122,171,79,107,172,63,124,168,73,113,155,73,111,175,73,107,165,64,117,163,76,121,175,82,122,155,199,160,140,196,143,133,215,155,142,200,149,154,67,108,177,87,116,173,86,127,157,67,118,167,77,117,159,69,105,166,86,119,175,64,115,165,72,126,168,63,117,153,69,120,164,64,110,165,64,113,172,73,108,172,79,112,157,83,112,155,86,104,173,78,125,162,86,104,157,78,111,153,84,123,166,78,127,164,79,108,166,77,116,157,74,121,153,76,108,153,64,110,175,75,109,169,84,114,173,75,111,166,86,105,162,81,117,161,73,122,168,83,121,159,66,119,159,81,125,177,81,124,168,86,121,170
0,85,111,172,65,111,172,165,99,91,144,101,101,162,93,88,63,112,172,85,124,159,67,116,177,76,112,159,67,107,176,70,121,161,155,86,82,146,88,100,160,101,100,80,123,155,84,106,163,82,112,170,73,110,161,143,83,100,145,88,99,157,96,101,85,108,157,69,121,169,85,112,168,72,108,173,68,113,165,85,117,176,159,105,93,145,99,102,159,99,82,67,109,167,79,123,170,83,118,154,73,124,170,72,105,165,159,84,90,165,85,101,149,105,101,201,161,153,204,155,142,207,166,151,212,160,141,155,83,102,164,93,94,156,104,92,82,111,171,87,115,159,84,120,160,63,122,167,67,109,165,66,104,170,144,101,82,156,85,90,155,87,78,196,156,143,204,153,156,207,164,149,206,151,143,158,104,94,155,93,88,167,107,89,78,114,156,68,111,168,76,111,153,63,104,165,79,117,163,79,116,169,197,152,154,144,94,80,156,95,89,151,93,81,197,148,141,202,151,135,167,99,96,162,98,87,143,87,84,199,159,146,80,116,153,79,127,160,73,118,154,86,105,167,63,110,166,69,104,172,202,151,137,149,99,98,156,84,83,144,105,88,216,144,150,212,166,150,150,83,97,167,91,101,145,89,86,214,161,133,81,127,166,83,105,172,78,122,168,81,118,157,71,113,157,210,151,136,199,154,145,212,151,149,143,92,88,144,97,84,154,107,102,155,107,100,158,92,94,143,101,88,208,163,153,200,161,141,214,143,143,81,123,177,80,104,157,84,116,153,68,125,172,201,151,137,213,144,140,195,154,149,32,37,17,203,159,141,212,143,147,199,152,137,194,150,136,31,36,27,214,157,148,202,160,146,207,154,152,74,106,174,72,105,169,76,126,161,84,119,176,198,149,133,209,159,157,216,147,152,23,33,29,205,165,149,201,146,151,206,148,140,213,167,140,18,26,13,216,163,144,216,160,145,215,162,157,71,108,167,76,118,162,79,109,156,77,109,175,193,155,145,198,161,139,214,163,154,195,154,135,209,167,135,207,160,149,197,152,157,197,155,144,203,161,142,206,162,150,211,143,146,197,150,137,77,126,157,70,123,168,66,117,172,79,121,153,67,108,160,208,164,151,194,144,155,217,156,143,201,165,150,33,33,27,14,34,30,201,157,147,211,153,155,201,145,153,207,156,148,73,113,159,81,119,155,80,120,172,84,104,167,86,109,167,79,105,164,211,145,143,208,162,134,210,161,142,204,159,152,217,165,153,205,148,145,210,149,149,201,160,149,207,156,139,209,143,137,63,124,168,75,105,157,70,121,165,84,106,158,66,123,174,82,103,173,73,126,155,210,160,136,197,161,153,210,159,153,205,163,157,196,159,157,197,143,153,208,143,145,205,165,157,82,104,156,64,117,171,67,110,168,87,107,171,80,107,165,80,122,160,70,111,175,79,124,166,84,112,172,77,104,160,215,153,134,206,158,143,207,159,152,206,159,156,70,109,163,74,125,167,63,118,167,70,126,156,87,108,174,69,106,163,73,113,173,64,124,177,73,117,174,64,114,157,83,105,169,78,122,172,84,126,160,79,111,175,71,111,154,72,114,169,80,109,156,65,112,155,72,118,154,83,125,156,87,107,160,83,113,154,69,115,170,77,106,163,83,127,165,87,120,172,65,126,154,81,123,167,77,122,167,80,104,157,70,123,162,87,123,161,74,116,169,72,111,166,78,121,162,63,127,160,87,116,176,76,112,153
0,65,116,159,67,122,163,158,89,102,158,99,99,149,86,89,81,118,164,77,125,158,82,125,174,67,124,167,70,106,169,75,120,177,166,89,100,144,87,96,145,93,95,74,125,174,72,123,158,70,110,158,72,105,165,166,94,80,160,94,98,166,91,95,70,121,166,75,103,167,69,112,162,75,118,175,71,115,158,86,106,164,166,103,96,154,100,87,163,85,98,78,111,176,82,106,166,65,117,153,73,103,158,68,105,169,164,86,90,161,100,80,163,92,81,200,167,142,201,164,148,205,165,134,215,161,141,160,89,100,158,97,87,143,106,82,81,126,157,80,115,162,84,123,160,69,127,153,67,116,173,74,126,153,161,106,98,161,95,100,148,86,95,199,156,145,207,157,136,212,166,145,206,156,146,145,83,82,153,106,90,150,91,83,64,107,157,67,124,175,70,111,172,81,120,154,65,109,176,77,116,170,200,156,148,154,102,101,143,86,93,157,102,80,203,147,153,202,151,145,146,91,87,143,102,83,149,90,102,204,145,147,72,115,164,76,112,157,75,104,156,80,115,160,78,127,157,75,109,155,211,161,157,154,106,98,155,102,98,153,94,96,217,148,153,198,158,154,157,95,86,145,92,97,144,83,84,210,153,133,68,126,163,73,105,176,86,109,161,87,112,174,71,120,165,208,147,138,210,160,140,211,143,142,158,107,85,150,85,86,154,91,90,166,106,100,145,94,99,158,92,96,199,147,144,195,146,141,215,161,147,79,119,167,81,113,159,65,107,175,63,112,153,211,153,142,200,157,148,213,156,146,16,29,19,194,165,149,204,159,134,194,146,156,215,160,148,20,15,22,199,161,135,203,145,135,201,150,146,78,120,166,68,123,156,63,118,170,65,120,167,196,144,152,214,155,153,209,153,146,22,17,23,217,157,134,206,163,150,213,143,137,206,161,154,19,20,36,195,154,141,198,165,156,199,143,145,64,104,158,69,104,158,79,116,163,83,125,163,215,143,154,203,147,138,202,166,136,196,152,137,193,155,146,208,144,136,203,145,141,203,166,151,211,147,133,196,155,146,200,149,156,209,147,137,67,107,161,64,104,163,70,121,157,68,124,158,64,114,165,197,163,133,196,164,156,212,167,134,195,146,157,19,21,30,22,19,20,211,146,139,200,163,138,204,148,149,205,146,139,68,110,176,82,111,163,76,124,162,73,107,159,72,108,169,75,112,177,202,162,147,206,143,138,201,161,149,206,156,139,201,148,156,194,166,151,204,150,146,217,157,153,214,158,153,200,151,154,81,120,173,83,114,158,82,118,160,74,115,177,65,113,175,68,115,165,74,113,171,195,151,148,217,155,138,204,150,153,209,144,152,206,156,142,196,151,148,204,150,140,205,161,155,74,108,162,77,127,161,87,115,166,86,113,174,70,113,159,80,121,175,85,125,166,67,127,173,87,121,170,73,126,160,197,152,139,215,167,145,208,161,137,202,146,143,78,105,158,83,117,173,85,116,159,86,123,170,70,113,161,69,124,162,76,120,163,79,126,166,70,124,171,63,116,156,75,126,170,67,112,171,78,121,173,70,122,172,87,127,170,84,105,166,66,114,160,84,119,155,66,115,169,83,109,175,77,105,153,70,103,168,69,118,157,75,104,168,85,108,177,87,103,156,71,120,172,76,118,170,85,103,170,67,115,176,71,121,159,66,107,156,72,115,159,81,127,162,87,117,165,68,113,173,71,107,176,81,123,158
0,75,125,162,74,127,165,149,89,97,146,97,82,166,101,96,83,112,153,69,115,171,71,119,174,65,124,156,68,123,166,85,115,175,152,101,92,145,102,91,157,104,78,76,124,170,70,109,163,70,122,156,64,106,165,146,88,89,167,101,78,146,95,102,85,110,171,82,111,176,81,104,177,87,105,159,70,110,161,71,109,168,164,96,93,164,89,99,151,100,81,72,104,171,80,125,161,65,126,154,65,116,168,82,109,154,145,91,95,145,86,90,143,92,96,213,165,151,214,164,135,217,143,134,202,163,138,144,87,94,160,96,91,146,95,95,64,126,155,82,122,154,70,112,157,66,127,159,71,119,176,73,112,170,151,87,79,149,93,84,145,96,79,215,158,151,214,146,148,211,146,139,210,155,134,145,93,93,146,105,80,158,86,84,67,125,156,81,124,162,63,107,162,77,124,153,68,119,170,83,105,162,195,146,137,160,97,98,152,93,82,158,105,80,217,162,139,206,158,149,154,98,90,152,96,84,162,85,85,210,145,134,83,118,162,82,106,174,75,106,171,72,108,160,83,107,156,74,112,154,195,165,140,145,93,84,153,84,91,162,104,91,214,148,145,195,156,150,151,94,88,148,93,83,167,103,93,216,152,135,63,107,173,74,112,168,86,105,175,77,121,170,82,125,172,201,159,149,204,156,145,212,152,149,161,102,85,144,83,89,146,101,98,165,106,88,156,97,89,164,95,84,204,154,157,209,152,137,198,157,153,86,105,167,67,115,165,67,127,173,74,115,164,193,151,145,193,158,133,214,144,135,22,33,21,196,150,133,205,159,153,206,148,141,194,165,149,27,37,16,193,143,153,206,156,150,212,144,154,71,127,156,78,107,170,67,103,168,76,108,159,209,166,136,196,154,154,198,147,140,17,30,17,198,148,150,197,152,133,210,151,148,203,147,149,19,24,32,211,162,142,194,143,141,195,144,156,87,120,161,77,122,156,70,114,156,85,106,160,204,164,133,217,153,139,203,167,147,197,148,157,213,159,151,197,143,146,202,146,153,215,164,144,208,160,134,212,167,147,209,150,133,197,160,133,65,103,162,66,122,162,85,113,160,72,105,172,73,127,157,217,159,157,196,163,141,202,158,150,206,157,142,36,33,17,30,14,18,195,163,149,214,160,152,200,143,145,200,167,144,78,120,173,85,103,174,70,117,170,81,127,156,84,107,156,70,124,172,216,165,147,201,150,156,205,162,151,193,153,143,210,153,144,208,154,151,211,152,155,217,143,150,217,151,138,211,166,133,76,122,166,81,123,154,85,112,164,67,119,172,80,116,153,75,105,176,64,115,163,206,157,140,200,157,157,201,154,147,194,145,145,203,147,147,206,145,140,206,164,150,195,152,151,80,104,157,74,110,173,63,119,161,69,118,176,75,122,172,68,123,172,75,112,161,72,117,177,78,108,163,63,120,162,214,148,140,216,147,141,198,149,142,209,143,157,64,111,155,77,125,157,72,106,176,73,113,160,75,122,156,73,120,163,73,117,162,81,103,165,68,118,171,75,103,158,71,108,164,77,104,160,87,109,160,84,107,172,73,124,172,72,114,158,70,105,163,83,120,157,79,115,160,64,111,153,67,122,166,75,108,175,82,122,155,77,108,156,78,112,158,82,107,157,63,112,155,76,117,170,87,108,156,74,124,160,81,108,165,75,122,159,78,103,165,70,107,164,87,104,159,66,110,171,68,119,154,72,120,177
0,74,103,158,67,104,166,146,104,96,144,86,96,150,103,85,69,114,172,70,118,172,78,105,172,64,103,154,83,103,158,85,121,173,153,96,81,155,87,83,153,95,100,85,124,161,85,118,155,79,126,164,74,122,162,143,106,92,161,102,82,150,83,87,87,114,176,69,107,176,70,105,165,83,123,167,77,120,177,65,112,163,155,92,92,166,92,85,157,83,101,66,122,162,87,114,159,84,122,175,66,105,174,77,118,166,156,105,91,153,84,89,148,104,93,213,167,146,195,147,133,211,148,150,195,165,153,153,98,95,144,96,99,145,106,97,64,107,157,70,105,174,66,115,168,83,120,174,77,103,165,83,118,173,156,89,88,150,87,82,149,104,93,196,160,144,211,147,135,197,155,153,209,166,142,163,99,89,156,90,93,145,85,87,67,122,162,69,103,154,63,126,160,77,113,177,70,121,177,80,121,175,197,150,155,165,85,84,147,91,91,154,102,99,213,159,145,205,162,139,147,98,102,160,105,86,146,98,99,210,149,154,78,116,163,81,105,163,69,119,157,64,106,156,87,111,174,63,115,164,198,165,146,155,92,83,156,97,85,154,85,82,208,148,141,203,154,140,150,98,89,164,95,88,167,95,97,208,156,141,79,117,169,72,121,166,68,108,161,81,112,175,74,106,153,202,156,153,197,153,133,206,161,137,161,96,88,155,100,88,146,87,99,144,96,102,147,107,92,156,105,93,198,162,140,216,153,155,193,162,147,81,127,159,71,124,161,67,105,157,81,106,162,206,164,144,193,148,137,199,152,148,27,30,35,215,164,156,215,143,142,204,158,156,211,157,137,24,16,29,202,165,153,194,157,133,199,150,153,82,119,157,65,112,167,80,124,157,87,110,159,207,163,156,197,165,134,211,165,155,21,23,15,215,155,148,205,167,156,207,143,145,199,156,153,20,34,17,209,156,139,193,146,135,197,147,133,64,126,174,79,112,169,71,107,165,71,127,170,199,149,157,199,156,147,214,161,145,193,159,138,215,160,152,205,158,156,216,163,135,215,149,145,193,153,153,214,151,152,202,156,152,197,143,150,74,116,161,81,125,154,66,109,157,71,122,164,87,105,171,199,154,134,213,143,135,196,153,142,205,146,148,24,29,35,35,35,33,194,160,134,199,159,156,209,161,153,217,166,156,64,112,161,83,105,154,72,104,161,70,105,164,75,115,169,73,105,174,199,153,139,209,163,153,196,151,149,213,149,148,202,157,143,204,159,134,199,144,152,213,143,136,205,159,143,205,152,147,66,118,167,80,111,154,65,122,154,67,117,174,66,115,172,79,125,170,83,125,159,208,165,136,206,145,136,204,159,145,206,159,146,196,145,151,211,158,145,207,154,151,216,165,149,69,124,159,68,116,155,78,104,176,73,103,163,80,109,164,69,111,164,83,120,155,81,114,166,73,117,175,67,120,164,200,154,140,200,161,153,211,167,157,209,148,142,68,115,165,84,107,156,77,127,175,78,113,170,64,105,174,73,120,161,76,116,170,78,122,159,63,127,159,63,107,169,73,109,158,77,108,168,87,115,166,81,120,173,70,111,163,65,123,164,86,125,154,68,113,157,79,114,162,76,106,160,63,120,167,69,103,170,81,118,157,86,103,173,77,127,160,80,125,158,78,118,168,77,126,177,66,106,177,79,112,157,73,107,175,86,118,173,79,115,159,63,127,172,64,103,167,65,107,155,64,107,175,71,107,159
0,72,124,162,78,109,174,144,94,101,164,98,100,164,97,93,66,127,172,85,116,156,84,121,171,83,118,156,75,114,175,82,116,164,167,95,90,167,97,91,152,84,97,82,126,174,75,119,160,69,112,177,71,103,153,162,105,89,147,88,87,147,104,90,84,125,164,69,127,167,82,109,175,68,107,155,81,105,177,71,110,172,165,83,92,143,94,100,152,98,99,70,116,154,87,106,163,78,123,171,66,105,163,64,126,175,146,84,80,155,105,82,156,83,78,209,144,137,205,154,150,211,165,139,214,151,147,153,102,92,160,89,85,153,92,94,79,125,159,74,118,155,82,108,156,72,121,165,78,121,155,71,115,160,165,99,91,163,95,87,164,90,82,193,149,135,208,165,137,214,156,146,204,147,157,159,87,87,155,100,88,151,101,83,86,118,174,67,112,153,64,104,175,86,124,174,67,103,170,75,124,154,195,152,154,166,95,78,153,85,96,143,100,102,203,151,139,197,158,136,155,103,84,166,84,98,165,106,84,200,153,146,83,109,165,82,125,177,69,103,155,64,104,176,64,121,154,79,122,171,200,145,150,157,99,81,166,83,87,160,84,83,209,163,140,203,165,141,145,93,95,162,107,83,162,104,79,212,166,140,64,111,175,70,123,167,76,116,155,70,127,166,75,108,170,213,143,149,195,147,137,214,163,146,159,85,89,167,101,87,167,97,100,151,107,92,143,94,100,150,85,80,194,154,154,210,149,154,217,166,140,63,122,166,78,109,172,77,122,169,72,107,156,210,161,136,216,152,137,214,156,152,20,28,26,216,154,153,193,167,156,196,155,148,206,158,155,16,29,28,208,155,137,214,159,150,199,156,140,76,120,169,84,124,164,63,105,176,83,115,177,213,148,147,205,148,151,198,148,146,26,26,27,209,165,149,193,161,155,215,149,147,213,155,135,25,23,18,198,160,153,212,164,155,210,162,133,77,112,171,81,110,163,81,120,156,67,113,163,212,158,148,207,147,146,203,162,148,205,152,133,210,149,150,204,166,150,193,153,133,195,165,142,196,167,147,196,167,145,203,158,150,211,149,151,65,107,171,74,115,164,65,120,170,77,105,173,66,112,169,206,144,134,213,154,157,194,143,155,212,148,141,21,32,35,33,18,29,207,160,148,204,163,147,194,163,140,213,143,157,67,121,159,63,106,156,86,107,163,83,103,155,83,119,165,83,104,168,201,148,151,217,143,145,214,163,152,204,147,138,198,150,139,206,162,139,196,163,150,193,155,138,194,143,148,213,149,133,67,111,158,75,123,175,76,107,161,85,121,167,74,110,168,86,123,162,63,125,163,208,165,135,213,167,141,202,155,154,212,154,146,214,167,148,201,144,156,205,160,148,199,154,153,72,111,164,70,111,163,86,105,161,75,123,166,80,120,174,76,114,169,69,124,176,71,119,159,72,120,176,70,124,164,213,160,146,213,148,146,208,149,146,205,152,149,73,110,157,63,124,167,78,114,169,78,103,169,82,112,160,68,127,173,76,127,172,80,109,174,83,111,162,70,126,166,82,125,163,80,104,164,63,127,176,72,113,154,74,126,154,82,108,170,71,115,167,68,126,153,64,117,159,71,108,177,82,127,159,81,104,175,77,117,160,86,118,157,81,113,161,83,114,174,83,124,153,70,120,153,65,116,157,73,120,164,66,114,154,84,107,175,85,123,153,72,113,153,84,108,170,66,112,159,73,110,155,67,117,172
0,71,127,174,84,124,174,150,90,102,158,102,102,153,89,80,86,126,156,66,107,160,84,114,171,63,111,158,75,114,158,77,111,157,160,96,99,155,88,99,154,86,100,64,119,164,78,110,169,69,120,175,84,114,164,152,93,80,151,103,102,156,84,97,83,105,171,70,113,156,65,118,174,72,114,164,73,127,174,70,125,167,165,84,102,156,87,93,148,100,81,76,117,159,70,117,161,75,106,157,65,124,163,78,114,166,166,106,102,166,88,102,156,91,81,198,167,146,193,159,141,209,146,149,213,157,145,148,83,96,162,84,91,161,90,80,82,116,160,63,110,172,82,113,155,76,126,168,64,112,163,64,125,163,166,102,96,160,87,82,164,105,101,206,157,140,214,146,138,217,149,141,200,167,149,160,99,79,152,99,89,145,104,87,83,107,154,67,114,172,70,115,162,74,104,174,67,120,158,86,110,156,200,151,137,158,94,102,154,97,90,157,88,97,212,145,136,215,153,142,161,83,101,152,103,86,149,85,94,215,149,153,72,110,166,82,114,160,65,104,174,83,108,174,81,118,168,66,124,173,196,153,133,156,87,99,161,86,99,157,102,82,205,153,135,207,149,138,159,86,91,147,104,97,145,106,79,216,159,148,70,122,157,68,106,171,80,110,165,81,105,163,77,109,174,207,156,157,208,146,157,193,154,137,161,99,99,157,98,78,157,103,87,154,102,101,162,106,80,154,89,79,201,151,143,194,143,138,193,147,157,83,115,176,79,110,170,78,120,172,64,109,176,202,163,144,194,148,152,203,159,145,27,37,25,194,150,153,217,144,141,193,162,157,216,149,141,26,34,35,207,164,144,202,163,135,210,165,156,67,110,166,80,119,156,64,105,160,80,124,157,207,148,135,194,167,143,196,150,140,21,25,14,196,160,142,198,147,133,196,150,150,214,160,138,24,20,18,194,167,150,216,149,154,216,145,157,84,115,169,66,126,177,83,116,160,76,103,160,210,161,154,214,164,135,213,165,148,200,166,145,212,143,147,216,159,151,215,152,153,208,156,148,198,144,134,193,154,137,195,151,155,215,146,157,64,118,153,77,106,166,70,111,170,74,103,173,84,120,172,203,146,138,199,157,133,209,154,135,217,146,157,31,37,15,32,21,33,202,154,141,204,156,152,208,147,152,205,154,143,75,106,172,68,117,166,78,105,160,77,117,176,84,106,175,87,124,169,209,156,157,197,156,140,211,154,145,196,147,156,205,167,145,217,157,150,200,143,144,204,158,139,207,146,139,210,159,148,86,112,154,68,126,157,69,124,173,85,127,162,84,115,155,72,112,165,75,108,168,206,149,156,199,143,142,214,146,135,207,156,157,196,164,142,198,163,154,196,154,138,202,159,140,66,122,165,80,126,166,69,116,161,78,103,161,75,113,165,80,121,165,81,119,168,63,109,165,80,120,177,70,103,153,201,160,140,208,164,152,213,150,145,216,150,155,65,127,164,81,108,176,67,127,175,82,106,174,83,108,168,64,115,163,82,110,161,65,104,161,64,115,176,84,107,171,66,105,170,77,108,157,79,108,161,78,106,169,69,103,155,80,106,167,85,121,177,75,123,154,78,113,174,77,119,172,86,126,169,83,111,171,78,112,171,82,117,172,82,104,163,68,107,156,78,106,156,71,120,166,73,116,164,79,126,156,80,122,170,84,106,153,76,105,168,69,123,174,85,113,166,70,106,166,69,106,158,82,117,164
0,74,117,158,86,127,166,146,96,97,152,102,91,149,98,95,79,105,155,81,109,169,85,125,171,83,121,171,64,115,169,68,125,154,146,107,84,163,83,93,145,96,93,74,109,174,85,108,156,75,110,175,69,116,156,150,85,93,162,99,88,151,101,79,87,104,162,85,122,154,70,118,174,68,122,164,86,112,164,79,127,163,159,90,88,165,96,85,164,102,96,80,127,156,67,118,161,86,109,172,83,107,157,73,127,163,146,97,86,145,102,100,166,88,88,210,145,153,216,151,148,206,148,136,215,148,155,149,95,79,146,105,95,155,90,96,82,111,164,71,106,159,86,127,170,71,113,160,66,113,165,69,127,154,162,90,78,167,98,97,155,99,99,216,153,157,212,144,153,211,156,155,214,152,144,161,100,92,147,103,86,166,84,95,86,122,172,68,125,156,77,118,173,87,109,163,83,127,155,76,115,169,195,145,139,149,102,93,149,96,92,143,98,100,197,146,148,214,150,155,152,83,100,148,92,82,163,88,98,198,166,141,66,125,172,79,126,160,64,116,174,70,108,176,70,116,163,72,103,156,210,146,153,152,92,86,148,92,102,160,91,82,214,164,133,198,165,141,150,107,89,143,105,97,152,97,91,204,165,135,66,124,176,79,116,174,65,113,166,71,103,172,81,112,156,202,158,144,199,162,150,212,165,135,149,97,79,153,92,98,147,92,88,145,104,98,162,84,94,148,95,80,214,167,135,193,163,139,203,155,143,82,111,158,86,121,171,68,104,173,68,110,168,205,165,145,206,161,154,206,162,138,37,18,31,204,150,140,210,155,135,211,151,135,195,163,150,37,19,32,214,143,152,200,152,137,201,163,153,67,112,153,75,116,174,68,119,176,69,111,166,199,149,142,214,159,150,212,150,140,21,19,28,204,146,156,209,155,146,212,151,156,194,159,146,37,24,22,198,152,140,216,160,138,205,162,137,80,113,163,63,117,161,69,113,153,81,114,158,217,160,153,209,162,144,212,151,148,213,143,140,211,156,152,206,152,143,199,153,152,196,158,145,203,144,141,207,146,150,209,149,133,194,167,151,81,113,161,67,120,169,77,109,161,72,126,176,82,123,165,214,155,149,206,156,147,211,160,152,211,151,147,13,26,35,16,27,35,213,143,146,211,144,135,201,162,147,195,145,133,87,109,169,71,125,167,66,113,165,78,114,166,76,126,163,63,123,163,195,160,156,209,156,133,214,146,145,208,164,142,201,161,156,214,148,139,202,165,139,204,162,153,206,161,149,203,143,141,73,127,153,83,113,166,76,125,171,70,118,163,72,104,157,85,126,161,68,120,166,195,158,155,210,161,138,203,157,136,202,144,137,203,144,154,200,160,143,215,158,146,216,148,157,75,112,169,65,123,166,87,127,160,79,123,162,81,110,177,86,116,170,64,124,165,69,113,169,74,110,153,86,105,153,217,145,157,197,157,150,211,155,152,203,145,152,83,109,153,87,112,173,79,114,157,85,118,167,74,119,165,87,118,154,69,115,163,76,107,154,69,126,166,69,111,162,84,112,159,83,122,161,75,119,177,82,115,176,86,125,160,70,106,170,65,124,157,69,110,164,77,124,166,65,118,175,86,104,167,70,106,167,72,111,164,77,117,166,68,124,166,67,115,160,75,117,170,73,125,154,79,122,170,82,118,168,71,118,177,74,122,161,84,112,173,70,112,169,85,113,157,81,114,159,77,126,167,71,103,177
0,70,118,165,77,116,170,158,92,78,151,87,78,158,96,92,74,105,162,82,117,164,69,112,155,65,113,177,78,127,159,83,127,159,144,102,96,144,84,98,165,84,96,71,126,154,76,114,165,74,126,169,67,110,176,152,106,86,153,90,94,153,103,99,76,114,160,73,108,159,84,107,166,76,104,173,84,124,177,63,104,161,157,83,96,166,85,80,144,106,85,72,121,177,84,114,166,65,105,172,85,127,172,79,121,171,166,95,88,145,85,95,146,104,88,209,149,156,207,151,145,206,145,142,216,152,148,157,96,80,159,103,102,163,96,94,78,124,153,71,126,167,86,121,166,75,124,173,75,120,157,85,122,153,166,94,100,147,94,90,153,102,96,204,143,149,213,162,135,201,165,138,215,150,155,150,83,101,148,101,100,148,98,91,72,103,163,71,118,174,70,122,170,76,108,157,65,111,154,74,105,159,195,160,145,155,84,87,158,92,92,150,89,95,211,145,141,207,166,156,159,93,83,151,97,87,152,87,78,199,153,152,71,112,156,63,126,174,68,126,160,79,118,173,70,114,155,80,126,174,215,167,146,156,92,93,158,92,81,149,85,84,204,145,149,214,149,133,147,94,94,154,89,86,156,107,88,210,145,144,69,122,169,87,120,164,83,108,175,66,118,170,82,113,163,212,162,134,211,159,142,215,164,135,148,100,90,153,94,94,146,95,92,154,107,97,148,89,95,149,86,96,200,152,150,217,161,135,210,165,157,64,126,154,69,120,155,71,115,159,71,107,175,212,148,142,198,146,155,212,154,151,27,36,20,217,144,151,216,146,138,195,159,143,197,158,139,22,15,15,202,166,145,195,149,140,195,153,153,74,114,159,64,105,163,70,104,159,64,112,162,193,157,147,210,145,154,215,146,134,32,36,26,204,162,150,202,164,157,203,153,147,206,166,155,26,20,36,202,153,142,196,160,156,198,162,151,66,107,166,82,122,161,73,107,154,76,112,174,195,162,156,196,143,146,196,165,156,205,163,145,215,162,135,193,144,157,215,166,149,213,147,138,214,151,137,216,146,145,210,147,146,209,147,137,84,105,173,78,114,173,75,108,173,75,122,171,87,115,157,193,159,139,213,151,148,211,165,135,216,143,133,24,31,20,17,34,33,213,163,144,208,147,157,197,160,153,207,144,155,69,108,157,63,104,173,84,117,161,80,113,172,78,126,157,71,109,170,207,146,137,212,154,135,202,153,138,215,144,143,214,159,153,193,165,137,213,159,145,193,155,134,202,160,133,198,148,141,63,116,164,72,118,161,77,115,175,82,113,154,85,121,153,71,105,173,79,126,171,209,153,146,205,165,141,199,144,136,205,153,153,204,156,137,200,159,150,208,159,149,209,157,156,75,114,166,85,122,172,70,105,159,75,124,154,76,123,157,67,121,153,65,106,176,69,120,165,63,111,168,81,111,174,217,157,135,217,161,152,193,149,149,193,149,143,66,127,176,86,111,169,81,127,163,86,110,170,68,125,171,72,112,155,81,125,177,66,111,167,81,126,154,74,110,162,77,107,170,70,121,164,65,126,166,78,109,173,64,121,163,86,110,157,84,126,165,78,103,170,71,119,177,79,115,173,79,126,177,76,113,165,85,124,157,81,108,164,87,124,174,80,124,158,68,119,158,85,120,153,87,127,156,79,109,157,70,114,159,64,116,169,79,113,166,80,126,162,84,116,168,76,123,168,79,103,172,75,111,163
0,80,110,168,71,126,161,161,93,96,158,93,82,145,90,89,83,109,155,78,113,164,84,125,163,82,123,158,79,125,172,78,111,170,165,97,86,145,104,80,165,103,87,79,115,174,68,116,167,73,127,156,86,123,156,162,102,93,156,91,88,150,91,97,76,114,163,65,127,164,87,123,166,72,106,172,75,117,169,82,116,160,166,83,79,161,89,89,166,99,83,64,106,165,69,104,155,87,126,163,81,118,173,83,107,158,151,87,82,159,91,102,160,106,84,202,167,154,212,148,148,205,156,150,194,161,153,159,107,86,156,103,100,144,85,98,79,104,161,63,109,159,72,120,153,65,113,160,77,126,160,74,119,165,155,106,93,146,94,88,151,91,91,193,154,140,211,147,145,194,162,146,208,151,156,155,103,100,147,98,82,144,103,88,86,109,165,85,112,172,81,105,156,82,125,157,85,119,164,76,117,176,213,164,137,159,94,101,144,88,80,154,93,101,213,164,139,210,150,133,164,98,92,153,93,95,147,85,83,205,148,146,71,109,172,74,115,168,83,119,161,72,126,165,63,117,170,82,127,153,208,153,135,164,101,100,161,86,97,159,85,92,208,154,144,195,147,151,164,105,86,152,86,87,162,107,83,203,149,154,66,116,161,82,120,158,79,127,174,87,110,169,87,123,163,214,161,148,201,157,147,206,154,145,167,93,96,144,98,78,154,93,87,166,102,86,163,105,84,163,92,85,217,156,150,208,164,148,196,153,146,81,108,157,86,103,171,71,127,172,64,118,165,215,150,142,196,154,139,204,161,147,27,16,14,214,144,136,196,153,153,201,157,147,200,167,142,32,21,20,214,145,154,201,165,150,208,147,138,74,114,167,79,113,165,71,106,160,73,111,173,216,163,148,202,146,145,210,153,153,24,27,19,212,164,143,197,150,137,210,154,144,204,160,133,37,34,36,211,154,148,216,162,142,208,154,149,66,123,166,75,104,157,79,127,161,83,123,156,217,149,146,198,150,139,216,166,153,213,152,147,193,152,133,207,146,141,205,161,147,213,165,136,201,166,148,214,161,148,216,165,140,202,146,150,74,125,163,81,113,154,79,125,159,78,112,164,85,127,165,194,146,147,193,149,152,205,146,133,195,157,144,32,34,13,34,14,37,196,157,156,194,155,147,211,163,141,211,144,148,80,116,175,82,108,169,73,113,174,66,115,175,67,106,176,74,121,177,200,164,150,217,161,146,207,155,154,200,154,139,206,158,140,204,164,144,215,159,152,206,144,148,194,157,137,197,160,150,69,111,177,65,109,160,74,106,177,69,122,153,65,111,159,64,122,167,72,108,168,213,152,152,200,156,145,214,150,143,208,165,157,216,161,146,207,167,135,215,151,149,193,149,155,87,124,153,84,104,167,84,126,160,74,127,173,76,114,170,67,115,153,79,108,163,68,124,166,70,126,168,81,111,175,217,145,137,209,167,149,205,156,151,196,145,137,84,107,159,68,105,161,83,124,158,73,108,165,65,106,171,78,123,170,81,107,163,82,112,165,87,127,163,77,111,173,83,111,165,74,125,159,68,114,174,73,111,162,65,106,169,66,127,175,80,124,177,85,113,155,69,115,167,69,119,153,84,113,157,64,109,170,83,123,170,66,125,171,69,117,176,76,119,162,87,106,170,87,111,168,65,111,165,84,107,158,63,105,161,84,119,160,69,110,163,71,104,156,66,108,167,68,120,159,75,103,159,63,119,168
0,87,115,162,77,118,154,166,101,78,156,104,99,158,96,81,80,110,177,77,115,157,86,122,164,63,118,166,83,118,175,65,123,166,148,86,93,147,84,87,160,99,94,75,120,154,84,112,156,79,115,171,70,104,160,164,88,90,152,103,88,155,91,97,76,117,162,66,121,172,65,115,154,73,125,174,87,110,172,84,103,165,151,101,79,161,106,100,167,98,98,63,110,162,67,113,174,66,125,172,77,124,154,66,120,155,166,94,95,161,86,84,155,100,82,211,155,147,193,157,141,198,146,143,200,145,152,150,103,90,166,87,102,153,88,90,63,107,158,66,116,171,86,127,153,80,125,169,77,114,161,79,103,157,162,90,84,167,94,95,150,107,94,202,149,154,212,163,135,193,156,144,207,150,143,145,98,87,153,91,90,161,89,102,85,125,164,66,103,158,86,105,162,64,127,155,67,120,160,69,105,171,203,154,149,163,101,100,158,101,96,143,90,88,217,162,147,196,158,148,145,98,100,143,89,79,154,96,94,207,144,151,72,105,157,71,125,165,63,113,155,75,111,170,70,127,173,83,120,171,203,149,140,157,95,95,151,86,102,160,97,102,205,157,147,214,156,134,143,95,86,150,92,88,163,105,96,215,157,154,83,124,160,65,123,177,78,127,160,64,110,160,68,111,171,206,166,156,216,157,143,217,158,141,153,86,102,143,92,95,151,100,79,161,92,100,157,106,84,146,100,80,204,155,133,203,152,138,208,144,147,82,127,171,74,121,175,72,118,166,66,106,156,194,158,151,208,155,142,207,154,142,34,36,24,206,153,147,197,159,151,207,147,138,205,164,151,19,22,29,203,151,154,193,167,139,211,143,152,79,111,174,75,119,164,86,116,153,76,115,176,211,166,152,198,163,155,206,145,139,29,17,26,210,158,134,212,167,147,207,157,147,212,154,147,14,37,33,199,161,151,206,147,145,200,158,147,81,108,176,87,117,155,84,105,154,77,127,160,204,146,137,210,162,146,198,148,154,194,156,150,213,148,142,199,148,140,199,164,157,200,144,137,199,162,151,200,151,141,205,143,145,215,143,145,81,111,175,70,124,153,75,122,164,83,107,159,73,117,170,205,153,157,197,162,142,195,147,149,203,150,148,35,14,14,25,21,21,209,160,143,202,160,148,217,153,140,196,146,151,83,127,177,79,103,161,68,114,164,72,107,169,63,113,160,77,116,177,202,147,144,203,143,148,210,156,150,209,163,147,210,155,133,214,148,134,200,166,151,197,148,136,200,145,148,194,145,152,85,113,170,75,116,159,81,127,171,84,107,170,78,121,169,87,118,158,79,118,159,215,145,141,198,152,151,204,156,138,211,146,148,214,161,145,202,152,136,206,143,140,199,167,138,80,120,169,63,118,153,63,113,155,85,104,158,79,118,162,73,124,155,67,103,157,84,108,176,85,123,177,63,105,176,208,154,142,204,151,135,205,151,149,208,162,137,84,125,155,64,111,165,76,107,167,73,123,176,63,127,156,74,108,165,84,124,171,77,111,161,68,104,160,86,115,154,78,120,177,73,112,176,80,109,159,63,121,164,79,118,157,70,125,170,69,115,170,85,123,153,76,104,155,71,113,167,82,107,160,67,115,168,65,111,176,84,120,163,79,125,156,82,123,167,63,106,164,64,126,156,81,116,168,82,118,174,67,103,172,67,114,155,81,107,154,66,120,157,80,126,176,74,107,160,70,125,157,81,117,153
0,71,121,173,69,127,168,161,93,94,148,101,81,153,100,98,74,113,156,65,116,159,82,123,167,65,112,172,68,103,167,73,117,162,165,86,87,148,92,95,157,90,96,76,108,165,67,114,172,65,119,170,70,125,155,148,92,98,161,98,101,157,90,102,83,116,175,77,118,158,87,111,162,69,123,162,69,123,163,72,122,167,159,98,83,162,95,89,158,86,88,75,127,175,72,110,169,84,123,154,68,122,171,64,127,160,151,100,98,143,103,87,147,92,93,211,156,134,213,143,156,194,161,142,193,162,135,156,105,89,158,90,93,156,87,87,68,115,165,85,127,175,67,107,164,71,122,157,64,110,166,82,110,154,162,107,80,165,91,98,144,86,99,203,147,147,200,146,155,196,167,147,198,148,145,152,85,86,158,93,91,161,83,78,83,105,169,71,107,172,70,109,163,82,119,176,71,117,162,68,108,171,210,163,140,167,103,102,153,102,91,164,96,100,208,158,135,204,150,152,143,88,83,156,107,83,166,92,92,216,167,140,75,113,153,64,126,159,67,122,171,63,121,154,85,123,154,76,112,167,206,145,153,152,92,82,157,99,93,150,106,100,203,153,141,214,144,155,152,88,98,150,86,90,162,98,97,197,166,155,86,104,176,76,117,164,71,121,160,82,109,162,70,124,171,205,161,133,201,153,139,216,167,154,161,88,100,154,88,94,158,100,100,150,93,92,149,90,94,146,90,85,193,158,140,201,153,140,213,164,139,64,108,160,76,112,156,68,107,162,87,118,161,193,163,151,210,154,139,215,157,138,14,20,20,204,144,143,195,155,134,197,150,137,203,146,133,28,35,15,204,154,143,210,158,134,211,151,153,85,104,161,67,107,173,84,124,162,73,115,162,195,145,151,212,148,144,204,145,137,23,20,29,194,158,157,209,145,151,195,150,156,204,143,144,35,36,20,216,165,142,212,151,157,195,162,155,78,106,163,85,118,177,73,114,168,66,115,166,200,148,149,213,163,137,201,156,140,193,156,136,216,156,137,195,164,154,210,164,144,215,156,140,203,147,133,217,143,147,206,145,143,194,152,137,64,113,172,80,124,165,79,114,174,83,116,172,77,117,155,202,149,154,199,165,146,193,159,134,216,167,151,14,16,14,15,22,37,217,156,156,196,144,156,199,162,137,208,159,149,79,120,156,80,122,159,64,111,165,84,106,165,70,120,169,66,116,169,208,165,150,216,154,135,209,164,144,206,162,134,204,163,134,214,161,145,203,155,157,210,160,157,198,155,148,198,159,134,63,118,157,85,118,158,63,126,173,80,106,174,84,112,167,67,123,159,77,109,164,206,152,133,207,159,140,216,166,155,217,143,150,200,144,157,205,162,147,209,167,152,211,163,151,74,106,173,71,114,162,82,120,159,76,117,155,71,115,168,71,121,154,76,115,169,79,126,166,77,114,155,80,113,177,208,146,135,206,152,144,206,144,144,214,162,144,75,109,162,70,127,155,79,104,173,83,117,159,81,107,153,86,104,157,74,119,164,76,113,177,69,110,177,78,125,168,78,110,153,84,109,156,75,118,175,80,118,156,81,108,166,66,114,162,80,118,174,67,103,156,67,111,174,64,107,164,72,113,163,63,124,154,73,112,171,64,119,176,86,104,174,81,121,170,69,121,168,75,123,167,70,119,169,78,107,162,75,106,165,69,103,159,87,112,160,79,110,177,84,104,153,63,121,155,72,110,163,68,122,162
0,82,110,153,78,125,175,151,86,92,161,101,98,156,93,86,76,127,165,67,119,172,78,125,159,74,106,169,82,115,158,67,113,157,157,107,88,163,95,79,143,88,82,70,104,157,70,112,154,74,115,176,77,117,156,148,94,80,164,94,94,161,106,79,71,106,169,83,108,177,79,103,163,65,116,165,76,104,175,80,106,158,149,101,82,158,99,95,152,107,86,78,123,172,64,121,170,75,109,166,65,113,157,78,115,172,153,100,87,152,92,82,143,87,83,201,165,150,197,151,150,210,155,139,216,145,140,157,90,92,145,92,89,144,90,80,66,120,154,85,107,165,84,115,173,81,106,161,66,122,177,70,124,171,156,83,90,145,83,86,157,85,94,211,166,136,196,161,152,197,166,143,205,164,154,162,87,87,166,98,91,160,100,99,87,109,162,65,104,160,71,105,161,65,109,177,65,119,156,66,120,173,196,152,133,153,85,100,165,90,83,153,103,81,207,161,154,193,152,142,157,84,94,154,96,78,161,106,86,194,155,147,66,112,174,79,117,169,69,105,153,69,106,161,74,127,165,71,113,168,197,167,137,157,93,99,158,102,86,144,97,101,201,143,140,199,157,141,151,102,98,161,102,94,157,83,97,200,150,152,66,125,160,75,126,172,72,105,158,83,115,162,65,103,165,193,150,138,206,167,147,204,150,135,165,103,95,144,94,93,155,90,80,164,84,80,143,100,97,155,103,88,202,156,136,198,153,140,205,144,145,72,103,154,71,117,162,79,115,167,82,112,170,205,167,153,213,161,149,211,151,149,21,29,15,207,143,153,200,155,136,193,144,147,207,143,157,15,27,28,217,150,153,208,153,151,202,162,139,69,104,167,79,106,156,65,117,156,81,125,177,206,144,134,201,162,133,198,145,141,22,22,15,204,153,151,206,157,141,200,150,140,214,164,149,22,34,31,216,156,155,203,154,138,200,161,136,78,127,174,63,109,176,70,114,160,63,127,154,202,162,155,211,161,138,205,163,145,204,149,156,205,165,136,216,162,148,213,157,140,196,157,139,211,152,157,206,165,137,201,159,148,215,166,137,69,126,170,74,119,165,73,124,160,82,107,168,84,115,170,207,164,135,201,165,135,200,151,151,199,146,157,28,32,25,27,14,26,193,154,144,210,163,136,208,150,143,207,162,137,66,125,156,75,107,163,63,115,175,81,120,172,69,114,177,71,115,162,205,149,151,210,165,152,207,143,136,202,164,153,213,153,144,208,143,140,212,165,140,201,164,137,208,165,136,216,160,145,75,126,171,67,114,163,67,122,173,64,113,153,82,108,165,64,103,154,84,105,156,214,167,156,194,145,143,206,145,146,195,161,147,199,160,141,201,167,156,212,163,149,195,147,135,70,103,154,84,126,170,79,107,173,87,109,169,72,124,165,81,122,154,87,124,174,85,120,165,78,107,159,84,109,155,194,151,154,201,159,136,208,164,147,213,150,153,76,114,163,86,116,155,82,107,157,65,127,169,80,107,157,63,116,159,87,105,169,86,115,162,66,118,165,65,123,173,83,125,160,63,107,159,76,111,177,66,125,173,76,122,160,76,119,159,73,123,172,81,105,166,77,116,161,63,110,157,70,121,174,65,125,171,86,110,174,68,113,157,80,107,173,75,117,156,68,115,172,70,117,171,71,122,172,81,113,158,68,113,158,82,116,177,71,111,162,84,119,161,87,110,176,83,116,177,85,126,170,76,119,156
0,66,105,162,70,110,154,156,91,78,162,105,94,143,93,95,78,118,155,73,113,175,74,122,174,84,125,154,87,123,165,85,108,177,158,99,93,162,84,83,154,101,81,85,107,153,85,126,161,75,110,167,68,106,166,148,106,90,155,106,78,149,87,84,73,119,162,65,120,153,68,122,163,74,124,172,81,121,168,77,127,160,166,97,96,149,102,89,158,101,88,87,114,155,81,123,157,71,126,167,71,124,155,65,105,168,164,89,90,157,83,84,165,99,91,197,154,145,213,157,146,196,146,138,204,160,142,166,88,84,149,83,78,160,84,89,75,110,154,86,119,175,67,121,158,83,111,173,80,107,169,77,110,158,146,84,93,164,105,94,159,89,80,198,163,147,200,165,146,204,167,142,210,154,137,148,83,93,147,83,80,162,97,78,80,112,157,80,118,161,84,105,166,84,125,158,78,122,175,76,127,159,213,155,143,145,88,97,166,106,88,154,93,80,214,165,133,193,154,135,144,99,81,162,92,100,160,107,86,215,147,137,76,108,159,85,104,153,69,116,153,77,107,157,70,113,154,67,126,173,209,150,133,165,89,99,151,104,82,163,91,84,207,153,139,211,146,146,167,101,82,160,83,97,146,96,100,205,150,136,76,116,172,75,120,168,86,124,162,63,110,159,63,111,164,201,151,135,193,155,136,206,155,141,161,97,78,143,104,95,152,92,101,153,100,78,146,93,101,163,86,93,206,152,137,211,156,155,198,159,133,81,107,162,66,106,164,63,113,153,83,122,166,212,161,155,206,146,156,216,167,139,16,23,18,215,153,144,198,165,140,215,148,137,214,160,134,23,29,30,199,157,153,207,163,142,200,154,141,86,104,175,85,112,168,75,108,163,86,124,159,212,154,134,217,146,135,196,153,157,18,23,23,209,164,146,198,157,147,215,160,150,210,148,145,14,20,15,207,151,150,211,143,140,193,151,144,80,119,153,85,127,171,78,106,170,76,105,162,197,148,152,200,154,155,203,165,157,202,164,156,204,162,138,194,153,156,204,161,146,207,153,147,208,162,152,195,146,154,199,157,151,210,150,133,85,112,177,73,117,166,67,117,161,73,127,174,66,105,165,193,160,151,204,159,151,207,144,157,196,154,154,18,18,16,37,19,19,205,165,149,212,167,145,194,143,149,199,151,147,76,124,176,65,107,174,79,123,171,79,121,172,86,110,153,84,118,161,205,146,156,196,166,140,216,161,152,217,163,148,211,162,137,207,146,153,203,165,145,194,150,139,209,164,148,216,160,149,84,114,157,79,114,176,83,120,172,79,115,169,83,106,170,87,127,161,87,110,171,207,155,155,200,144,155,211,143,153,193,158,140,208,161,142,212,161,152,216,163,142,201,153,147,84,123,174,71,112,161,66,104,167,75,121,158,86,116,157,75,123,177,73,112,173,70,112,177,77,114,171,66,125,165,193,166,141,200,153,151,213,159,139,212,159,143,83,123,175,81,126,154,77,122,175,81,116,164,79,113,167,79,127,160,84,118,163,76,124,170,65,115,168,79,112,159,72,124,154,78,125,159,64,117,173,84,106,174,77,117,165,66,124,173,69,113,174,63,123,173,63,118,169,80,109,165,81,108,157,69,109,175,85,119,163,72,103,160,69,116,171,81,122,163,67,120,163,84,127,154,86,108,160,65,127,157,84,115,163,69,108,167,70,113,175,84,125,163,66,112,172,77,107,161,82,125,154,69,107,157
0,70,111,168,78,105,162,156,102,88,144,101,85,165,94,88,74,114,175,77,104,157,64,104,166,66,118,161,65,109,166,72,111,164,161,91,93,155,86,102,148,86,95,81,110,174,82,105,173,67,118,174,86,127,153,156,93,78,157,106,90,146,87,83,67,120,173,70,123,175,83,103,164,75,112,162,76,120,175,74,110,174,143,91,89,154,93,88,161,93,79,67,116,159,85,113,166,63,118,168,78,127,170,82,124,162,149,90,98,147,98,91,149,101,101,212,144,141,214,156,134,193,159,138,215,166,140,155,101,90,166,104,82,156,101,78,68,124,158,67,104,171,77,114,163,84,103,165,66,117,177,82,104,166,163,97,78,166,85,88,164,86,83,194,144,139,211,149,141,202,162,134,207,156,152,158,88,81,155,88,101,145,100,98,69,124,160,87,124,160,81,126,173,65,126,172,68,121,165,83,122,157,196,143,143,150,83,93,145,88,83,156,84,79,210,147,137,209,150,153,157,97,101,151,88,92,167,84,88,202,162,150,73,118,176,80,120,167,68,120,157,64,115,159,67,108,175,84,119,175,216,166,133,145,88,91,161,100,79,152,91,91,215,156,144,209,161,143,147,106,86,158,96,78,161,96,100,193,163,146,71,117,157,85,123,161,73,108,164,77,109,167,80,117,175,201,158,148,210,160,141,193,157,133,165,105,97,151,96,88,158,97,92,167,84,91,145,87,97,159,99,97,207,147,150,202,147,145,209,144,152,67,119,157,75,124,176,65,125,173,87,115,161,196,157,133,193,153,139,208,145,153,29,26,14,203,155,156,215,155,150,209,143,139,195,165,153,25,25,22,208,161,144,213,145,137,207,161,149,69,106,158,87,127,161,67,120,174,74,110,164,214,164,141,195,155,133,195,161,152,15,32,30,214,151,150,193,159,147,193,165,136,208,143,155,29,37,36,214,155,148,196,154,138,194,158,147,83,106,176,64,118,162,64,112,160,70,116,170,211,154,156,207,162,145,207,165,137,213,152,146,195,164,134,203,145,135,194,161,133,194,164,148,194,146,148,210,166,144,193,166,138,193,154,134,67,114,174,72,121,168,68,124,177,83,110,175,84,122,158,194,145,133,214,148,152,208,154,152,212,158,141,33,27,34,35,33,34,203,163,140,212,156,143,212,166,147,216,152,141,87,108,164,67,115,174,84,124,172,87,126,161,84,123,158,64,112,155,205,152,136,204,167,156,199,157,142,194,164,144,195,149,140,207,167,152,217,150,147,206,167,145,216,161,157,214,162,147,75,120,156,86,124,165,87,103,169,73,113,168,87,105,167,72,122,174,64,114,169,202,162,156,205,159,149,195,151,141,211,162,134,209,144,139,203,159,145,198,152,156,194,164,144,77,111,161,73,103,171,82,121,170,76,109,158,71,114,177,70,113,157,77,126,171,66,106,156,65,125,154,85,119,164,215,145,150,201,156,154,206,159,152,210,164,156,73,122,160,68,105,160,74,121,166,66,119,174,69,104,174,77,126,175,69,123,161,85,120,153,87,104,157,67,124,166,71,107,164,82,118,174,67,103,163,73,112,170,68,121,169,78,120,156,85,122,157,65,127,162,78,124,161,82,126,170,71,117,162,75,103,162,68,121,160,77,106,168,86,120,161,84,118,158,65,111,166,65,117,158,78,113,170,64,111,164,67,122,158,76,117,166,82,119,169,83,122,167,81,120,169,77,118,163,72,111,163,79,111,167
0,87,112,155,70,111,153,146,102,82,166,101,100,149,96,78,85,113,172,76,108,175,77,113,174,65,125,171,69,111,165,70,119,172,143,86,82,151,99,87,152,98,97,70,116,176,84,114,166,66,105,164,76,120,165,147,105,82,165,90,79,157,83,99,76,113,172,71,119,153,73,110,156,75,104,157,85,107,167,83,112,160,150,84,84,157,104,83,163,105,102,78,105,170,76,123,173,68,112,162,77,114,166,69,105,156,147,103,80,149,100,100,143,98,95,198,160,148,210,167,134,205,156,135,203,165,142,154,102,94,153,99,90,155,90,89,76,113,175,72,105,169,63,108,173,80,124,169,68,113,157,65,108,174,159,105,95,155,96,96,144,93,97,201,155,151,215,162,149,217,152,138,210,159,138,165,100,87,157,84,88,147,84,85,65,124,160,84,108,172,80,120,167,65,126,177,68,109,176,68,103,159,206,155,149,156,92,82,157,106,93,160,95,82,206,160,155,214,167,143,148,98,82,159,97,101,155,83,101,200,147,133,79,118,167,80,110,161,77,105,176,63,116,158,84,120,160,70,111,173,213,154,157,167,103,100,154,98,85,153,96,83,199,163,137,207,158,153,165,107,79,144,91,88,149,93,94,204,165,151,78,109,154,67,127,167,70,126,173,84,107,158,80,114,167,193,152,155,198,151,134,217,166,137,153,93,88,152,96,94,162,106,100,164,90,96,157,97,98,144,92,81,196,156,148,210,160,135,204,161,146,83,112,165,83,117,160,79,115,163,75,122,153,202,151,149,214,151,156,214,156,148,36,20,19,198,165,138,212,145,155,198,152,150,212,153,144,30,27,35,207,143,133,214,156,138,200,164,152,71,113,171,81,124,161,68,116,161,64,118,166,193,163,150,212,153,139,194,145,137,35,14,20,200,161,149,193,165,136,200,166,149,208,145,157,25,17,30,200,150,144,206,160,152,194,153,150,87,105,154,80,124,153,66,114,159,69,117,161,199,153,145,207,143,137,213,163,147,208,148,149,217,157,135,203,155,144,212,156,154,212,154,147,215,161,154,202,154,148,203,161,143,212,161,144,74,103,163,73,123,160,85,123,165,67,121,175,83,105,167,196,152,149,204,152,135,210,150,152,204,148,155,23,17,36,34,24,17,194,157,154,217,159,153,209,148,157,217,145,145,83,113,156,65,122,173,85,108,155,72,114,168,72,125,162,73,107,154,199,144,154,197,158,153,205,167,152,201,157,139,193,159,156,217,160,137,202,144,139,216,154,154,200,148,156,195,148,156,72,112,153,86,125,158,81,109,177,76,110,162,83,103,171,71,105,158,85,105,170,194,154,155,214,148,144,208,161,143,211,161,134,215,143,142,208,162,141,195,147,153,200,147,143,72,116,153,65,120,172,65,106,159,72,126,176,70,111,169,85,114,168,65,109,159,82,127,174,82,116,175,68,117,166,210,156,135,198,158,140,202,147,136,217,146,137,63,127,158,82,105,175,85,109,169,65,110,154,65,112,171,72,120,154,68,122,169,82,104,170,80,123,169,85,105,171,75,124,166,72,114,158,69,106,171,66,124,171,81,104,169,67,105,174,69,109,163,75,120,176,85,109,156,77,107,160,87,116,173,75,118,154,72,125,175,65,118,155,63,123,159,85,120,171,65,122,156,79,127,168,72,104,163,63,106,160,86,109,158,63,127,160,71,111,171,74,116,153,78,105,161,79,118,177,75,114,154,85,118,167
0,74,127,175,67,114,175,163,97,82,150,85,90,167,106,84,66,115,153,69,124,168,83,119,176,65,105,173,84,126,177,64,113,177,165,107,92,143,89,102,161,102,90,87,109,154,76,115,167,63,103,164,82,122,161,155,102,90,155,104,97,150,105,82,87,110,159,85,117,154,63,118,156,86,124,163,79,103,153,81,118,155,151,103,79,160,96,84,150,88,84,72,109,153,87,115,163,80,127,168,72,112,175,80,125,169,160,89,97,163,88,85,157,93,97,216,143,151,208,148,137,209,153,150,215,147,154,154,100,88,166,91,89,153,86,84,82,127,156,81,116,153,69,112,169,68,127,177,70,116,168,80,120,159,160,105,93,149,95,96,163,89,82,200,160,133,194,151,155,200,156,141,207,154,149,152,96,91,151,99,91,166,98,100,71,106,165,70,118,177,65,107,154,75,110,156,77,113,164,68,121,167,208,155,134,146,91,89,159,92,78,159,86,81,216,167,141,201,145,144,157,88,95,146,105,87,165,89,100,205,145,135,76,120,165,66,106,162,75,103,159,75,105,155,79,122,158,75,126,176,193,153,143,153,105,98,151,95,89,151,88,101,205,159,140,205,159,157,151,107,85,158,97,80,151,83,84,202,164,141,83,124,163,71,113,171,74,124,166,76,103,153,70,103,155,195,162,146,213,147,137,208,167,137,150,99,90,161,98,86,164,87,100,146,103,101,167,97,101,149,95,94,200,160,144,214,144,151,203,164,153,77,103,171,69,111,153,87,125,172,81,105,166,214,154,134,210,146,135,199,156,155,21,37,37,193,150,141,209,163,141,210,151,139,216,158,147,14,13,35,206,148,148,211,153,155,214,161,143,85,106,162,68,122,164,71,112,172,86,115,166,211,153,142,197,145,156,217,165,148,35,35,24,206,147,148,203,148,149,193,143,136,206,166,155,15,33,27,199,151,142,207,161,154,202,165,157,73,121,158,70,113,174,66,116,175,69,120,160,198,156,141,216,159,152,208,165,135,214,164,134,194,145,147,193,157,150,196,147,154,215,162,142,213,163,143,207,155,135,216,166,140,194,151,157,81,112,170,72,105,175,72,108,173,85,123,160,73,125,164,217,147,150,199,163,139,208,148,154,210,158,155,24,25,34,28,31,30,196,164,139,194,147,146,203,155,141,213,157,155,78,106,155,73,119,170,67,126,176,65,119,167,64,124,169,82,111,155,216,143,148,216,161,136,196,156,136,195,152,145,201,151,145,215,163,135,196,161,149,200,144,157,211,157,144,202,148,156,87,112,168,69,126,177,84,119,170,83,127,163,85,108,160,78,126,174,78,112,170,214,166,148,207,143,134,208,160,150,196,163,137,203,150,138,203,146,138,195,167,153,216,167,150,63,120,158,87,108,165,78,121,171,64,122,166,84,115,166,86,103,157,80,116,164,86,109,170,69,121,173,74,117,155,206,152,145,217,164,149,197,146,157,215,143,133,69,124,176,78,103,177,86,121,153,77,104,160,78,119,177,64,119,173,79,127,176,76,125,175,87,116,177,81,110,158,64,118,177,85,104,171,79,110,161,79,111,172,67,124,175,85,116,168,86,112,170,77,116,174,68,122,166,74,104,168,72,124,161,73,115,163,77,107,166,78,115,164,84,111,155,87,122,169,68,119,156,77,121,161,78,118,171,74,103,154,69,112,163,87,107,177,67,104,158,76,108,165,82,110,154,69,107,176,75,124,161,74,108,164
0,77,110,160,63,122,175,167,84,92,167,107,86,167,107,79,86,115,160,73,105,166,79,113,157,83,107,161,77,115,176,78,114,156,147,93,100,160,89,93,167,103,96,81,103,154,86,114,159,75,126,177,76,122,159,149,87,93,156,90,84,151,87,82,80,114,175,75,108,177,87,119,160,77,107,160,78,124,158,68,113,177,161,89,81,144,90,85,165,98,102,86,125,175,64,103,170,85,121,162,67,123,159,71,104,159,166,97,78,151,89,84,150,107,84,214,146,153,213,160,149,199,160,141,204,155,153,167,85,82,154,103,93,160,103,78,71,117,160,77,106,171,79,125,173,83,114,177,84,124,156,78,116,171,164,95,95,143,103,98,155,92,89,215,154,142,202,166,155,197,146,144,208,164,155,160,90,92,162,104,83,156,92,78,73,109,175,67,123,167,69,123,172,76,119,169,74,122,159,71,126,157,209,160,139,163,101,79,150,102,92,162,102,92,214,164,149,199,164,139,145,105,89,143,90,83,146,102,94,204,167,151,84,116,164,74,127,155,84,124,176,63,107,163,63,115,166,76,126,173,209,155,153,164,107,79,155,103,92,150,92,93,206,158,135,202,161,151,164,100,91,150,87,95,161,94,101,212,145,156,63,110,169,73,108,162,67,118,165,68,107,156,73,114,171,217,155,140,214,157,142,199,161,154,156,90,97,162,91,97,153,102,87,143,89,95,161,94,88,166,92,91,204,156,157,214,163,144,199,145,148,64,119,168,69,104,154,67,126,155,63,124,157,216,157,139,205,164,145,200,164,156,18,24,36,205,164,147,199,166,155,198,148,156,199,152,149,27,21,31,199,162,135,206,164,145,193,146,151,66,104,172,63,112,170,79,116,165,86,126,153,216,157,139,216,147,146,202,152,157,27,37,37,210,161,153,215,149,154,208,159,144,212,154,153,21,15,28,206,144,152,214,143,152,199,158,136,76,112,177,85,124,174,74,123,170,66,103,162,204,167,148,200,165,141,206,156,151,202,151,148,199,165,140,210,157,157,210,144,156,217,165,143,197,159,151,193,164,143,205,156,144,195,160,139,77,120,162,86,117,167,65,121,169,87,120,169,70,117,161,200,151,144,194,162,145,209,153,152,199,159,134,25,18,36,23,14,17,200,144,149,211,163,151,214,155,141,205,162,153,68,111,160,72,127,160,74,111,169,75,122,163,68,106,158,66,124,164,205,144,140,209,157,135,193,159,150,194,149,143,202,156,152,202,155,146,193,152,151,194,149,148,205,151,147,201,157,146,86,121,156,84,126,155,76,105,158,68,106,163,64,127,160,86,121,174,75,125,163,204,160,146,215,159,155,215,145,153,211,163,134,194,152,136,203,159,152,200,149,139,204,147,150,76,125,175,84,115,153,66,110,169,73,113,176,63,127,153,68,121,163,78,109,169,63,106,153,65,108,162,74,117,156,210,145,144,210,144,145,216,163,135,212,152,152,81,127,171,66,109,165,83,126,164,64,114,163,66,121,156,84,126,171,70,121,166,80,117,155,79,116,174,78,105,168,63,120,153,83,112,172,67,122,159,85,108,177,80,125,164,63,118,175,66,122,166,65,107,171,70,109,157,65,127,159,71,121,164,68,107,154,81,127,161,64,124,154,69,118,174,65,118,168,74,119,170,74,115,157,85,117,161,80,103,165,75,106,155,85,108,166,86,107,176,64,123,160,64,115,171,74,105,166,73,118,174,65,108,156
0,66,120,166,64,123,155,160,85,81,164,106,82,164,105,98,87,110,174,82,122,160,69,104,158,73,114,171,86,119,177,78,121,176,147,84,91,147,90,81,152,104,88,82,116,170,84,125,169,85,122,156,63,121,175,155,103,81,161,107,90,160,84,87,74,103,164,68,105,155,67,127,154,69,116,153,79,106,165,71,127,156,165,100,102,143,91,86,166,96,79,80,125,155,85,122,168,66,111,154,87,120,160,71,116,171,153,91,86,161,94,78,155,83,96,214,166,143,209,144,146,197,165,147,201,153,145,156,102,95,150,104,97,163,100,89,81,123,154,78,111,157,82,111,155,72,107,174,82,124,153,72,122,164,157,103,92,156,88,88,149,104,102,213,160,142,207,155,157,205,162,135,212,154,139,144,86,90,152,98,82,159,103,90,66,118,162,84,125,165,79,113,171,63,107,174,75,107,172,77,115,155,196,167,145,155,87,102,166,100,90,156,83,102,199,152,152,209,147,141,155,100,97,163,104,91,158,103,79,196,155,144,75,108,168,86,118,174,72,104,158,65,114,168,67,109,155,85,107,163,197,151,138,149,93,82,153,106,90,144,83,94,203,166,149,212,152,152,155,85,92,148,86,89,144,93,102,197,143,153,74,126,160,73,109,177,65,109,176,66,119,161,74,116,153,203,162,152,200,152,154,197,150,137,147,106,100,165,86,78,162,85,82,161,91,86,166,90,101,146,91,100,213,145,141,193,160,148,209,150,141,85,109,174,83,117,168,81,127,170,67,125,162,194,167,137,196,146,146,209,147,140,15,19,28,212,161,154,216,159,135,209,146,153,193,144,154,31,25,17,202,148,146,204,157,149,217,162,157,76,109,174,73,114,169,78,117,162,87,114,157,206,149,157,215,152,149,209,160,137,19,36,37,208,163,137,203,152,142,216,148,137,213,153,139,23,16,15,207,159,154,210,167,138,210,143,143,64,110,161,73,114,160,80,126,169,68,119,168,198,143,141,207,155,148,206,155,145,215,144,150,197,160,150,208,152,143,215,165,149,207,145,156,214,147,134,213,158,143,199,145,154,199,165,145,80,114,172,69,106,164,87,127,175,67,115,157,66,124,173,194,158,142,215,145,141,201,150,133,213,146,133,25,15,21,22,24,17,211,162,145,202,154,155,207,152,141,199,149,135,82,122,168,66,106,174,74,110,160,70,111,171,77,108,172,76,122,167,193,145,133,217,144,156,199,163,142,200,152,142,212,162,148,204,166,155,210,165,144,210,165,146,213,145,156,209,159,149,65,118,169,75,104,175,67,106,164,81,121,157,78,122,161,69,117,166,70,119,157,208,152,151,194,149,139,196,148,138,198,150,152,203,151,150,194,157,133,202,157,139,214,146,142,86,126,169,69,115,170,77,112,167,78,126,168,71,103,167,63,110,165,75,116,177,74,115,153,63,124,167,75,125,157,198,160,137,196,148,154,213,160,137,196,161,139,79,116,170,68,118,170,71,127,167,67,116,161,85,109,172,69,109,153,72,126,177,74,123,171,76,121,158,84,127,154,75,115,174,75,104,161,80,114,160,66,108,159,71,123,161,69,113,169,86,111,171,80,105,156,79,124,162,76,114,156,67,111,158,66,103,165,86,110,167,80,124,155,78,127,175,63,112,170,85,126,160,75,111,173,79,106,155,85,116,176,73,121,164,74,126,170,83,125,164,81,111,158,65,122,160,78,121,177,69,106,159,87,116,159
0,85,115,163,81,118,158,158,95,92,156,99,93,158,98,89,81,109,164,80,116,155,69,127,162,65,118,161,82,105,171,74,110,177,160,83,95,163,100,87,148,96,93,67,109,159,82,122,153,84,118,165,66,114,153,144,86,80,145,90,97,146,93,87,79,103,162,72,108,176,69,116,161,78,122,158,87,105,161,81,122,153,145,83,101,159,95,81,155,107,86,77,125,172,63,112,173,84,122,171,65,113,168,70,119,174,143,95,92,162,101,90,157,104,85,205,157,138,194,161,154,205,146,134,198,167,139,157,88,91,152,90,99,148,84,89,79,115,171,81,117,158,71,114,172,78,106,174,87,123,164,74,124,167,162,89,83,167,98,92,143,86,81,214,153,142,214,162,136,207,164,148,199,163,138,166,96,78,161,96,94,153,96,94,80,125,170,83,124,170,76,127,155,64,127,169,73,124,172,78,109,164,209,155,148,161,92,84,165,89,91,151,91,93,194,148,145,199,147,148,155,98,99,156,107,89,162,95,86,216,153,149,77,123,176,75,115,172,71,121,173,71,117,176,65,114,164,83,126,160,201,157,141,153,103,79,165,103,82,151,83,102,204,150,147,208,148,152,163,83,95,166,91,99,166,99,97,205,153,140,83,122,161,73,103,160,77,114,161,80,104,177,78,119,153,204,150,150,199,149,156,210,154,145,161,89,83,166,102,81,150,96,97,155,92,101,159,84,100,151,107,78,208,150,147,199,144,141,195,154,133,86,115,159,68,125,161,63,113,156,64,126,157,206,154,149,200,160,147,213,161,146,19,19,22,205,157,141,213,156,141,215,155,146,216,144,140,19,17,28,199,161,152,208,151,136,203,162,137,64,125,177,81,112,155,64,105,153,68,123,168,206,144,148,210,146,154,212,153,136,25,22,29,201,161,147,208,161,153,208,149,149,199,150,133,26,15,21,201,149,143,207,163,144,201,165,148,79,121,159,73,103,164,84,127,177,83,124,158,206,144,138,217,157,133,216,155,149,208,153,146,217,158,134,208,145,153,215,160,154,196,148,152,198,150,156,205,146,139,211,146,137,199,158,147,71,114,172,83,121,169,72,124,156,85,126,159,70,118,166,209,157,133,203,165,149,217,143,148,211,145,157,14,33,37,25,33,24,196,143,146,201,144,148,194,157,149,199,167,150,84,123,162,77,119,176,71,119,159,63,110,161,79,127,164,77,109,166,203,164,142,215,164,133,202,151,152,197,158,138,209,144,152,193,149,136,207,160,149,200,164,145,201,150,156,195,156,148,86,119,163,86,122,169,71,111,161,64,120,170,84,121,163,86,121,159,63,109,158,213,144,147,213,154,146,193,165,143,197,156,152,212,167,134,196,166,144,198,149,153,194,147,152,82,124,172,75,115,159,70,103,172,68,110,164,75,114,161,63,110,153,77,122,173,81,106,164,71,104,158,84,117,159,198,143,136,197,163,152,204,149,135,210,153,133,63,112,157,69,105,174,80,107,175,64,127,175,75,119,157,64,112,169,66,125,154,81,110,154,74,112,169,72,125,167,69,119,164,77,127,168,82,117,159,81,119,176,67,111,175,73,123,174,73,110,169,66,114,155,80,108,168,67,124,159,87,119,157,76,111,157,81,114,156,79,113,158,74,114,173,77,124,166,87,119,169,84,126,155,73,113,171,64,110,154,79,106,171,76,126,176,82,113,162,71,126,169,77,115,156,84,113,153,85,127,162,79,120,162
0,81,126,156,85,113,176,143,99,96,147,103,86,152,96,100,72,104,160,73,103,167,76,122,164,74,114,172,85,127,159,74,113,169,159,85,79,159,107,100,147,104,82,77,117,177,73,112,167,87,117,173,78,118,161,154,101,83,154,92,100,146,87,84,79,117,157,72,126,171,70,118,172,78,122,154,63,118,154,85,112,163,154,102,87,160,92,96,165,106,91,77,111,176,66,116,166,67,109,174,81,113,166,84,118,156,147,93,89,161,90,88,143,88,102,207,156,147,201,162,156,193,155,142,196,147,157,147,98,82,164,98,90,154,89,80,72,114,156,85,123,159,71,106,168,83,104,154,73,112,164,73,120,160,152,94,89,162,93,89,156,88,81,206,160,154,199,149,144,214,158,155,217,156,146,159,84,95,162,94,102,143,92,101,81,105,153,79,116,177,85,104,162,69,105,168,65,114,163,84,118,170,203,167,138,145,103,100,161,97,96,150,90,90,210,155,134,217,162,154,150,85,99,164,96,79,159,101,94,209,160,144,83,124,153,65,104,164,74,127,170,69,122,155,65,106,164,69,108,154,198,155,142,144,84,97,165,89,99,164,106,85,215,149,151,206,150,148,161,84,83,143,104,99,150,100,95,213,157,149,68,123,155,80,120,172,69,119,162,72,117,169,66,127,177,206,167,147,206,155,140,216,151,137,166,83,95,150,92,94,165,85,83,152,88,101,167,95,91,152,98,86,197,166,146,202,151,133,201,157,153,80,109,177,84,127,158,87,118,172,76,116,160,207,162,153,203,159,135,214,165,150,28,27,22,201,162,151,198,152,145,209,157,154,195,152,141,25,32,19,211,162,155,203,150,135,203,153,146,75,112,173,67,109,172,71,103,157,83,115,171,217,143,150,211,155,141,217,161,145,25,26,34,209,145,136,214,160,138,197,161,137,200,164,157,33,33,33,197,151,145,210,158,137,198,144,140,77,109,160,78,125,170,87,111,154,75,124,175,195,149,149,206,158,142,215,159,143,208,159,140,194,151,143,203,161,145,214,153,154,217,157,154,205,163,154,204,157,149,205,160,154,193,144,144,73,105,176,67,115,173,86,118,173,76,111,173,71,122,161,199,156,140,198,157,134,204,156,136,201,156,144,19,21,21,18,14,14,202,147,135,214,159,146,207,151,147,215,146,144,67,104,160,73,105,173,81,105,171,79,114,174,84,103,163,76,114,173,196,150,140,203,160,143,194,160,135,213,151,139,198,148,155,211,159,148,206,156,155,199,148,148,214,161,155,215,144,157,71,107,159,69,120,156,63,115,154,86,119,172,65,126,168,64,104,164,67,107,172,195,159,141,204,157,153,217,152,151,217,156,144,212,162,133,203,147,148,193,165,138,204,162,152,76,106,156,72,109,163,79,109,154,72,103,173,78,118,176,86,126,164,66,110,154,76,105,153,82,127,157,67,106,165,210,161,147,202,153,139,207,146,142,207,150,137,64,112,160,65,122,157,77,112,160,65,108,166,76,116,164,75,104,158,70,109,165,65,116,164,73,119,153,76,127,157,71,117,163,73,113,157,76,117,157,64,124,160,75,123,168,86,104,157,77,126,163,66,103,153,74,126,174,76,120,168,64,116,171,63,113,167,65,127,155,68,105,175,79,105,165,77,125,172,69,108,160,74,109,171,70,127,175,70,103,173,74,111,169,72,126,171,85,113,155,76,113,168,64,117,171,72,109,157,66,125,169,70,104,157
0,71,108,165,84,111,166,166,99,88,163,104,88,166,86,96,63,107,176,64,112,155,87,123,155,73,125,162,80,119,154,87,113,156,144,102,85,149,92,90,167,94,101,70,110,166,69,127,160,63,113,168,85,127,164,165,92,84,157,105,79,143,101,95,72,106,165,87,111,160,77,117,154,83,123,157,66,117,153,86,111,167,144,86,83,153,105,100,162,88,95,84,110,159,83,121,176,78,105,167,83,120,164,75,119,156,157,95,97,157,94,79,154,102,81,208,166,140,215,167,151,200,143,157,215,145,134,164,94,101,154,101,80,167,95,97,87,120,159,70,125,173,65,118,171,69,115,162,83,118,153,79,122,175,151,106,87,144,95,89,165,105,98,202,154,137,216,153,151,199,154,147,193,164,148,155,94,78,161,91,90,148,83,93,80,123,163,76,107,173,86,108,167,66,121,174,68,116,153,87,107,173,214,155,156,145,86,95,156,99,78,166,86,78,212,150,146,193,161,153,145,101,86,161,83,95,145,103,92,194,144,139,67,118,175,75,124,158,79,103,164,84,124,175,79,117,167,78,118,154,195,151,154,161,97,82,165,95,94,147,86,81,211,153,146,213,163,157,166,102,90,152,96,78,158,97,84,213,153,152,74,115,175,81,124,156,81,108,157,64,114,156,69,114,165,200,166,151,216,164,147,202,166,149,164,102,83,154,84,79,158,94,81,156,97,101,151,106,94,156,103,93,199,154,150,196,160,137,216,146,148,86,118,161,79,117,162,78,117,172,70,114,172,212,164,154,203,163,150,202,149,150,20,24,25,212,161,151,208,167,136,198,154,137,217,144,135,32,19,14,215,155,141,206,163,151,196,147,145,78,106,171,65,121,166,81,121,159,69,114,160,214,144,139,213,145,140,217,160,148,30,19,14,203,163,145,209,147,149,216,166,148,204,150,140,23,23,18,206,165,138,194,147,152,214,151,157,80,118,161,78,119,156,66,108,170,68,115,171,214,161,139,202,166,144,196,157,140,211,148,137,197,161,140,195,157,153,207,159,146,203,143,140,211,163,141,214,166,147,204,167,153,213,144,143,73,118,175,84,118,176,78,127,171,65,117,162,69,105,157,214,152,139,202,163,143,199,154,140,209,165,135,15,35,23,28,24,14,211,147,147,198,144,152,201,159,134,216,149,145,81,125,164,77,123,164,76,108,172,71,109,159,81,106,166,80,115,167,193,159,150,203,153,133,205,161,157,201,150,157,211,163,141,201,146,134,215,145,133,202,147,148,217,166,151,208,151,152,69,114,161,81,107,156,63,106,169,65,119,170,83,122,166,82,122,173,66,109,157,217,163,151,200,154,147,203,149,149,202,159,153,195,146,135,203,165,148,194,149,142,207,154,145,64,123,155,76,112,174,68,115,158,72,113,163,72,116,158,63,108,156,70,113,175,71,115,172,85,125,158,67,124,160,211,152,133,208,145,157,207,150,154,202,150,141,75,115,154,82,113,161,78,124,154,86,124,154,76,104,160,81,119,155,64,117,171,87,114,156,75,109,163,67,105,161,83,127,176,65,126,158,63,108,158,72,123,156,78,113,165,65,115,169,64,122,163,76,111,174,65,119,176,73,111,156,69,109,174,69,116,165,74,126,153,67,119,163,82,105,163,76,125,177,73,120,156,77,123,172,66,124,164,86,118,170,68,121,154,85,113,158,86,112,171,68,108,155,81,106,173,84,106,173,72,108,171,81,122,161
0,79,106,162,66,112,153,167,85,84,159,94,100,165,95,96,81,109,171,66,112,158,76,113,157,63,106,158,85,103,156,77,112,154,147,84,97,159,103,87,165,92,91,82,119,169,79,115,165,74,122,162,80,105,175,160,87,92,148,102,81,150,104,90,77,124,163,82,106,166,72,111,175,83,121,156,73,109,157,86,106,170,163,83,81,146,89,79,159,93,82,69,106,164,75,120,177,68,110,162,68,120,161,85,103,176,147,87,101,166,91,90,148,95,93,195,163,140,217,148,133,197,153,140,217,151,138,150,100,91,157,84,92,158,95,78,72,127,157,82,126,159,83,123,174,84,121,177,80,118,173,85,116,175,155,98,87,144,100,100,158,98,82,195,144,147,213,153,138,202,165,134,193,150,139,165,84,89,145,83,100,164,107,97,85,118,157,72,117,157,74,111,158,76,114,162,65,116,176,84,120,171,214,149,151,148,98,91,167,106,102,165,105,85,211,160,143,215,148,140,160,104,81,160,88,94,161,89,90,213,149,154,83,108,177,77,120,173,76,119,153,78,126,154,71,108,173,70,114,167,217,163,140,145,99,97,162,94,96,150,85,80,216,156,154,211,161,138,164,85,98,149,93,85,152,105,92,216,144,144,63,118,173,63,118,168,74,103,176,80,120,177,72,121,162,214,161,152,212,155,139,204,157,145,159,96,100,156,87,102,145,90,95,143,93,96,154,85,97,167,91,95,201,166,144,201,166,138,198,154,151,73,113,156,69,109,175,64,126,163,82,105,164,202,146,151,206,149,154,215,154,136,36,35,16,193,162,146,208,152,143,196,164,140,206,150,145,37,24,36,212,143,143,216,143,141,195,158,140,78,107,157,70,111,157,76,125,168,79,117,154,215,149,154,198,149,153,210,146,137,29,15,27,195,159,152,213,166,151,217,150,144,202,164,147,36,34,36,203,147,136,195,148,147,216,153,151,76,110,177,78,109,155,65,112,172,69,110,156,193,160,149,205,148,140,194,156,156,217,153,151,201,164,133,193,150,150,196,159,133,200,165,146,202,160,144,215,145,154,194,144,137,195,159,137,72,105,175,71,103,170,65,117,154,67,119,161,76,105,166,213,160,148,210,157,153,213,149,138,217,145,142,31,32,31,28,13,19,214,147,133,201,149,153,202,164,148,201,149,156,69,112,162,67,106,154,76,114,155,64,103,162,75,103,155,63,123,162,196,149,136,200,153,144,203,166,147,211,152,137,194,166,148,217,147,154,214,147,154,200,162,144,206,167,155,207,147,154,65,118,165,87,105,175,79,127,172,87,120,171,80,118,175,80,117,168,76,118,176,207,154,135,199,159,148,207,164,135,197,149,152,210,145,150,211,150,152,207,163,153,198,144,141,79,118,160,64,111,164,66,121,161,73,113,176,79,116,169,65,123,176,77,126,160,71,106,170,80,124,153,78,121,174,205,167,142,216,164,134,200,163,153,196,154,148,73,119,163,82,109,171,66,127,170,83,113,160,84,115,176,67,104,164,71,112,172,69,127,160,81,108,167,65,124,171,73,111,153,76,110,169,73,116,167,63,107,154,86,117,173,65,127,164,69,117,170,84,111,158,64,124,164,74,124,173,74,126,163,87,110,174,73,111,162,87,104,167,87,119,175,81,124,166,77,117,175,79,119,170,81,108,173,85,126,157,66,127,154,86,104,167,87,107,174,84,103,161,63,127,177,82,112,168,87,105,156,68,112,165
0,66,125,167,74,124,168,160,105,78,151,86,78,165,92,95,76,116,168,65,119,166,71,111,157,76,107,177,72,112,168,64,125,161,161,100,91,158,85,81,143,86,94,77,117,177,63,110,160,68,113,167,87,104,175,152,104,87,150,107,78,157,90,82,72,115,174,76,127,169,81,122,168,84,111,172,84,104,177,69,123,177,144,91,85,159,86,92,157,102,97,86,119,171,81,107,161,75,121,158,72,117,153,72,119,156,146,104,84,144,85,94,156,107,87,200,147,140,195,151,144,215,155,144,196,159,136,148,97,89,162,85,93,144,83,85,71,110,177,77,111,159,86,107,164,75,124,168,72,103,175,73,109,165,147,93,80,163,104,82,149,86,80,203,151,136,213,145,136,211,143,153,197,143,145,143,98,81,150,106,90,163,101,84,64,104,164,67,108,155,84,112,161,68,123,166,77,123,160,86,127,164,199,160,141,164,87,88,167,96,81,146,96,81,214,153,154,217,162,151,165,102,87,151,106,82,156,105,80,210,151,143,73,109,167,87,127,163,80,107,165,79,107,176,83,122,164,64,120,156,201,162,151,164,92,79,148,89,82,149,94,95,204,161,140,204,159,134,165,89,99,166,103,88,163,88,94,209,143,143,63,118,163,64,118,175,84,119,155,81,124,173,77,109,164,201,152,137,204,148,141,215,165,148,158,98,93,151,92,102,151,101,90,151,101,85,144,92,91,152,84,79,206,143,145,211,160,149,197,155,142,80,116,157,86,124,167,74,114,159,78,117,171,200,160,144,213,152,153,205,143,151,16,17,16,193,151,133,207,148,144,201,154,156,199,162,146,14,15,37,206,144,151,212,150,137,213,166,141,77,103,167,81,107,165,67,114,174,66,125,168,202,149,136,214,155,157,194,149,137,24,14,33,200,166,154,215,167,151,202,150,154,213,162,149,29,21,21,197,157,150,211,154,137,214,150,146,65,118,171,71,121,166,86,111,163,72,122,175,216,154,155,212,154,147,216,159,136,198,157,156,199,166,136,208,165,142,214,166,154,197,157,156,196,159,140,197,147,154,201,143,138,199,162,139,75,124,157,78,115,156,77,116,161,85,103,177,84,111,154,201,166,145,203,164,144,196,145,138,210,155,140,29,15,16,13,24,13,197,165,137,210,165,152,198,144,148,217,163,142,84,123,163,81,114,158,79,125,157,77,127,166,78,118,161,68,109,172,199,153,155,201,149,157,200,163,147,199,166,137,215,157,149,199,162,146,217,166,151,198,145,144,196,144,133,197,155,133,78,117,177,68,105,161,69,123,173,71,125,169,75,121,174,75,113,159,78,105,164,204,158,140,196,143,144,198,143,150,211,160,139,195,160,147,200,143,154,211,154,134,208,162,139,70,117,167,70,106,157,82,118,159,71,105,176,72,119,163,64,127,158,84,125,167,84,114,172,83,125,153,79,107,166,210,165,133,193,162,134,208,147,138,193,160,153,83,118,155,68,127,156,79,121,177,71,114,158,70,122,173,85,113,171,76,127,154,67,110,159,65,113,172,87,122,169,86,117,164,66,117,164,77,122,153,69,108,159,63,120,169,80,104,166,63,122,162,65,117,163,63,108,176,71,106,160,63,104,167,79,123,170,76,118,173,74,119,175,78,113,163,84,120,163,63,121,163,81,127,156,72,113,154,72,122,167,68,110,165,76,122,162,84,115,157,77,108,169,76,113,156,80,106,162,87,125,157,64,112,160
0,83,120,161,87,124,163,144,104,100,151,95,82,146,98,90,71,124,159,72,122,159,81,112,156,76,125,177,75,117,161,64,117,170,164,100,99,165,96,96,159,106,100,74,120,163,77,111,172,65,127,155,64,115,173,156,97,98,147,96,87,145,99,92,82,110,173,81,117,170,82,113,159,77,118,154,65,108,161,81,109,156,156,106,86,154,104,99,162,99,82,71,110,167,80,103,161,77,103,162,64,118,173,81,109,165,154,85,94,157,94,90,161,88,91,215,161,137,217,144,157,217,150,154,216,148,148,149,93,102,158,86,82,154,95,93,68,105,157,70,103,153,80,127,163,77,124,169,81,114,171,66,114,160,147,105,87,148,93,102,155,95,78,193,161,150,216,143,143,208,160,139,206,163,152,144,105,84,143,89,86,145,90,98,75,113,173,69,107,171,79,113,166,86,120,161,82,124,172,77,126,167,193,166,148,144,96,79,143,98,86,155,86,86,200,150,147,194,144,141,166,101,80,166,104,93,152,92,84,205,160,147,65,124,176,83,115,160,79,125,167,76,108,155,74,118,175,78,112,153,216,153,141,154,99,91,156,86,94,147,92,102,210,166,148,202,145,141,148,98,94,154,90,98,145,91,81,216,166,152,79,119,168,68,116,159,85,111,174,81,108,155,83,108,157,199,165,140,211,161,149,198,146,143,161,83,78,157,105,81,149,87,99,165,83,87,165,91,94,151,107,89,206,157,148,195,154,154,201,146,156,77,123,175,75,115,153,72,113,166,80,121,160,211,145,136,205,164,156,202,154,147,33,25,28,214,157,157,205,154,148,216,156,145,205,151,148,25,14,30,204,147,133,209,164,156,203,163,137,81,116,162,73,113,158,65,118,164,64,112,171,212,160,149,208,159,137,211,160,149,28,17,27,204,152,156,201,147,138,193,156,135,214,165,150,24,35,14,206,162,138,212,160,147,214,150,153,79,116,174,71,104,154,75,118,157,72,116,166,199,161,134,200,148,135,201,150,134,199,145,150,215,149,151,200,150,133,195,146,136,209,151,154,193,155,144,201,159,150,203,153,149,208,153,144,67,125,162,74,107,171,75,106,163,65,111,159,76,122,167,201,154,147,215,159,139,203,145,147,211,160,139,33,29,27,35,15,34,200,153,144,205,156,152,206,150,154,199,160,155,81,114,175,86,120,166,84,111,155,77,123,170,67,113,174,75,104,175,196,162,152,216,161,136,217,166,146,197,151,146,212,152,153,208,156,155,198,161,139,205,164,150,202,147,146,209,154,136,78,121,167,69,116,168,81,126,172,64,105,153,67,123,168,65,122,177,64,124,172,203,166,156,214,147,133,199,160,154,207,148,136,197,146,157,204,163,135,211,144,153,201,154,156,75,108,162,86,111,166,85,108,157,64,106,165,73,116,166,69,123,160,82,109,174,74,104,169,67,112,159,86,107,165,197,153,140,214,160,135,201,143,140,194,163,148,73,113,172,87,119,162,65,124,161,68,104,157,72,119,162,69,127,164,64,118,161,74,103,177,86,122,159,86,110,158,79,104,171,83,121,172,77,103,157,71,111,153,72,109,155,63,122,153,77,118,156,84,120,158,70,124,163,85,125,160,67,127,168,78,123,173,70,118,166,74,113,161,77,115,155,77,107,167,74,118,160,73,113,162,80,106,162,77,106,158,75,116,166,66,113,174,70,121,159,87,121,176,67,122,161,68,117,175,64,107,155,74,104,173
0,66,109,161,70,123,160,161,84,91,148,98,97,166,100,97,83,113,169,68,112,167,78,109,159,85,121,155,67,122,172,64,110,167,146,105,97,146,87,92,154,102,85,81,125,164,73,117,174,65,112,158,65,126,155,156,104,83,148,84,100,155,103,101,84,113,172,65,104,153,85,111,161,69,115,161,69,115,161,72,111,159,148,106,102,161,96,96,145,91,82,68,125,177,85,103,173,64,117,173,67,108,167,75,125,169,150,93,83,157,99,79,163,99,92,210,153,154,208,146,134,212,149,139,210,167,144,149,84,78,144,101,79,144,104,91,69,123,157,73,119,176,76,123,168,77,113,162,75,114,170,76,106,168,148,100,99,152,97,98,143,90,87,201,156,153,199,150,138,215,152,145,204,163,157,164,96,94,152,107,80,153,92,101,76,126,159,73,106,167,73,118,159,73,127,155,79,114,156,86,118,165,211,164,145,154,105,96,154,101,91,153,96,78,194,163,157,200,165,140,157,106,88,147,88,96,155,106,86,209,151,153,67,105,153,81,108,158,67,113,155,86,111,163,74,118,171,83,114,176,199,157,153,147,90,93,155,96,79,151,85,87,197,156,142,199,144,138,162,98,79,160,85,85,158,87,83,211,160,137,66,103,172,87,109,164,83,127,157,72,124,159,82,107,158,212,163,144,194,145,155,214,164,142,161,95,82,160,91,78,157,96,99,163,104,96,153,89,97,144,100,92,210,149,154,214,152,157,208,155,147,84,122,153,64,117,169,67,112,162,75,116,165,205,162,142,215,160,140,206,164,133,34,31,33,202,149,149,206,159,138,214,166,144,216,143,149,23,23,31,198,153,153,206,148,151,208,148,145,75,121,177,67,109,177,67,113,167,86,108,168,200,163,142,215,156,150,215,162,155,18,28,14,216,164,141,207,148,139,217,164,154,200,151,153,21,26,26,205,146,134,204,146,142,212,166,156,75,105,170,64,115,169,75,108,169,80,115,177,216,166,149,215,159,148,212,148,141,201,162,141,193,167,140,214,167,153,214,162,144,195,159,146,212,165,143,206,145,140,214,152,141,194,160,150,70,125,173,70,106,170,70,120,153,66,115,171,86,109,161,208,156,151,195,147,153,199,158,148,212,150,153,32,30,13,15,37,34,198,148,133,195,155,139,196,159,157,204,148,133,63,123,157,70,121,156,74,107,159,65,109,160,75,123,177,84,109,174,195,152,157,193,161,150,198,145,138,208,144,138,200,146,150,212,156,148,198,144,136,198,162,144,212,143,140,196,164,157,77,118,173,73,115,171,85,125,153,63,125,153,85,106,173,81,123,177,86,105,167,205,153,139,217,148,142,202,159,140,201,149,149,217,158,136,204,145,143,202,166,148,202,156,152,66,106,167,83,104,175,85,120,167,63,107,168,67,120,158,64,111,154,64,122,160,84,126,176,79,103,170,86,109,162,213,165,151,213,146,138,199,148,136,205,164,154,63,103,164,82,125,159,68,111,175,65,120,160,67,124,176,87,114,158,85,117,165,68,114,157,83,104,158,65,110,156,66,116,167,81,114,176,72,108,169,86,109,158,75,118,174,63,106,176,87,105,165,77,119,156,66,116,167,86,120,166,86,107,172,63,108,163,66,113,159,79,115,161,87,108,166,77,110,177,63,108,158,64,122,171,72,105,168,84,113,159,83,103,162,84,103,164,69,105,172,79,111,177,65,104,174,73,103,167,73,113,153,79,111,169
0,73,108,170,72,116,168,157,84,85,158,99,86,156,97,97,78,104,176,63,120,173,86,110,153,83,117,165,71,124,162,64,113,169,150,93,88,165,83,80,158,88,92,68,117,173,82,117,160,86,107,170,68,121,153,146,105,95,150,87,78,154,86,80,87,108,155,69,111,153,76,109,165,80,103,155,82,122,154,74,103,158,152,84,90,153,85,80,164,98,98,85,111,168,65,126,155,77,104,174,75,111,170,74,117,171,156,99,95,155,89,98,164,85,83,201,144,147,216,164,152,193,152,153,202,160,154,145,90,95,164,99,81,161,84,81,66,127,161,73,125,166,78,125,165,77,117,166,65,121,163,67,111,171,155,106,78,146,98,79,161,87,81,207,156,142,203,145,148,207,167,134,197,147,154,149,100,78,151,105,89,150,92,92,79,108,167,77,124,157,73,109,176,67,104,172,74,123,171,83,125,158,210,151,149,161,100,93,150,94,100,159,98,83,207,148,152,212,149,139,163,106,88,165,98,99,163,83,83,215,151,133,82,110,171,79,115,174,76,109,175,82,119,162,87,115,162,80,112,161,197,164,147,150,101,95,150,93,101,167,95,99,204,147,155,200,162,135,160,106,95,156,104,92,155,88,82,208,150,143,70,110,162,63,115,173,68,104,156,76,116,159,70,111,177,194,146,141,215,147,135,204,155,155,149,91,100,153,88,91,149,95,83,159,100,91,148,89,84,154,97,79,202,151,141,204,154,155,196,166,153,72,109,161,72,107,155,65,106,167,73,111,171,201,152,151,203,158,153,202,148,157,15,33,30,210,165,142,198,163,157,202,155,140,209,146,144,15,18,32,196,146,146,201,167,148,213,162,138,71,124,165,72,108,171,82,119,167,68,111,167,216,149,143,199,163,152,212,159,148,24,37,33,211,146,144,200,143,134,207,153,136,201,154,153,15,29,20,201,158,151,198,164,140,194,153,147,80,108,161,73,126,159,65,103,176,79,105,157,201,155,142,200,166,148,210,163,154,205,148,142,199,166,134,213,145,141,213,156,133,206,156,156,216,161,145,196,166,133,205,162,153,206,150,156,77,112,172,66,107,155,79,118,172,85,123,154,75,113,153,206,145,157,201,157,135,204,161,133,196,146,138,23,13,17,36,19,15,206,144,133,201,167,134,198,158,138,210,162,150,76,119,160,83,107,156,68,104,170,75,105,161,86,125,172,80,112,157,204,144,147,212,155,157,205,162,152,213,167,147,209,151,138,194,144,153,195,152,135,201,151,137,201,155,133,213,158,140,78,108,160,85,120,166,65,125,164,81,114,158,79,125,163,86,122,175,82,111,167,203,164,148,215,156,139,217,158,155,217,162,149,198,161,140,193,153,143,208,158,151,208,164,152,83,120,159,75,117,166,63,118,162,86,123,156,64,114,171,69,122,161,86,124,170,66,113,153,87,111,160,81,104,160,203,156,156,193,147,149,204,167,150,213,156,152,83,115,166,85,103,172,76,109,164,72,124,167,75,103,168,73,105,158,65,104,155,79,112,157,75,108,174,67,115,162,83,112,156,79,103,157,71,114,171,72,104,169,74,122,173,70,113,165,74,110,163,68,111,173,70,118,177,77,127,176,81,113,154,77,126,166,84,114,177,87,113,167,70,118,161,80,126,176,74,126,176,67,113,155,68,108,163,86,120,162,76,117,171,83,104,155,84,118,163,87,108,158,78,121,177,83,108,172,71,121,174,87,116,163
0,68,109,172,75,118,161,164,101,96,162,84,82,144,90,99,79,113,161,64,117,153,64,120,161,87,105,163,81,125,155,67,112,157,156,101,101,153,98,88,150,105,95,73,105,175,69,124,172,78,115,175,70,113,158,162,92,91,145,92,82,166,96,101,68,103,161,64,119,164,67,103,165,70,109,161,76,105,155,79,122,168,159,98,84,157,87,94,148,103,90,74,122,159,84,109,175,79,104,162,66,125,172,65,118,155,155,84,85,149,106,99,150,84,94,204,152,142,195,159,153,202,150,146,213,156,134,164,88,99,143,103,97,149,85,85,78,120,170,64,126,158,84,105,154,81,110,166,78,126,176,76,118,167,157,97,85,156,93,102,157,95,87,204,154,142,203,162,134,199,151,149,196,162,143,165,91,84,154,107,101,166,86,81,64,107,165,82,109,171,73,114,159,70,104,170,82,126,177,67,109,175,200,149,153,145,89,89,164,106,80,152,103,94,203,153,156,193,157,133,147,95,86,143,96,82,156,83,90,207,152,155,66,113,173,66,126,162,72,119,168,76,108,156,76,112,170,70,126,161,214,147,147,165,101,92,150,84,83,161,92,79,206,161,143,208,148,144,148,104,79,148,90,101,167,94,94,212,149,147,77,127,156,68,114,170,68,120,161,79,127,170,82,105,171,214,165,151,202,162,144,195,155,154,166,93,97,161,85,101,165,105,96,151,93,90,164,92,87,156,91,102,203,147,140,211,143,133,201,145,144,68,112,157,86,119,165,78,120,164,73,111,168,193,145,149,211,158,157,208,162,154,24,37,14,196,164,142,205,157,134,216,162,154,217,150,146,28,17,37,213,153,134,216,147,149,215,143,134,85,112,174,65,117,168,85,104,173,78,110,161,215,156,134,214,150,136,206,146,140,34,22,13,216,158,151,212,147,154,216,145,145,201,154,148,23,18,28,204,152,153,198,165,149,215,164,139,67,127,170,87,115,168,84,119,163,65,114,174,194,156,145,209,159,135,204,154,156,207,146,155,203,154,146,214,156,135,206,156,150,211,152,134,211,150,146,216,150,145,201,156,153,193,153,151,74,113,156,85,116,156,65,110,159,81,113,166,69,108,157,201,154,135,209,147,144,205,162,145,195,161,137,15,17,33,35,26,31,207,166,142,210,167,155,205,161,148,210,152,149,78,121,177,79,123,172,76,126,159,65,121,166,70,104,164,68,118,173,194,151,155,199,155,151,198,148,157,204,161,156,195,156,141,197,150,133,196,147,148,202,155,151,215,167,133,196,158,145,69,106,177,82,105,171,79,116,160,77,124,173,63,119,164,84,114,160,75,103,166,197,148,139,193,156,139,204,156,148,199,163,156,204,158,147,204,155,152,216,152,138,217,162,149,72,105,153,72,103,175,64,109,176,68,118,159,63,109,177,67,112,177,79,108,175,77,112,175,75,109,176,73,107,174,216,150,143,206,145,136,210,159,155,217,147,133,70,120,153,84,116,174,85,126,171,73,119,174,76,107,174,65,120,163,69,123,174,65,125,156,66,123,158,79,127,155,77,118,172,63,109,173,75,116,165,75,110,165,83,126,172,72,118,158,79,105,173,70,108,166,73,121,169,71,113,153,69,109,174,78,122,154,85,108,174,84,122,161,63,110,168,74,109,164,83,125,159,84,126,156,84,109,157,85,111,176,73,107,175,77,125,163,76,117,156,81,123,163,64,126,160,64,114,165,79,117,170,64,117,155
0,67,125,177,75,113,157,152,102,87,160,102,80,159,94,83,86,122,169,70,119,169,68,103,175,65,113,156,71,121,167,77,118,166,151,101,80,150,95,101,145,96,89,77,116,164,67,119,158,67,125,177,75,106,171,163,93,99,151,105,96,164,83,82,81,112,170,71,121,177,72,109,174,86,111,176,73,117,168,76,115,155,166,90,95,160,96,88,163,93,78,87,126,154,85,121,155,85,114,172,74,126,165,86,117,169,149,87,84,161,105,98,166,107,89,217,161,157,199,155,133,196,161,157,202,145,137,163,97,78,156,95,81,160,107,88,84,110,166,64,125,169,78,120,154,77,107,153,84,107,153,70,123,175,149,100,95,146,85,83,143,107,96,212,156,145,208,156,140,207,148,133,199,163,147,150,92,102,151,99,85,155,94,91,78,103,167,83,106,171,83,125,153,74,115,174,73,118,162,69,121,166,208,158,134,153,91,90,157,89,97,150,85,90,201,166,152,193,161,156,153,91,91,160,103,95,158,106,85,215,164,134,87,114,169,79,116,170,66,104,158,73,109,156,67,121,158,76,116,157,203,151,148,167,99,79,164,84,96,153,99,79,202,143,135,217,152,145,146,93,97,157,107,101,143,84,78,195,161,154,64,104,167,69,119,169,73,111,165,77,127,175,70,123,162,216,158,142,200,155,157,211,150,151,163,84,95,162,91,81,149,86,96,159,93,96,155,98,80,159,90,82,196,149,133,204,152,137,214,160,153,71,123,175,68,114,173,65,106,155,81,123,154,199,167,144,212,152,156,193,161,142,18,34,31,202,145,138,203,161,147,212,162,156,211,144,156,34,20,37,217,147,140,210,160,155,207,164,146,77,115,166,64,123,165,68,126,169,81,113,155,199,167,142,193,163,139,211,162,148,30,19,30,207,152,142,214,165,153,199,143,149,196,159,139,26,20,18,215,167,151,214,149,153,212,164,147,85,103,158,75,127,165,70,119,158,63,118,156,204,152,150,195,160,143,196,150,140,196,145,148,209,156,134,203,157,147,205,157,148,195,161,137,215,164,150,210,162,137,217,144,140,194,147,149,77,113,167,71,104,164,79,122,177,68,110,174,63,109,166,193,155,147,208,159,148,196,162,153,198,151,157,32,28,34,18,25,23,203,167,147,195,149,145,202,161,146,208,151,155,74,106,175,86,112,163,70,117,164,87,108,164,77,126,162,72,124,169,210,147,143,197,166,146,213,162,151,194,165,136,209,154,136,217,146,136,203,166,146,208,150,140,210,154,135,203,157,146,72,126,166,78,104,173,74,104,174,76,127,170,63,122,170,69,119,176,69,105,171,200,151,146,203,165,134,198,167,148,203,159,146,194,150,153,202,166,156,204,155,139,215,150,139,87,120,171,67,110,162,82,114,157,71,127,163,77,104,163,65,113,163,86,118,169,83,107,165,69,120,170,63,123,159,198,151,154,216,147,147,195,155,136,214,159,156,84,115,177,68,125,175,79,123,165,81,117,176,71,118,166,86,108,159,83,118,153,69,124,170,74,123,161,78,120,177,77,127,175,68,116,169,66,121,159,66,122,157,68,126,171,71,105,177,85,108,175,70,107,169,87,125,153,87,115,158,74,110,174,81,111,176,66,119,164,71,113,164,71,105,170,82,108,163,80,119,160,65,111,177,63,104,160,74,115,160,63,109,158,79,107,166,78,109,163,84,112,172,63,112,167,81,127,170,75,114,167,66,116,169
0,81,125,166,83,107,155,149,87,102,166,94,79,159,96,83,80,116,170,73,115,162,83,109,162,77,115,154,84,124,169,80,108,159,143,101,83,154,100,92,148,99,97,83,123,162,75,117,174,69,115,159,65,115,159,150,83,95,152,95,79,146,98,83,86,115,157,79,127,153,70,109,175,75,112,172,64,119,162,84,118,162,161,85,98,145,96,85,151,103,100,70,124,154,70,106,154,85,125,156,75,116,160,87,115,166,148,107,82,159,91,89,153,92,80,202,167,133,210,163,143,207,162,145,197,148,151,154,85,102,146,103,78,159,92,94,76,105,154,75,126,177,76,126,154,86,124,154,68,115,153,72,116,171,143,103,81,157,91,97,164,93,84,209,163,152,196,166,145,197,152,141,195,143,146,155,103,93,160,100,87,153,98,85,67,105,166,74,104,158,84,111,157,69,127,169,81,109,164,71,126,161,193,157,135,145,103,78,164,97,102,148,102,94,204,143,138,200,164,154,143,94,98,166,83,91,156,97,81,201,160,143,70,110,174,69,127,156,78,127,155,71,117,171,87,113,164,71,126,155,198,161,150,165,88,87,167,107,96,148,88,78,198,159,154,210,145,144,163,88,79,159,101,99,154,87,81,207,155,150,63,106,158,76,122,166,68,113,154,73,127,154,78,126,160,215,147,141,216,162,135,200,162,142,150,84,85,165,107,83,154,84,101,167,88,93,151,102,90,147,90,95,200,159,142,202,144,157,214,150,148,83,115,164,71,109,172,81,121,161,67,126,170,217,154,156,209,143,139,200,143,149,26,33,21,196,152,150,206,163,140,197,161,153,194,159,143,13,23,14,217,151,154,209,158,154,196,153,151,63,113,156,80,107,159,77,118,158,66,104,172,194,158,141,202,151,148,211,165,140,31,16,35,195,158,136,208,151,155,193,143,139,215,151,144,25,29,34,209,165,141,209,155,143,214,158,157,69,118,162,87,111,172,75,115,165,63,117,157,200,155,145,216,144,157,202,158,141,196,147,133,210,146,150,193,149,146,209,162,139,209,163,137,204,147,150,214,161,153,202,143,142,199,161,140,87,114,156,75,103,157,75,122,177,85,113,168,77,114,157,215,156,146,210,152,150,194,149,154,216,146,146,19,25,28,29,15,27,203,147,141,213,160,135,200,153,140,208,155,141,68,122,169,70,127,172,70,103,159,82,127,164,70,122,164,67,126,175,205,144,149,213,160,144,199,148,152,210,157,140,202,165,133,195,145,141,212,162,148,216,152,147,203,151,156,208,149,154,83,117,167,64,111,177,81,122,154,81,116,167,80,105,172,72,114,165,73,121,168,207,150,152,205,146,157,194,164,139,217,164,141,193,153,148,199,155,150,216,161,136,194,159,156,63,112,156,85,124,168,73,116,172,83,111,159,64,118,175,68,106,174,79,124,169,77,124,167,65,124,176,76,121,171,196,155,143,209,157,138,200,156,140,202,167,135,66,104,161,80,113,167,80,125,166,77,106,157,75,113,168,85,108,170,65,120,157,87,121,156,68,118,177,80,122,173,80,119,164,83,108,161,81,124,171,65,122,165,63,123,169,72,106,176,85,114,174,80,127,163,74,109,167,85,110,154,85,111,159,77,116,159,66,119,163,74,121,165,78,103,168,66,116,177,82,111,161,80,125,156,71,126,162,63,103,154,86,126,161,64,117,164,76,104,157,70,127,156,64,126,166,72,127,154,77,127,172,78,108,171
0,76,119,176,68,108,176,160,99,99,153,106,87,147,97,84,86,111,161,81,125,168,81,126,172,67,114,156,83,122,168,85,109,166,156,103,88,151,97,101,154,99,92,80,125,174,86,110,174,78,105,154,85,113,159,161,106,100,147,94,98,165,101,79,76,125,168,77,106,170,73,109,175,75,103,177,83,106,168,72,110,175,143,91,79,148,94,90,144,84,87,66,109,156,76,124,165,78,117,164,67,118,177,63,117,156,147,97,96,165,106,100,157,86,92,206,149,156,203,143,146,217,152,138,215,157,138,161,106,97,143,105,87,149,99,95,83,106,168,86,116,167,75,107,158,77,104,157,86,114,162,70,105,165,163,90,96,145,93,94,152,96,86,208,147,143,206,144,142,205,157,149,198,163,134,164,89,91,162,83,90,165,86,88,85,125,164,64,124,158,75,105,160,71,103,175,82,118,160,65,107,157,217,164,134,165,96,90,157,96,90,153,92,98,193,153,140,216,163,138,151,88,98,163,86,100,156,101,86,200,153,140,85,108,169,86,116,155,77,120,174,63,114,170,65,110,169,64,113,167,200,148,136,150,95,102,157,100,102,163,100,90,202,154,143,204,147,146,146,93,81,143,97,78,166,94,99,204,158,133,74,108,172,74,104,170,75,120,168,71,112,155,67,127,159,203,164,151,211,165,150,211,156,153,148,93,95,155,102,82,155,90,88,156,83,79,155,103,83,153,104,89,195,154,135,208,167,151,217,157,155,74,105,171,69,118,169,71,121,163,69,105,158,207,149,141,217,151,143,209,163,133,34,15,32,208,156,155,198,146,139,201,156,157,195,155,141,34,25,15,203,147,155,206,167,143,200,147,137,67,124,161,87,117,154,86,124,169,66,103,156,201,159,155,196,148,151,216,157,135,32,30,30,201,144,157,210,162,154,201,150,147,217,152,150,34,37,33,216,166,136,197,155,149,196,158,157,82,110,153,86,103,169,63,113,169,80,121,172,193,153,153,209,144,150,196,151,133,199,149,142,215,143,143,194,160,156,196,165,156,194,153,145,215,150,143,213,159,156,214,156,151,211,144,153,68,106,177,70,105,156,76,125,166,81,112,166,63,107,173,195,148,142,206,157,146,217,151,137,209,146,137,35,34,36,36,24,31,209,149,145,217,148,134,207,151,152,209,160,141,81,125,176,73,122,155,68,115,153,81,107,153,70,110,155,86,111,176,206,154,146,214,154,148,215,146,157,206,155,144,208,159,153,196,149,133,202,161,152,204,144,142,200,159,151,214,167,145,72,123,156,75,111,164,64,119,165,67,126,175,81,113,159,67,127,157,70,103,168,197,151,156,210,158,145,201,146,138,206,146,139,214,161,144,217,154,148,201,153,150,205,146,149,86,103,175,73,119,159,81,110,162,64,119,160,74,111,173,71,107,174,83,118,169,79,114,171,80,119,156,81,108,153,206,162,145,204,155,152,199,148,144,214,162,146,67,117,166,85,108,157,70,116,170,70,105,158,78,113,160,71,106,170,69,122,176,82,125,177,74,113,173,78,120,176,87,104,158,67,119,153,65,117,168,65,124,153,76,107,171,72,114,153,67,126,165,84,127,171,72,111,167,70,127,164,84,109,161,66,123,162,85,110,172,65,103,176,69,108,160,86,125,156,79,116,174,86,116,167,81,123,154,76,116,173,78,126,161,78,118,173,83,107,177,64,125,156,65,124,154,72,103,170,70,119,161,70,126,167
0,80,108,165,63,105,173,160,97,93,165,98,97,167,94,98,70,109,176,72,107,157,73,109,171,70,122,157,67,111,157,74,127,168,158,97,102,148,97,92,151,94,92,84,113,154,68,106,174,79,119,164,68,105,156,152,99,87,156,84,85,165,95,84,79,110,171,75,125,177,80,118,170,79,112,158,63,127,176,84,112,167,153,105,98,165,101,102,160,90,89,84,119,172,72,117,177,78,104,165,81,125,176,70,124,171,148,99,88,150,87,98,163,84,82,203,152,146,195,156,155,214,165,153,208,161,142,156,106,92,163,97,94,164,85,94,87,121,169,76,109,175,76,126,155,70,121,163,82,125,162,87,123,163,161,87,100,145,86,100,160,93,101,207,148,140,213,153,153,194,145,152,201,157,139,158,98,96,156,87,90,164,89,94,81,115,164,72,127,171,82,118,174,77,121,155,85,118,170,83,123,157,197,143,134,160,105,98,146,83,78,146,106,86,198,159,146,214,156,152,144,95,83,153,85,88,158,93,96,203,146,141,81,127,177,87,104,171,85,115,167,66,123,175,84,103,174,79,103,153,215,151,153,154,99,100,158,88,86,148,104,83,208,164,153,202,166,155,161,95,91,154,105,99,147,102,87,209,149,134,74,106,167,66,121,167,67,126,163,65,108,173,69,111,159,217,150,143,200,156,147,204,164,147,164,98,93,157,89,86,166,87,90,167,93,95,158,93,79,149,104,80,193,152,155,213,161,147,212,145,141,63,118,168,65,123,174,83,108,169,63,116,155,214,161,152,194,158,141,205,155,155,26,32,37,208,164,141,208,147,156,195,157,136,217,148,142,37,20,24,205,156,149,214,150,156,194,149,137,74,127,159,75,121,164,85,107,164,73,120,167,216,166,145,208,149,143,216,143,148,30,37,15,216,144,154,208,148,149,215,150,153,212,152,147,25,21,36,206,166,154,195,148,154,205,145,141,82,125,173,82,109,174,75,124,160,66,127,171,205,148,147,203,155,155,202,151,140,211,167,134,211,153,135,213,162,143,205,155,139,193,144,153,205,149,145,197,165,136,194,154,154,195,155,141,64,117,169,77,126,175,83,104,162,79,106,155,69,126,173,204,167,157,199,165,156,208,166,153,214,163,140,32,26,24,18,28,33,198,167,152,203,161,156,210,155,147,207,158,155,64,113,164,72,119,171,81,125,177,64,118,155,68,125,171,82,115,172,217,162,136,203,152,155,210,148,148,193,144,154,197,161,140,199,167,155,196,149,137,205,159,151,199,158,141,206,143,138,65,110,166,87,120,170,72,105,164,78,118,155,85,107,176,82,105,169,71,108,175,213,163,144,195,166,151,204,156,157,195,158,146,214,154,143,210,162,138,197,150,155,204,154,137,85,120,163,80,118,174,63,116,159,63,124,157,87,107,170,87,125,158,82,110,160,74,107,170,77,119,172,78,106,164,216,149,144,212,163,146,202,158,138,206,159,154,72,126,168,71,116,161,84,114,163,64,117,174,67,119,160,66,127,153,66,120,164,86,124,154,79,120,154,80,118,163,75,126,162,74,127,153,86,124,163,80,106,173,63,113,169,63,106,153,80,123,170,84,116,168,82,118,161,71,118,166,65,121,159,77,120,177,86,120,166,75,109,165,83,112,165,87,113,160,70,110,162,77,117,161,86,121,166,70,109,168,81,107,157,85,116,158,79,106,172,65,114,153,68,109,168,72,109,170,83,118,160,72,113,154
0,73,108,156,82,112,153,153,103,78,151,98,82,167,96,78,82,118,173,81,116,158,82,105,161,74,121,168,77,110,166,75,103,171,160,107,101,153,101,81,162,100,80,77,127,162,78,126,160,75,116,164,69,122,167,163,99,94,154,99,92,152,99,101,82,124,174,74,123,164,77,106,160,66,123,172,80,111,161,71,126,172,155,85,91,150,101,88,148,93,93,71,118,168,78,111,160,77,123,158,65,107,160,79,111,169,157,97,89,155,85,97,145,100,102,211,159,148,203,154,148,211,164,150,200,147,156,148,102,79,163,107,78,144,93,96,63,113,162,74,126,156,77,110,165,73,120,164,72,104,163,86,121,155,161,90,86,152,88,87,156,87,99,216,158,136,197,149,152,200,150,134,217,167,146,153,90,84,154,89,100,154,102,93,73,121,174,80,103,171,75,108,169,68,126,175,66,122,165,63,119,168,210,158,157,163,93,98,158,99,98,160,87,102,215,158,139,207,156,140,144,101,93,157,90,96,163,99,101,200,156,145,76,103,171,78,124,171,78,119,163,73,103,177,64,124,173,72,111,164,214,144,147,165,87,97,155,88,97,166,107,101,193,164,135,193,157,152,150,105,83,165,87,90,154,87,92,209,148,144,72,115,160,63,113,172,72,124,155,86,114,166,78,106,155,207,157,143,199,161,150,217,166,147,148,91,98,153,100,80,165,101,95,157,104,79,159,104,94,152,83,93,203,165,143,217,149,155,210,143,144,69,126,165,73,122,173,78,107,166,79,109,172,204,144,157,207,166,155,193,154,135,19,14,26,212,156,147,198,145,157,197,160,136,203,155,150,20,30,27,193,148,148,209,153,140,207,161,150,87,107,156,72,126,171,68,112,155,70,118,156,208,150,133,206,165,139,211,144,149,24,29,19,194,156,150,201,164,149,199,156,157,217,159,136,26,27,18,199,160,145,206,153,154,206,144,145,78,118,164,74,121,164,77,110,176,87,113,162,196,143,143,216,167,153,214,157,148,214,147,144,193,152,134,198,153,155,216,160,153,212,166,149,210,145,133,213,160,143,203,159,147,197,149,143,78,119,162,87,114,168,83,107,154,79,103,157,72,106,153,202,145,144,194,157,156,217,152,151,200,146,145,25,13,29,34,16,26,217,164,136,195,153,153,204,163,145,206,145,140,83,112,153,85,111,167,84,123,164,64,104,154,72,113,170,72,104,173,210,161,137,197,163,148,193,155,151,212,164,134,213,155,142,212,152,152,200,153,146,213,154,156,215,163,149,194,164,140,83,115,159,80,109,165,72,118,157,68,112,164,73,127,169,86,106,168,64,119,176,200,150,144,195,167,157,202,163,154,198,151,141,213,163,152,213,165,146,205,165,140,214,162,134,87,104,176,64,111,164,69,121,175,80,103,161,85,126,170,87,120,176,76,118,173,68,113,156,72,103,174,81,115,156,216,157,134,211,161,149,207,149,135,208,143,151,79,106,165,76,120,170,66,110,153,70,123,170,72,115,172,66,124,158,80,106,164,64,106,165,71,113,161,76,115,157,74,117,160,66,107,164,70,116,156,67,117,165,81,119,167,75,108,177,68,127,171,74,118,176,83,121,162,78,111,164,64,120,154,83,121,173,79,122,167,66,117,160,83,110,155,87,113,177,78,106,166,64,111,158,75,105,161,87,111,167,65,116,163,64,111,161,87,106,164,68,116,161,72,114,174,84,119,176,83,107,172,76,126,172
0,72,126,164,71,105,174,164,101,81,150,106,92,160,84,86,82,119,168,76,107,153,82,109,170,69,117,160,82,115,163,86,108,162,148,98,99,156,83,100,158,92,99,84,106,162,76,111,177,71,103,158,76,125,156,149,94,84,152,87,88,154,93,90,65,120,159,67,116,176,67,105,159,80,111,156,85,114,164,65,103,171,164,94,86,147,103,89,167,87,93,73,103,164,75,120,169,83,104,169,71,123,169,68,125,153,157,88,93,145,87,90,149,89,87,194,165,154,198,164,152,199,158,149,196,166,140,147,96,93,148,97,85,150,87,91,67,117,167,86,116,167,72,116,172,73,119,169,66,121,173,72,127,165,160,97,98,165,97,102,152,101,99,197,161,142,201,162,152,199,145,139,206,158,144,163,98,83,166,107,90,156,99,86,85,122,153,84,113,160,75,123,166,77,123,169,69,127,158,64,109,155,205,146,155,165,107,84,146,98,92,162,83,88,200,152,134,199,160,154,160,90,84,149,86,98,153,104,101,196,159,133,66,115,165,71,120,153,68,110,166,67,120,154,66,122,160,79,119,175,216,162,153,154,89,80,146,94,86,167,104,85,211,158,150,196,154,148,150,91,80,153,101,80,143,104,90,217,156,133,79,116,158,70,125,165,74,104,162,75,104,157,76,123,158,197,152,148,210,163,152,197,147,143,146,103,95,165,87,91,163,86,102,150,93,79,156,87,80,144,99,87,194,145,143,208,162,151,208,163,133,75,107,175,82,119,155,64,121,172,78,123,164,198,156,149,205,156,144,194,160,139,26,30,15,217,155,150,214,148,136,202,144,147,200,158,139,14,29,34,207,145,141,217,149,151,193,149,152,63,122,157,63,104,163,86,124,165,68,115,154,208,143,153,198,163,142,208,152,149,23,33,27,212,159,155,210,159,152,198,145,140,198,157,140,30,16,23,198,147,152,199,148,137,211,157,154,84,108,177,73,111,154,66,112,171,84,124,160,210,164,142,208,167,144,202,150,153,195,159,150,205,152,144,212,151,147,210,144,134,208,163,151,198,166,141,217,156,139,205,156,152,209,150,148,74,114,173,83,114,173,63,111,163,80,110,170,78,114,154,193,166,148,216,157,134,212,161,134,216,149,136,27,17,16,33,15,20,217,154,151,215,159,133,202,149,139,200,146,157,74,124,166,81,116,161,63,106,154,65,112,165,63,105,172,84,109,159,203,148,133,206,148,138,205,144,154,211,149,135,205,166,141,197,167,145,205,150,140,196,155,136,202,144,150,197,149,136,63,105,168,65,125,167,66,122,171,72,113,167,86,111,154,73,127,156,82,124,173,211,154,133,210,145,152,215,143,133,217,153,146,217,157,140,213,154,138,206,150,144,212,154,135,78,116,160,74,108,161,66,110,173,63,107,175,68,119,177,75,118,156,64,115,166,73,126,166,63,108,162,81,108,159,204,157,147,207,152,135,214,152,151,194,154,148,65,118,163,69,107,157,85,118,174,82,122,168,85,124,177,74,108,165,66,113,169,77,119,172,85,119,172,85,106,165,86,120,160,66,118,156,73,106,155,65,111,158,86,111,156,68,112,175,79,112,164,72,116,167,69,105,174,69,117,155,86,118,175,71,105,171,63,124,166,75,122,163,72,113,173,64,120,164,78,126,153,69,111,153,66,123,155,78,115,155,77,103,165,66,109,173,64,106,156,84,107,167,69,120,160,65,124,169,83,123,155,77,108,153
0,70,113,168,81,115,164,156,91,78,143,85,96,145,104,102,83,126,163,72,107,177,75,126,154,85,117,170,67,112,155,66,116,161,149,91,102,165,88,87,164,105,80,66,111,168,73,112,174,75,116,157,71,127,169,147,87,85,144,103,91,152,87,101,65,105,166,79,111,165,64,110,169,82,114,156,83,125,163,82,107,160,151,105,91,155,93,82,145,107,93,72,116,161,73,109,177,70,106,166,87,111,171,73,103,166,144,107,88,163,92,81,146,105,84,208,163,136,200,163,154,202,163,146,216,150,153,146,107,99,143,98,95,162,104,79,83,118,170,76,121,174,86,113,167,86,115,154,66,120,177,79,110,153,151,86,100,164,93,98,151,103,87,208,152,148,200,150,141,215,150,144,213,163,152,158,90,91,167,102,93,144,86,99,76,119,177,74,107,164,70,105,174,85,118,163,64,111,153,81,109,168,193,145,156,146,99,88,162,95,95,161,105,92,201,163,133,216,162,144,148,101,78,153,106,99,154,84,97,204,158,151,67,119,155,79,111,167,86,107,165,75,119,154,75,109,176,82,122,173,198,152,135,156,103,81,145,102,89,151,84,100,216,166,153,205,148,156,158,99,98,162,83,94,160,106,101,213,144,145,79,109,155,87,106,157,84,106,167,81,113,172,67,120,157,217,148,139,200,145,138,203,155,148,158,87,89,143,105,100,149,99,89,167,96,81,156,88,100,157,105,81,201,145,139,201,148,148,213,165,148,69,107,159,73,123,168,70,125,168,71,108,156,214,152,156,197,143,152,201,148,134,27,32,20,208,151,136,204,163,149,207,145,152,215,162,142,17,23,14,214,153,151,197,164,143,200,163,133,87,121,164,74,125,176,84,120,168,78,122,175,212,150,145,202,164,138,208,149,147,31,24,27,197,150,149,216,163,136,206,164,135,197,161,137,15,20,23,196,146,154,213,145,140,213,149,134,66,103,168,73,109,164,87,124,154,68,111,165,211,151,149,217,152,155,216,146,138,199,147,156,197,148,140,198,144,150,208,150,149,217,153,155,208,144,157,217,167,156,211,152,139,211,146,140,78,103,169,74,120,167,79,109,168,82,108,156,70,106,166,216,160,138,197,155,153,194,159,133,212,162,139,27,15,24,16,32,20,195,157,150,202,151,155,212,160,150,217,150,150,63,109,167,83,111,173,77,126,160,80,106,156,70,109,167,64,124,161,211,151,145,198,152,144,203,152,133,207,158,133,193,153,140,204,153,153,209,159,137,199,151,150,216,146,154,196,167,149,63,124,170,68,121,173,86,110,169,73,104,157,86,120,161,78,118,171,80,127,158,203,159,148,216,154,140,207,145,144,206,167,142,196,153,140,199,166,134,207,167,133,205,156,146,84,118,154,83,124,175,75,109,177,70,105,156,81,105,175,76,125,155,66,121,163,73,126,160,63,122,160,78,109,176,196,149,141,214,144,140,208,158,152,195,157,133,87,109,168,81,123,173,69,103,166,66,120,171,67,104,153,72,114,169,67,104,168,67,106,165,68,111,167,85,112,157,72,116,170,71,118,160,67,114,163,64,127,166,73,107,171,84,122,153,73,125,160,75,117,172,83,106,157,63,117,158,86,126,154,82,114,168,80,124,172,63,110,163,85,125,163,63,120,156,81,122,177,76,120,176,71,111,163,76,113,175,77,126,175,86,120,177,65,126,167,71,112,158,64,113,161,64,123,164,65,114,175,84,113,166
0,78,111,153,81,108,154,146,106,90,163,98,88,162,106,97,84,110,154,63,105,160,71,123,155,72,104,164,86,123,170,64,115,173,158,83,96,145,91,86,156,94,87,79,111,153,64,103,154,72,104,153,72,125,166,151,94,86,162,97,90,159,89,87,86,120,167,74,108,164,76,103,162,80,121,172,67,112,165,76,107,163,157,96,79,145,89,94,144,105,93,82,113,176,65,105,169,66,108,174,66,115,164,68,124,174,154,84,95,164,86,89,161,93,97,193,152,140,196,153,133,207,145,157,208,151,135,163,96,99,151,98,93,167,106,99,75,109,177,66,123,154,85,110,177,68,125,160,66,121,167,75,118,154,148,94,87,155,86,91,159,91,87,201,155,151,206,152,144,217,163,149,212,167,138,151,104,87,145,104,95,150,88,94,87,105,155,70,117,173,67,111,176,84,124,161,87,118,175,82,125,158,217,161,147,166,105,88,161,85,100,151,92,94,211,152,133,193,161,154,152,95,88,167,100,86,155,90,96,197,163,156,72,120,176,79,118,170,63,123,168,87,110,168,75,124,173,84,118,166,201,161,148,149,97,94,144,93,85,151,87,89,196,161,136,210,157,136,156,87,95,161,97,87,157,96,92,206,156,155,75,127,154,85,122,155,81,106,172,69,114,158,75,111,157,203,161,154,213,162,139,196,157,146,161,98,78,159,94,91,167,97,88,161,86,78,163,94,98,156,106,84,216,161,153,214,156,148,194,164,142,71,117,168,78,106,161,64,114,167,77,104,157,204,166,133,215,145,144,204,152,141,32,22,14,213,162,155,212,160,143,207,153,137,204,155,153,19,28,21,201,166,150,201,154,143,216,153,155,84,123,168,75,127,174,76,109,160,73,125,161,198,143,155,203,143,151,203,149,157,13,34,27,198,158,156,208,147,149,213,165,155,217,147,148,25,31,23,214,159,150,208,144,155,210,161,141,68,126,173,76,115,153,70,116,166,82,120,153,213,148,157,207,156,154,202,151,150,198,163,157,212,152,139,215,154,134,194,158,152,205,146,146,204,150,148,208,167,147,214,159,141,197,151,148,66,116,162,81,105,171,66,115,159,84,116,171,73,103,174,208,148,143,212,148,144,194,146,145,212,145,144,26,32,28,29,14,28,212,159,137,199,144,148,214,144,133,209,145,139,69,127,176,72,126,171,63,107,159,87,118,162,70,108,166,81,125,158,217,167,141,212,152,136,210,143,135,215,155,154,211,163,144,212,162,136,196,163,155,198,161,142,206,151,134,200,145,136,80,107,170,77,122,156,71,116,164,81,114,156,65,123,157,63,109,160,81,126,154,204,162,145,206,164,146,213,161,141,197,149,151,202,149,150,214,149,156,208,154,154,216,152,138,79,119,162,75,110,168,86,118,160,72,123,170,83,127,163,64,126,160,63,126,158,77,118,157,84,105,167,81,109,155,205,148,144,194,153,144,199,148,146,207,162,152,67,111,173,83,112,174,87,125,169,70,125,167,67,115,170,85,117,177,85,118,171,70,126,169,84,119,171,71,122,155,68,119,166,77,108,169,78,118,161,78,120,165,82,105,154,72,103,167,75,125,158,82,115,172,75,113,158,86,112,156,86,113,168,70,105,174,79,104,157,63,112,153,71,105,175,63,117,156,81,105,157,82,127,161,70,125,160,77,104,158,76,114,167,79,106,162,82,115,160,74,113,153,65,121,159,74,109,155,84,105,153,66,126,163
0,79,112,164,75,117,160,145,90,93,144,105,79,166,105,100,65,124,175,77,111,171,69,105,167,74,116,153,78,110,153,68,106,175,165,97,84,157,89,85,162,98,98,84,104,155,63,106,174,72,121,158,76,108,155,160,102,83,148,106,99,151,83,78,76,105,159,79,115,163,71,125,171,76,115,154,68,123,163,65,111,160,153,100,101,144,91,93,145,85,95,85,103,154,72,113,154,65,113,176,70,105,175,66,121,163,162,103,91,144,87,93,155,102,102,199,165,141,217,158,148,212,156,146,194,153,141,159,93,90,147,93,93,154,83,86,68,108,162,75,111,177,64,115,171,71,124,176,85,119,166,87,106,177,166,107,93,153,91,81,166,99,83,208,167,148,196,146,142,210,160,136,205,144,144,160,83,80,161,98,99,153,94,93,64,120,158,75,118,176,80,115,163,64,111,161,86,112,155,72,111,176,197,162,141,167,87,101,155,98,98,143,99,95,194,165,144,194,145,143,146,90,92,164,99,99,156,107,83,206,159,141,82,117,154,72,107,161,65,116,176,81,124,169,66,112,157,63,117,165,214,160,135,157,103,78,144,96,95,145,91,85,206,154,151,208,147,154,150,102,101,163,97,90,156,106,81,214,144,143,71,106,167,65,113,154,63,118,166,63,105,175,77,114,177,196,165,156,210,143,133,207,158,150,151,88,94,152,94,89,157,96,81,159,103,91,158,98,79,156,96,93,197,165,135,212,166,138,198,160,157,70,112,171,66,111,159,63,123,171,67,106,164,198,157,138,216,154,152,208,160,140,19,26,27,201,165,134,209,164,151,196,148,154,217,144,144,31,31,21,202,165,147,213,167,145,211,166,150,80,103,155,68,124,177,68,113,177,75,107,154,210,149,146,196,166,133,210,160,134,17,24,28,214,144,135,205,163,138,215,144,156,213,155,155,20,27,14,200,154,143,212,154,152,196,153,136,75,117,165,87,105,166,85,116,157,81,115,164,210,155,156,199,155,134,197,167,144,200,155,149,208,149,137,194,162,137,198,153,141,204,144,150,193,155,152,201,143,152,207,160,147,199,163,150,78,106,170,69,123,162,66,127,154,64,123,153,76,115,163,210,152,149,202,150,155,217,161,140,193,167,133,21,26,14,20,35,23,213,165,146,193,165,150,212,165,153,208,144,145,71,121,174,70,118,164,82,103,162,72,117,172,64,123,163,86,120,160,194,151,148,193,147,148,213,159,151,193,148,147,206,151,144,196,149,133,214,167,134,203,163,134,196,162,150,203,158,143,72,118,159,80,119,177,63,120,162,68,118,162,63,115,158,79,108,169,73,103,167,198,154,143,200,148,133,204,165,137,210,154,135,203,154,134,196,149,143,198,151,147,195,145,147,80,119,168,84,127,177,74,103,176,74,106,159,82,126,175,66,119,173,71,105,169,63,114,176,65,112,156,67,103,175,193,158,141,213,144,141,216,154,135,203,156,151,82,109,159,87,107,168,76,125,172,67,127,165,80,121,171,71,117,160,79,117,172,69,104,171,67,124,164,68,109,172,64,115,154,74,116,159,76,104,167,65,107,162,66,109,168,69,122,162,82,105,157,83,113,170,65,121,160,76,115,171,72,109,166,72,109,166,74,124,175,69,105,174,72,126,163,85,122,161,74,116,170,87,106,164,64,127,170,81,113,156,72,115,175,70,123,156,80,117,172,80,121,168,76,127,160,70,124,177,64,107,159,63,111,157
0,69,110,160,85,119,169,163,107,85,146,104,96,155,83,102,67,113,153,82,126,175,84,107,168,63,111,153,63,127,162,70,127,170,156,95,91,159,92,92,144,98,98,67,115,154,86,108,167,73,118,176,79,122,166,156,89,91,159,83,89,149,98,84,79,104,170,87,119,157,69,109,154,81,117,153,65,122,171,80,108,162,157,98,79,163,104,92,154,86,94,85,115,157,66,103,171,79,124,173,83,116,159,75,117,169,164,88,94,163,103,80,156,100,96,205,143,133,205,167,145,209,164,149,195,148,148,161,84,87,166,88,89,148,100,99,71,115,163,79,103,166,80,127,155,84,117,172,67,108,173,72,106,174,162,102,92,162,97,78,149,86,79,210,144,149,199,151,150,216,143,152,210,154,156,151,91,94,157,100,96,144,91,95,70,109,161,76,113,170,75,125,167,86,123,157,75,104,158,66,109,155,214,159,155,143,96,100,156,106,101,156,92,79,203,163,152,211,158,153,164,92,85,163,83,94,158,106,95,193,165,139,77,119,158,83,127,163,85,110,167,66,107,166,86,119,169,78,103,162,195,153,143,158,100,98,146,90,98,166,97,84,215,145,142,198,146,148,164,93,90,147,91,93,162,102,86,216,151,140,69,106,168,80,108,167,70,126,154,74,123,172,78,116,166,197,144,149,202,143,147,209,151,155,155,91,78,167,86,88,157,97,87,156,95,82,146,102,97,165,98,94,214,153,146,203,163,137,203,153,154,72,107,161,73,120,166,75,117,158,82,108,171,212,144,147,198,147,155,206,158,152,21,14,26,214,143,136,203,167,141,196,150,149,198,157,155,20,30,26,214,160,149,199,150,152,197,149,150,84,127,172,79,115,157,67,114,173,71,116,173,209,166,146,198,161,146,206,145,134,20,24,25,204,158,141,213,160,134,210,152,139,208,163,135,35,22,37,211,148,146,197,158,140,213,154,133,83,115,154,64,126,155,67,116,166,72,115,173,194,161,146,195,152,152,194,161,135,193,144,152,196,156,145,204,164,151,203,152,143,202,166,140,194,144,136,208,159,141,205,147,153,216,158,156,72,127,173,85,108,153,83,113,158,85,107,163,84,124,170,211,159,147,214,149,134,208,167,139,198,146,146,25,24,37,25,31,16,194,166,147,194,163,150,214,164,145,217,145,136,78,105,159,84,111,153,83,107,164,64,103,166,71,108,157,77,116,161,200,152,151,213,152,157,214,156,143,197,156,154,214,154,134,203,149,142,208,158,154,201,145,135,206,143,138,209,154,155,81,114,159,85,120,170,86,118,163,74,122,173,80,118,163,81,126,158,64,111,176,195,164,144,203,148,149,216,148,157,200,144,136,205,151,156,200,143,154,200,163,137,212,158,147,85,111,162,83,127,162,70,110,177,85,107,171,85,112,164,84,117,169,76,118,175,83,126,162,85,104,162,78,117,157,201,163,153,217,155,156,201,162,148,197,166,149,69,124,177,72,106,171,63,116,167,83,124,155,63,104,172,81,117,170,72,112,158,82,119,158,81,121,160,65,115,173,71,107,156,67,119,157,76,114,169,74,122,168,87,104,177,68,112,169,81,105,153,73,123,164,78,121,171,81,105,164,87,119,176,71,110,161,84,114,165,74,106,173,67,127,160,72,109,161,71,104,175,77,125,153,79,127,153,76,123,159,65,126,160,81,113,172,83,112,160,73,117,170,86,123,161,73,122,153,86,118,159,85,126,156
0,67,119,158,65,123,156,145,88,90,152,103,82,146,104,94,65,113,161,71,127,168,80,119,171,69,127,167,83,117,154,78,104,164,143,97,78,162,94,98,166,83,98,75,107,165,84,109,158,77,115,158,71,125,174,167,89,82,156,93,92,147,83,102,78,122,169,64,111,176,78,104,168,79,122,176,83,110,167,82,119,168,158,104,88,148,105,98,149,102,96,82,116,159,75,121,156,79,112,164,71,111,156,84,121,170,164,90,94,154,97,100,161,87,94,198,155,137,216,162,133,196,156,144,196,153,152,166,101,88,148,98,87,157,100,101,78,106,164,83,113,176,70,109,159,65,123,167,81,127,160,65,124,159,163,92,93,153,95,80,162,96,101,196,157,145,204,163,134,197,146,133,193,144,138,158,99,91,152,104,97,167,101,89,79,124,177,77,104,177,63,114,156,83,107,163,70,119,173,64,123,166,199,146,152,165,83,88,149,98,90,162,89,83,216,160,147,213,161,154,148,105,93,152,104,90,167,88,83,205,159,154,82,118,163,69,105,155,86,114,158,84,111,177,69,120,168,67,124,153,207,153,147,162,89,101,146,92,98,152,91,98,212,151,136,211,165,151,155,104,86,153,104,96,167,107,98,205,148,153,71,124,159,80,111,153,81,125,157,87,118,167,84,105,164,207,150,154,213,156,149,203,143,153,157,84,88,164,86,95,147,94,80,163,86,78,149,85,98,160,96,92,197,143,148,204,161,136,201,151,156,74,116,166,65,122,166,75,126,167,84,115,153,195,166,143,194,165,141,200,151,133,37,15,13,198,155,153,204,153,147,205,165,142,207,154,146,33,37,25,204,166,147,199,166,137,211,163,148,78,112,155,87,104,163,63,116,169,73,122,153,217,166,137,200,150,134,212,152,146,37,35,18,196,152,155,208,163,133,206,146,145,203,150,147,20,13,23,199,167,142,198,160,152,193,158,155,79,105,173,76,107,171,69,104,171,83,115,156,204,144,148,196,144,146,205,146,145,212,144,140,206,157,134,203,161,134,201,146,136,207,164,151,213,164,148,207,162,146,214,149,136,212,161,142,76,117,154,81,122,165,84,104,170,77,111,172,76,105,157,197,162,149,200,143,149,214,167,148,210,159,142,35,28,27,31,30,29,209,147,141,217,149,147,204,162,145,209,166,145,80,124,166,68,117,161,79,108,175,70,103,177,64,121,175,77,105,163,201,158,143,211,154,133,196,149,157,199,155,147,197,166,154,195,145,143,205,157,157,216,159,135,201,143,150,198,160,138,72,127,165,72,122,173,66,123,160,77,105,166,73,104,171,71,124,173,68,124,159,214,146,144,211,156,153,200,158,150,195,150,136,213,162,135,204,146,149,216,145,155,200,155,151,63,103,161,77,122,154,72,116,176,72,112,172,71,104,177,74,124,170,65,113,156,82,127,160,82,111,157,78,120,171,195,165,153,195,162,154,198,156,150,212,144,133,82,119,166,84,104,173,76,119,155,72,112,155,76,123,166,86,115,156,66,118,177,77,124,157,82,111,158,63,116,168,64,120,153,73,126,169,86,114,170,67,111,174,63,111,172,83,118,168,85,124,171,85,113,175,78,108,162,63,104,160,64,109,155,74,105,176,79,116,155,77,114,171,80,122,166,68,127,157,84,112,172,72,123,167,76,111,173,66,122,161,81,114,169,69,108,164,65,122,171,64,105,153,67,115,160,69,111,172,67,107,167,87,118,175
0,87,118,154,80,113,171,152,104,83,156,99,83,150,102,99,86,114,176,74,111,159,85,111,161,80,108,155,70,119,173,63,106,156,153,103,88,158,95,97,151,107,81,84,114,156,69,122,170,87,114,164,70,108,159,158,94,78,159,107,84,162,98,85,66,117,163,68,113,157,84,125,160,67,111,160,71,125,157,66,126,159,161,94,101,158,101,91,153,96,83,80,103,168,69,110,164,63,103,166,85,111,175,73,127,163,166,99,79,152,99,83,162,92,79,208,164,150,198,159,145,198,154,156,204,159,147,166,88,96,149,106,101,157,83,102,76,127,158,83,123,164,79,117,176,69,115,153,79,104,164,74,120,157,164,87,91,147,107,84,165,104,80,206,157,144,193,145,135,204,149,137,213,157,156,143,107,84,152,107,81,152,97,93,73,127,165,85,120,169,85,124,166,69,126,168,65,110,167,81,121,170,208,143,149,143,105,88,150,99,83,160,101,95,216,145,138,215,147,153,167,90,99,162,95,88,157,105,101,204,149,157,83,118,177,75,111,162,73,106,158,83,113,165,67,108,157,63,120,174,199,151,157,156,91,99,151,87,96,161,104,101,205,146,139,209,144,147,145,100,99,155,84,101,156,101,96,213,149,152,82,111,163,65,104,165,84,119,159,79,126,157,82,107,155,205,147,151,209,166,145,193,152,155,148,98,94,154,105,93,146,107,79,150,96,98,149,103,78,154,95,97,203,163,153,217,156,138,203,163,134,84,121,165,82,112,155,67,109,163,68,120,169,210,162,151,214,143,154,210,159,157,37,29,25,217,143,149,195,145,133,207,146,142,212,166,138,19,35,25,193,150,157,206,159,133,209,163,143,80,124,169,72,111,177,71,109,168,67,127,156,199,148,146,215,165,148,208,156,139,30,20,37,195,165,151,195,164,149,194,152,140,209,152,155,20,14,37,211,158,151,208,153,157,205,159,155,71,108,156,80,106,170,87,104,155,79,126,168,201,157,138,212,145,155,215,150,136,196,148,145,204,162,155,207,152,145,193,149,134,197,164,139,196,147,135,208,159,136,207,167,133,202,148,155,70,107,168,73,119,170,80,105,155,80,113,172,68,103,166,199,143,141,196,155,144,197,157,138,205,145,150,31,16,13,31,24,20,196,144,133,195,157,152,214,148,157,203,145,140,75,123,158,67,109,170,83,103,155,69,124,167,64,108,153,81,123,170,195,162,142,193,145,157,201,155,152,205,145,155,200,155,134,207,158,137,208,148,134,213,166,142,204,144,155,215,161,150,63,116,176,69,125,174,74,110,160,69,114,153,66,115,175,68,116,157,73,105,154,202,161,141,205,146,148,200,144,144,214,145,156,203,146,139,200,164,137,193,161,145,207,149,134,81,107,162,63,118,162,65,123,159,73,121,173,84,116,166,73,110,160,81,104,160,75,110,174,79,114,168,71,109,160,212,146,151,203,159,133,215,143,133,210,152,136,75,107,174,75,118,164,64,105,175,72,116,169,70,123,156,71,115,164,63,103,160,81,111,177,83,114,164,79,125,174,86,125,162,75,126,162,83,108,154,66,119,156,87,123,172,63,107,159,68,103,156,75,114,156,82,119,170,82,103,165,86,103,172,66,118,177,74,104,167,73,106,176,81,108,165,77,118,173,74,103,161,75,106,165,83,108,174,67,124,173,79,123,162,69,126,172,84,116,164,76,120,176,83,120,177,83,118,158,63,107,153,71,120,168
0,65,103,160,75,124,163,150,92,93,155,107,87,145,91,87,67,126,175,86,118,156,84,121,167,72,113,159,65,112,164,81,114,164,143,100,79,144,87,98,162,83,91,86,121,164,72,118,159,73,116,161,67,117,175,147,101,86,149,96,98,145,84,97,63,121,169,68,111,163,64,123,169,66,111,175,76,124,162,77,104,157,149,96,78,157,92,81,158,84,91,63,108,158,74,108,163,73,109,174,84,105,159,71,126,155,157,96,83,148,100,78,161,94,87,195,158,144,201,164,134,196,155,140,207,162,134,154,107,95,151,100,83,160,86,92,69,122,159,69,127,172,86,115,172,83,106,153,87,127,170,68,121,166,163,104,89,156,86,82,144,95,87,205,151,156,206,158,145,201,157,150,204,155,138,153,84,95,151,94,79,166,104,80,83,112,160,81,121,171,67,114,167,63,121,171,68,119,166,66,103,157,209,154,153,153,107,81,151,90,94,164,87,88,214,153,137,193,150,138,164,106,95,167,96,88,161,86,95,217,146,151,79,104,177,74,108,169,69,122,177,64,113,159,63,116,168,70,103,176,214,160,140,144,90,95,159,92,78,146,106,91,213,158,147,205,161,137,165,105,80,161,103,81,166,83,88,193,158,136,81,117,154,82,114,168,72,127,162,74,125,161,63,116,171,196,152,140,209,157,146,208,149,150,163,92,85,146,107,100,163,93,101,154,96,93,156,102,88,162,97,97,198,161,145,198,166,146,200,148,155,78,109,158,71,110,168,87,104,159,84,123,172,195,161,154,194,153,146,205,167,143,34,16,21,195,164,140,202,149,133,207,155,149,213,150,137,31,37,29,207,155,155,210,145,153,213,166,146,64,114,176,83,105,171,66,118,153,68,124,161,198,150,146,216,150,147,201,166,154,19,27,20,210,144,135,199,145,149,201,149,142,195,149,144,34,28,35,196,156,156,210,147,146,196,145,136,86,112,167,75,108,153,77,109,161,77,120,168,217,150,156,204,152,136,201,153,144,206,152,147,199,145,153,196,167,145,209,160,143,211,148,145,205,150,148,213,166,133,193,160,153,209,162,141,70,120,159,64,106,162,80,124,164,78,119,176,66,115,164,206,143,149,209,144,154,201,145,149,214,162,134,37,34,17,22,22,25,215,148,150,209,148,146,195,157,139,201,165,145,64,120,167,69,127,166,69,105,161,81,109,175,65,119,155,69,117,157,217,147,151,216,149,149,216,143,142,203,143,153,200,143,157,213,159,156,200,151,151,196,163,135,205,152,148,206,151,151,68,126,168,69,120,175,76,120,156,69,110,176,78,123,157,85,108,173,78,125,177,210,146,150,195,154,144,199,164,151,198,154,155,209,160,140,194,148,135,199,155,148,195,156,134,83,110,160,79,112,155,86,118,177,79,117,165,63,107,169,78,112,172,63,118,158,76,125,174,71,119,169,65,103,163,215,143,140,211,145,146,208,160,135,198,159,149,84,110,167,82,123,160,82,123,170,73,123,171,70,127,154,87,120,157,68,117,173,79,106,161,76,121,164,70,121,163,70,127,166,81,119,176,67,110,177,68,104,167,68,123,162,79,116,156,84,105,163,76,124,177,87,108,160,64,125,165,78,120,153,65,124,171,71,115,168,64,105,161,85,105,157,80,103,161,72,117,156,68,104,170,69,127,166,67,112,170,77,112,169,73,115,158,69,117,170,83,120,166,85,105,168,70,107,167,77,116,153,85,116,177
0,69,122,173,84,113,173,145,105,85,156,100,96,161,84,91,74,127,168,72,105,175,76,121,170,71,123,160,76,115,175,70,124,160,158,106,89,156,107,80,159,91,89,70,113,168,77,118,175,78,119,164,81,107,175,162,91,88,159,90,91,145,100,99,79,125,159,77,112,162,80,121,158,69,127,172,75,104,162,67,111,161,153,83,83,154,95,93,163,84,82,66,118,169,68,122,163,81,120,170,65,115,177,66,126,153,150,97,101,156,89,102,148,101,87,193,150,149,216,143,142,199,158,141,195,163,138,156,102,95,143,99,101,155,93,88,66,103,169,76,127,156,82,121,167,63,118,176,86,119,159,82,109,174,145,90,82,162,92,79,148,104,93,204,161,142,198,154,134,195,155,144,207,154,144,153,98,87,159,95,84,163,87,95,65,103,174,84,118,174,86,127,153,73,115,154,73,113,168,69,119,175,213,167,142,146,84,96,155,83,102,143,106,91,205,146,146,214,145,154,153,89,80,157,95,90,143,105,83,202,152,155,74,115,172,77,125,171,65,119,155,72,109,160,87,125,165,82,117,163,207,153,144,151,95,78,155,100,84,151,107,83,206,143,144,199,150,149,160,88,98,152,102,100,161,96,96,205,155,156,64,120,175,86,124,156,79,117,177,73,119,170,64,112,156,202,163,133,199,156,140,202,159,147,151,93,81,147,106,90,146,101,85,157,102,79,148,88,98,166,102,84,193,162,153,215,152,142,199,145,154,68,105,159,71,125,163,73,117,172,82,122,153,194,158,138,203,155,145,217,160,148,17,20,14,205,163,139,206,154,147,209,149,147,215,145,153,34,24,16,194,152,136,200,155,148,207,158,145,78,122,164,81,124,175,83,109,176,67,126,157,201,162,145,208,149,147,195,161,146,28,23,23,217,157,151,196,147,133,212,152,143,201,164,133,18,30,35,212,165,141,202,149,150,216,159,137,75,121,167,75,121,161,66,110,174,75,115,168,201,167,150,209,156,149,212,161,145,212,143,149,217,158,149,206,150,151,195,152,136,210,165,140,203,161,134,216,166,152,202,162,134,214,152,142,71,117,161,68,117,154,77,107,164,72,111,163,86,107,168,210,156,135,194,162,143,201,157,153,198,160,148,21,14,27,23,15,32,200,162,136,201,155,133,200,157,150,198,160,133,70,113,166,79,122,172,85,106,174,63,120,173,83,114,170,78,118,167,193,166,148,204,143,136,199,161,153,214,162,139,212,163,138,203,155,147,212,158,155,217,152,157,214,155,140,195,167,148,87,118,155,79,115,158,76,116,176,77,126,177,79,116,155,75,110,160,87,120,165,199,160,136,200,143,139,197,166,146,197,152,154,212,159,146,202,143,152,201,155,145,204,151,151,78,117,153,87,113,160,75,112,161,70,111,171,83,113,162,66,107,156,83,117,165,68,104,170,83,104,155,85,108,169,212,150,141,209,148,150,193,143,154,211,148,133,74,110,165,73,103,162,83,114,165,79,116,172,76,122,154,64,105,172,68,109,159,65,113,157,72,103,161,66,113,173,77,113,169,85,111,175,67,117,166,79,116,155,83,108,168,77,126,171,86,109,160,70,110,163,76,122,162,67,103,155,80,111,161,73,117,165,75,105,166,85,124,158,81,125,177,74,104,176,76,112,155,63,109,155,80,112,155,83,123,168,70,124,158,83,116,164,67,109,161,83,116,164,85,114,162,76,126,155,67,124,154,70,127,177
0,80,111,176,76,117,174,148,96,86,152,104,79,145,102,102,79,122,158,85,119,172,66,112,174,69,113,159,73,123,161,68,113,173,165,96,82,160,104,91,166,103,78,78,125,169,65,127,160,79,112,175,77,113,155,150,106,102,151,107,79,157,104,86,82,105,169,86,113,153,74,125,170,67,124,161,64,127,164,84,113,177,151,96,100,154,85,82,144,95,97,63,124,173,83,116,156,66,122,176,74,127,171,77,109,173,157,87,88,150,83,85,146,93,95,201,155,142,200,167,152,201,151,157,197,160,133,165,93,86,164,83,79,161,88,102,86,127,159,66,121,164,64,118,170,78,110,153,73,124,159,81,103,154,150,107,86,163,106,102,163,89,83,216,162,138,205,147,133,203,164,144,217,165,144,165,94,101,155,87,94,152,102,93,74,115,164,86,117,170,85,110,160,82,110,172,81,127,162,69,105,153,211,164,144,145,100,94,159,94,102,157,100,92,209,148,149,193,164,151,153,98,83,166,99,85,162,97,94,199,143,154,65,120,172,80,116,164,83,123,171,87,124,169,72,115,177,83,125,176,193,157,157,152,93,91,148,104,88,164,106,90,213,157,133,199,148,147,146,100,98,159,97,89,159,97,88,194,161,150,64,124,157,64,118,163,84,107,154,71,115,171,64,117,162,199,161,133,213,155,141,210,151,148,158,89,97,148,84,82,152,103,86,167,91,78,164,98,85,163,86,96,208,145,150,213,162,156,214,143,136,65,108,154,87,109,177,75,118,158,82,124,173,195,166,145,212,163,141,197,156,135,33,37,25,206,164,146,201,158,135,193,158,155,211,150,144,18,27,23,206,154,137,215,165,133,210,150,136,84,127,177,69,103,173,63,105,176,75,105,173,209,150,138,195,153,138,211,144,134,28,22,15,216,155,145,215,165,141,199,144,150,205,143,142,17,30,34,200,146,145,208,147,139,197,152,145,86,111,161,78,106,154,75,104,165,64,116,167,213,150,148,207,159,150,212,148,135,201,146,150,196,144,134,207,148,152,193,159,154,201,158,152,210,166,134,216,146,153,196,157,134,216,154,157,75,111,167,83,124,166,86,113,170,83,114,167,87,114,167,211,143,140,216,150,145,213,157,156,203,163,151,37,36,21,37,28,32,195,143,151,217,162,155,212,161,153,199,166,148,79,112,170,85,115,163,68,109,177,64,120,153,72,113,159,69,111,159,193,151,152,210,148,133,207,144,133,193,147,145,217,157,144,203,151,147,204,149,155,217,162,146,202,165,135,206,149,149,67,113,155,66,118,157,83,109,154,69,114,169,68,105,168,68,115,160,84,110,153,210,167,134,216,151,150,213,163,133,210,165,149,215,156,155,195,146,138,217,154,149,193,152,142,85,110,154,75,113,174,87,117,168,67,105,156,67,117,156,85,115,169,66,103,171,79,106,174,77,116,166,70,114,157,195,153,137,206,158,139,213,157,136,195,143,147,87,103,165,80,116,169,83,116,161,76,126,162,66,112,168,70,114,172,72,116,170,81,113,159,83,117,162,68,113,158,73,117,167,75,120,171,81,123,175,78,125,168,87,110,174,81,114,155,75,123,165,64,110,176,68,124,173,70,124,168,86,103,156,71,124,176,63,122,164,85,123,154,84,117,173,65,114,173,87,106,172,82,115,176,84,123,176,70,107,160,64,123,162,78,118,157,73,125,171,76,105,175,65,114,173,83,122,175,74,124,174,83,110,160
0,87,119,177,72,105,165,147,107,99,161,104,102,143,96,83,80,126,177,79,105,163,86,125,176,76,115,154,84,109,153,81,120,154,154,85,98,159,89,86,149,91,96,69,116,160,73,116,169,64,125,169,78,117,172,163,107,85,152,98,82,152,105,86,66,125,166,77,115,157,66,120,168,86,112,160,63,122,166,72,118,162,147,102,98,149,87,90,159,90,101,72,119,168,63,122,176,83,108,171,73,106,166,84,108,170,165,101,79,160,92,89,151,99,82,205,147,147,208,149,140,196,148,143,209,146,137,164,107,95,157,95,90,150,91,78,71,106,172,77,126,161,71,117,166,73,125,158,87,107,162,75,122,165,159,93,102,146,96,96,148,85,93,204,145,147,196,150,144,215,164,137,213,160,142,153,91,98,157,83,100,163,93,78,83,103,164,77,111,174,73,125,169,64,118,166,76,112,170,77,119,162,196,150,150,164,90,81,148,97,91,144,98,95,217,150,139,204,162,142,160,88,98,147,91,89,147,92,102,210,160,136,75,103,174,69,114,160,72,106,168,76,125,164,72,116,156,71,106,156,213,167,151,163,86,79,163,86,87,164,107,92,200,161,153,214,164,135,163,88,96,159,103,85,153,99,86,202,160,155,63,124,156,67,117,168,65,107,167,78,125,156,73,115,173,209,153,139,212,143,151,196,164,147,152,91,93,161,91,78,159,83,99,149,83,102,160,102,101,148,88,96,213,144,145,201,146,152,212,167,145,73,120,176,72,104,157,85,121,160,77,116,161,203,147,146,213,153,150,207,147,149,13,18,20,210,155,143,206,148,146,194,143,150,193,154,151,30,13,34,196,159,157,210,159,133,193,165,140,63,103,163,69,117,170,67,120,165,79,126,168,213,148,156,213,163,137,194,167,139,13,27,15,194,160,135,217,156,151,216,148,138,199,165,151,27,25,33,205,148,136,204,151,135,204,165,135,81,120,154,77,103,177,84,107,167,86,107,172,214,148,155,212,152,137,214,160,146,199,153,150,217,150,142,211,148,155,205,149,150,211,167,153,210,158,153,213,151,152,203,154,152,195,144,152,67,127,177,86,110,160,74,114,169,79,114,167,67,119,173,200,151,145,213,149,153,209,162,136,206,145,154,32,13,24,23,30,28,204,149,133,215,163,137,211,156,135,201,166,151,82,124,177,64,124,172,72,105,166,77,121,163,83,124,158,83,104,158,207,162,157,209,162,154,216,165,136,201,153,141,210,145,135,210,162,136,208,163,138,209,151,143,209,152,150,216,158,141,81,111,154,64,121,158,76,108,170,87,119,165,74,126,170,63,118,174,68,103,154,210,163,154,193,154,147,193,145,151,208,152,139,217,164,154,203,157,143,214,147,154,212,147,143,74,125,177,74,123,166,79,103,175,85,120,161,76,122,176,63,103,156,73,125,173,80,106,157,87,109,165,67,111,175,198,152,152,213,164,142,208,164,134,193,147,144,66,121,175,64,115,173,77,107,162,85,111,177,76,104,172,74,118,175,78,108,162,80,118,168,72,117,165,70,104,174,80,109,163,77,107,174,80,122,153,82,106,174,64,104,175,85,116,160,71,123,167,72,123,177,84,105,169,63,111,177,67,104,174,67,108,159,63,113,177,81,118,164,77,110,159,87,116,170,87,123,177,68,119,168,75,114,167,74,126,164,74,107,163,79,116,170,73,115,170,74,103,176,76,127,165,71,119,168,79,108,174,75,112,169
0,78,106,160,64,104,154,148,93,89,151,95,98,151,93,85,70,112,167,82,119,164,67,121,161,83,123,169,72,112,167,63,112,156,165,105,87,154,84,88,164,106,90,69,127,159,78,104,166,82,113,173,66,105,169,146,101,90,163,86,84,160,103,92,74,123,172,74,113,171,71,108,158,81,119,156,84,109,160,83,107,162,145,102,99,162,97,92,166,85,80,79,103,156,85,125,165,77,125,167,72,109,165,64,111,170,162,83,96,159,93,97,147,97,81,201,150,154,206,161,157,201,158,141,212,149,153,152,107,93,155,105,94,160,101,84,85,119,166,65,115,173,86,105,175,79,124,168,77,115,162,86,113,169,164,84,95,152,89,80,162,96,98,203,148,156,195,165,147,211,166,134,213,143,143,149,104,80,147,96,78,154,93,100,78,112,154,67,123,170,87,112,163,82,114,170,87,117,166,81,113,164,211,146,153,148,96,94,145,90,79,158,99,85,207,149,136,209,165,155,150,94,96,152,86,83,166,90,102,216,151,143,81,125,158,69,108,164,85,119,154,86,108,162,74,113,168,65,106,177,205,148,155,157,91,102,149,93,81,152,102,82,209,156,139,197,158,155,144,87,84,146,97,86,163,84,82,209,166,135,64,115,153,87,123,168,75,110,162,71,109,159,71,124,166,193,148,153,216,155,139,200,166,144,155,91,80,165,95,98,148,101,95,164,98,79,148,93,82,146,94,101,216,145,141,214,163,156,200,154,136,78,107,173,69,124,165,79,114,154,71,126,176,214,152,150,204,148,145,194,163,157,17,36,20,203,152,153,208,147,138,201,144,143,216,154,140,14,37,25,195,146,140,212,143,133,201,154,153,79,122,157,78,114,173,68,109,161,64,119,168,194,167,144,206,160,154,200,150,143,24,24,25,200,159,144,211,160,135,209,167,137,210,151,139,32,31,37,207,152,149,205,161,150,194,144,144,85,114,168,85,109,159,79,103,167,82,126,157,205,163,145,193,161,154,202,143,142,201,157,144,193,146,147,203,143,143,206,164,145,204,153,149,212,167,152,213,166,134,213,155,143,210,155,151,78,126,175,85,107,158,69,108,162,68,104,161,70,103,154,205,150,155,195,161,136,194,156,151,208,146,156,20,25,37,20,23,31,195,167,154,195,152,155,197,144,137,210,155,136,67,107,159,68,120,166,84,127,156,71,103,175,87,107,173,72,113,162,197,147,141,216,162,137,198,152,140,193,147,140,215,147,157,215,144,133,193,146,139,197,157,149,212,148,150,214,164,138,71,124,160,73,104,173,81,118,171,66,125,160,73,110,177,68,122,163,75,106,173,208,156,138,211,151,156,215,159,141,206,166,148,205,152,134,217,160,157,212,157,147,211,154,139,75,105,161,63,120,159,63,123,167,64,122,154,75,110,160,75,104,157,78,109,156,86,113,166,78,126,158,76,105,168,216,167,139,206,148,151,197,152,143,212,164,150,81,118,175,77,117,159,80,126,176,68,125,162,69,119,157,65,111,166,68,122,158,68,108,158,79,110,159,79,126,155,69,119,163,68,126,158,69,113,172,63,115,157,78,124,153,87,121,175,72,104,176,84,106,161,72,105,158,72,113,158,68,121,157,71,114,165,77,124,153,79,124,173,81,110,171,85,110,175,83,114,154,71,116,158,85,122,175,69,109,173,77,111,156,74,109,163,80,126,160,69,125,169,77,119,173,81,114,172,65,126,172,63,113,160
0,87,104,171,83,126,161,153,100,93,154,101,89,144,99,100,68,114,168,67,110,158,86,125,174,69,103,153,78,103,170,76,105,170,156,102,87,159,92,90,164,97,87,77,126,173,87,114,158,86,122,156,71,120,160,166,94,98,155,94,79,160,103,102,75,121,157,84,107,167,84,103,176,68,113,157,84,124,164,83,124,175,151,103,81,146,106,99,144,107,89,74,126,166,68,123,162,65,107,166,84,116,167,76,123,169,143,103,96,151,84,101,153,101,90,202,158,134,200,149,146,201,148,142,217,153,157,149,105,82,143,96,88,151,106,101,70,107,166,83,105,162,70,112,154,85,124,177,69,118,155,74,107,175,151,89,81,144,102,80,153,104,91,210,150,153,193,162,156,204,150,156,195,166,138,148,94,83,166,107,90,151,101,92,72,117,170,77,104,166,77,123,173,84,115,162,72,108,169,76,123,160,194,157,154,166,83,92,159,85,101,144,106,80,216,144,136,197,152,142,159,107,78,154,95,97,163,92,82,196,146,156,79,118,162,85,121,173,63,103,161,71,121,155,64,124,177,86,104,167,198,165,139,165,85,101,152,101,83,143,92,96,212,149,133,215,156,142,144,91,80,147,85,79,157,84,99,201,164,139,65,103,164,74,103,159,65,114,176,79,119,167,80,113,154,205,156,133,217,156,147,204,163,136,151,86,86,159,90,89,145,93,90,143,101,89,146,91,101,147,97,93,194,164,137,195,153,157,200,160,145,66,106,163,66,106,155,85,116,158,86,118,156,201,149,157,204,162,139,201,146,134,25,16,33,206,153,133,213,151,155,208,148,143,204,149,136,35,14,28,199,158,135,198,147,133,207,147,143,86,104,170,83,112,163,86,126,158,72,103,170,209,156,156,194,166,152,206,164,151,17,23,37,200,150,146,194,146,154,193,161,156,213,162,151,20,15,31,196,167,155,201,167,134,193,162,152,84,119,156,68,126,172,77,125,156,81,107,174,215,163,138,209,159,147,202,166,135,203,165,151,201,162,137,204,151,153,199,152,155,203,144,137,205,156,141,213,148,148,200,160,155,206,163,152,75,116,161,80,105,155,64,113,155,87,108,171,83,126,157,215,157,137,201,149,133,216,156,148,208,158,152,29,20,34,25,27,27,209,145,133,208,143,149,215,147,141,194,159,152,70,123,164,65,125,175,70,109,176,87,106,164,77,121,158,64,120,158,214,150,146,205,145,155,205,163,138,193,145,147,197,161,143,216,146,154,197,155,153,205,144,154,210,156,151,206,167,136,65,103,170,71,103,174,70,122,153,86,121,158,84,123,174,78,115,168,69,127,166,193,167,149,206,150,139,199,161,152,213,154,134,205,155,155,205,163,148,206,143,155,203,154,133,79,123,153,83,104,163,64,124,172,64,120,159,64,116,173,82,108,164,64,125,175,81,127,169,64,114,164,76,112,162,195,161,151,216,152,157,195,147,141,199,156,135,75,104,164,63,125,158,82,123,177,81,122,154,77,115,155,81,106,177,83,119,156,86,112,172,80,109,166,78,119,161,82,103,160,67,105,167,77,111,171,85,105,156,87,118,166,77,113,164,63,125,174,64,111,159,78,113,173,69,126,156,73,117,164,83,124,157,68,122,163,64,125,170,70,120,165,64,109,171,64,109,166,78,112,170,76,117,164,75,118,164,69,127,163,65,113,160,71,124,175,78,112,159,82,107,168,63,119,156,68,104,167,80,104,177
0,85,103,159,78,120,155,143,86,78,150,103,82,143,99,82,70,111,156,87,115,153,82,124,172,63,121,167,74,118,175,79,120,164,146,95,90,145,101,78,158,95,86,72,111,172,64,111,160,81,112,176,84,125,165,165,85,91,163,87,82,165,88,92,85,117,157,76,106,153,73,111,177,83,104,158,86,115,153,86,108,169,163,92,91,154,106,88,161,87,80,85,119,171,73,115,170,79,115,161,82,121,159,69,124,171,157,91,89,149,102,80,160,84,83,200,160,142,210,157,146,195,163,142,202,151,140,166,105,85,164,104,102,157,90,90,87,123,173,64,122,154,79,113,167,73,110,177,86,117,172,72,117,165,167,89,81,159,105,84,163,91,83,215,161,133,193,148,142,211,148,153,208,160,143,148,89,87,155,106,99,145,93,80,68,106,177,76,118,165,86,103,169,82,116,154,65,103,165,76,113,169,212,157,149,164,88,100,152,87,101,154,96,89,210,147,157,211,149,150,153,91,100,163,84,98,164,92,101,202,163,143,63,125,160,81,120,165,69,119,159,86,111,165,75,122,177,63,119,156,201,152,152,159,95,79,147,102,100,155,93,85,198,164,150,215,150,135,154,104,84,143,98,78,157,102,81,212,144,142,85,119,175,78,119,166,63,105,164,64,119,175,87,123,160,200,151,143,195,148,152,209,147,152,163,106,86,154,91,102,145,99,84,149,107,93,160,99,81,152,103,93,217,165,142,197,154,133,207,152,140,79,107,154,69,122,164,84,104,173,85,104,167,209,156,147,207,153,143,193,144,157,23,19,36,203,158,153,213,155,155,194,163,140,205,157,139,19,25,15,201,148,141,208,151,135,204,167,135,76,126,160,67,122,163,76,116,175,65,123,161,209,167,155,198,165,141,213,150,146,22,30,23,195,157,149,198,165,147,214,154,156,208,158,139,14,37,25,195,151,145,193,145,148,214,151,157,65,122,165,72,103,176,64,104,176,81,107,163,206,164,149,199,164,143,212,163,146,197,157,149,200,163,150,208,158,148,205,153,141,193,147,140,202,158,157,196,152,144,196,149,147,201,164,133,87,107,170,83,108,166,74,123,177,76,113,158,81,110,174,205,158,144,205,148,147,204,167,141,203,164,141,13,20,37,22,31,33,209,167,151,200,162,147,204,162,144,203,150,145,84,112,173,68,108,174,64,121,161,77,104,163,71,111,168,75,114,169,215,165,139,212,164,157,215,143,135,210,166,153,207,155,157,215,162,138,207,144,141,200,159,150,203,166,137,209,157,135,74,127,175,79,110,161,83,123,177,71,110,153,67,121,172,85,124,167,85,110,170,203,152,141,198,151,134,197,162,157,201,160,157,193,152,155,206,159,149,205,165,156,213,162,155,80,123,172,64,120,175,77,115,159,71,124,158,78,108,162,77,117,156,66,114,167,80,117,159,78,120,155,73,116,156,205,148,135,216,158,139,205,158,135,200,166,149,86,118,159,65,112,153,85,123,159,65,121,175,66,115,166,76,127,175,66,116,158,72,126,174,84,115,172,86,120,169,86,121,173,86,116,168,75,108,176,65,119,157,68,112,167,81,123,173,68,107,161,78,115,173,80,116,167,64,124,167,66,115,167,65,123,161,79,124,171,74,117,172,67,113,167,80,114,175,68,109,163,67,122,169,64,103,172,69,112,177,65,110,177,77,110,161,73,111,157,72,118,177,66,105,164,73,119,158,68,105,170,66,121,163
0,65,117,155,82,103,167,143,96,92,158,103,91,164,102,84,66,109,156,75,112,163,70,120,159,69,115,162,68,114,163,63,110,164,150,90,100,166,106,101,148,106,80,64,106,158,73,112,175,75,117,163,87,122,155,152,101,96,164,102,89,161,107,102,77,118,154,70,106,175,78,103,164,76,120,174,86,107,164,80,109,158,144,85,86,149,93,87,154,95,84,75,118,172,79,119,174,70,116,169,76,110,166,83,112,174,152,106,87,161,99,81,143,104,90,199,167,137,206,157,157,199,161,137,213,143,145,165,83,86,147,101,87,147,102,97,67,127,155,65,122,158,71,117,161,69,123,177,83,113,154,76,122,174,158,100,83,144,101,96,166,89,94,208,147,136,196,147,133,199,159,137,216,161,152,159,89,96,167,102,79,146,94,78,87,124,177,84,114,172,74,112,168,76,105,166,80,127,154,86,123,165,209,144,140,144,92,101,143,83,88,164,105,86,206,159,133,195,165,157,149,86,86,149,90,91,143,94,93,201,149,138,66,126,156,66,114,161,81,113,172,83,126,173,83,122,157,81,105,177,214,158,152,166,86,97,155,102,99,144,102,80,200,155,142,195,158,153,156,93,100,161,87,78,154,101,87,210,163,139,75,103,171,63,105,166,79,103,156,87,105,163,84,109,176,206,143,152,205,152,139,212,152,144,163,89,98,151,102,93,149,87,79,143,101,91,144,86,89,149,93,84,213,143,144,200,148,157,204,156,156,68,112,174,80,120,176,80,123,175,80,103,162,212,158,134,201,156,141,210,165,143,23,24,16,214,155,151,216,149,138,215,152,134,203,167,153,27,37,34,202,146,135,213,161,139,204,149,151,66,123,153,70,119,173,87,121,155,85,115,177,205,158,147,214,143,152,214,154,137,15,29,23,214,159,145,209,165,134,201,165,139,212,151,137,31,13,14,209,164,154,209,161,137,203,167,150,83,113,168,79,109,172,85,120,154,69,118,153,199,157,148,199,167,135,197,144,144,210,160,146,211,163,155,202,159,144,199,165,134,207,151,149,207,160,135,199,151,133,216,161,144,215,163,136,71,103,163,64,126,155,80,106,160,85,125,165,65,118,154,193,144,141,209,154,142,216,164,136,216,167,156,17,34,19,34,21,29,196,143,156,211,152,154,203,148,143,203,150,155,81,115,157,73,114,166,65,111,161,66,107,174,85,127,175,87,126,171,210,157,134,195,144,152,199,164,137,196,153,137,211,151,136,208,156,136,196,146,142,209,150,138,201,167,155,194,162,145,86,113,177,67,124,166,65,107,156,75,116,175,81,112,169,65,125,173,64,103,155,195,148,155,199,150,155,193,146,146,207,161,145,203,154,153,205,163,147,200,148,140,210,166,153,69,115,169,72,106,162,70,112,162,75,108,158,79,103,176,78,111,174,82,123,154,73,109,169,84,126,171,87,123,153,203,166,152,204,143,152,217,166,141,198,159,153,65,116,170,70,115,157,73,117,168,68,105,153,85,119,168,68,117,162,66,104,164,81,105,164,86,117,171,79,126,176,65,114,163,73,105,170,72,121,164,85,114,158,82,116,161,70,123,163,67,107,156,78,109,157,80,112,157,71,127,169,78,123,174,68,121,170,64,124,158,63,107,172,65,123,167,68,115,163,87,106,173,83,110,176,71,107,154,72,123,163,78,119,177,66,110,156,72,114,177,75,107,176,74,110,154,69,104,157,71,105,160,63,103,156
0,66,109,155,72,116,162,152,88,80,152,90,92,163,98,94,84,124,153,74,113,174,82,107,176,67,118,168,63,124,157,76,104,176,152,101,92,155,102,98,158,102,96,86,119,167,85,108,164,75,124,171,76,123,177,152,85,80,149,94,78,157,105,91,72,122,172,75,117,158,85,117,175,75,109,159,81,116,169,63,104,167,146,86,97,152,98,88,144,104,102,74,123,158,67,104,156,65,107,168,63,126,162,67,107,175,154,101,101,150,90,98,165,87,84,217,160,135,202,150,139,196,156,135,206,155,156,162,104,93,152,104,87,156,101,93,64,118,156,66,122,169,85,121,163,65,106,156,74,118,170,77,107,160,161,84,84,158,86,88,163,94,94,205,143,138,205,152,137,199,155,138,216,152,143,159,100,101,152,105,90,166,101,84,77,105,161,77,123,170,78,114,153,79,124,153,74,123,175,77,123,155,195,158,149,151,103,87,151,84,79,147,106,93,201,167,149,212,151,138,151,92,85,157,102,84,155,95,91,194,152,142,80,127,165,86,117,156,66,120,169,65,116,155,79,108,176,78,125,167,213,150,142,157,97,87,161,96,92,159,106,87,204,165,137,207,150,155,150,103,98,163,86,98,159,99,81,203,156,148,73,112,156,69,113,161,83,127,173,74,113,174,77,122,167,213,143,156,207,162,156,194,158,147,163,84,87,163,103,89,153,89,78,143,85,93,149,86,102,151,86,82,208,148,144,211,148,136,213,148,151,83,120,164,75,117,175,67,111,154,74,114,163,213,163,138,203,146,148,208,152,153,30,24,26,203,147,153,205,152,137,217,166,141,199,157,142,17,29,36,197,147,133,198,147,134,201,145,133,76,112,171,75,104,167,68,115,163,68,125,154,214,146,156,201,159,147,206,144,152,26,27,20,207,148,144,194,144,151,200,148,136,216,161,143,25,36,32,199,148,134,204,166,133,206,166,144,64,115,171,75,123,156,84,126,177,73,120,169,201,151,154,204,147,139,205,151,151,201,145,136,216,143,134,214,148,134,210,161,145,208,155,156,194,152,134,206,147,140,198,146,144,196,165,147,73,106,172,75,118,171,68,121,166,63,113,169,76,114,160,195,151,154,199,151,138,198,144,148,194,152,139,15,34,14,27,27,18,198,147,150,207,151,152,212,153,149,211,149,156,75,118,162,68,120,176,75,104,155,78,127,165,85,123,168,84,119,167,199,159,157,209,144,136,196,145,139,194,163,144,198,164,151,197,149,149,200,154,138,197,149,147,208,153,134,201,152,149,63,115,173,70,123,158,71,111,170,84,122,165,80,111,166,64,111,156,85,108,166,196,155,156,216,154,143,213,152,137,207,161,140,199,164,151,211,158,134,197,146,142,214,155,135,86,115,172,86,127,154,72,118,174,75,105,154,67,122,166,84,127,173,83,114,161,72,105,171,86,104,177,71,109,168,207,144,138,212,164,146,207,144,143,193,149,143,76,127,158,70,117,158,87,111,165,84,111,177,73,115,153,72,120,177,74,105,155,81,121,154,75,113,177,75,126,160,68,108,174,75,118,172,65,127,156,65,118,169,73,106,158,74,122,175,68,124,167,68,121,155,75,122,162,67,127,157,67,122,157,74,110,170,71,105,170,77,113,168,75,105,168,75,114,174,78,108,158,84,111,164,79,119,160,76,116,153,78,121,170,69,110,174,72,104,169,69,126,159,78,119,159,75,123,156,74,123,171,68,115,166
0,79,115,165,83,119,153,160,83,93,161,94,91,153,90,79,63,104,158,67,118,164,63,122,159,85,116,174,63,111,168,63,122,157,160,84,85,150,97,80,151,87,99,66,109,168,72,117,158,78,121,160,81,108,173,147,104,91,166,105,94,162,91,96,73,111,158,78,116,176,67,122,160,86,126,177,70,115,176,81,119,159,147,107,87,143,104,93,148,99,80,82,114,172,79,106,173,84,116,155,84,119,153,81,119,177,143,102,95,160,106,79,151,83,97,199,150,145,216,148,147,197,151,157,202,153,137,148,98,89,162,91,82,155,98,85,67,125,175,85,125,168,68,108,157,66,113,164,70,107,163,64,127,156,155,102,96,149,107,83,161,97,86,204,146,135,215,164,145,203,165,157,195,156,133,160,95,83,167,92,96,153,86,85,69,121,166,76,126,153,86,113,167,73,107,173,81,115,165,86,112,168,195,164,135,159,85,84,147,104,78,157,87,84,216,161,136,211,165,135,160,91,90,153,94,79,167,96,84,206,161,155,84,119,163,65,115,167,86,116,173,74,114,172,82,127,171,65,122,165,206,161,147,155,84,101,148,87,84,155,91,87,211,165,151,204,164,136,152,90,92,164,83,101,151,89,99,201,147,142,82,106,166,67,116,159,66,118,167,78,127,161,85,111,157,198,147,136,198,164,142,197,163,136,165,101,93,149,99,80,164,106,99,161,83,85,151,97,84,146,97,88,196,144,154,198,161,144,210,150,156,80,113,153,79,126,159,70,108,168,66,103,162,203,149,156,203,145,139,203,163,146,36,19,34,215,152,140,195,165,147,195,162,154,213,145,145,20,19,37,204,151,147,213,145,155,204,151,139,70,123,173,79,108,163,72,106,168,76,120,171,197,165,154,197,144,145,210,147,151,33,31,36,201,153,157,210,165,134,198,159,142,204,157,136,34,30,26,211,164,136,217,161,154,213,159,135,76,126,158,74,112,172,82,109,156,72,113,160,216,156,143,196,149,139,209,156,136,200,156,147,215,152,145,195,156,136,206,143,143,201,150,140,207,164,133,208,167,154,215,150,145,208,145,137,78,125,161,78,103,166,82,127,164,70,105,158,66,117,169,217,162,142,193,164,154,205,162,157,207,147,152,26,27,17,14,21,15,210,156,138,212,149,135,212,167,136,213,155,147,80,123,167,73,126,175,80,115,175,71,118,161,63,127,156,82,107,173,204,154,140,196,157,143,203,143,141,205,146,146,196,152,155,200,160,156,201,144,140,212,157,137,205,158,143,202,154,147,76,121,173,64,121,162,65,111,157,74,124,177,64,122,164,75,109,166,84,126,154,199,159,143,213,153,138,209,167,149,198,149,136,199,147,152,212,156,148,209,149,142,199,154,150,85,124,174,74,122,171,66,122,167,87,117,166,70,119,164,79,115,175,84,121,157,67,113,175,83,125,161,70,118,175,206,149,146,205,148,149,208,146,135,207,146,146,74,109,173,73,122,177,73,114,159,82,111,164,64,116,174,81,119,172,73,119,177,84,107,172,71,120,166,70,104,172,81,126,167,85,107,169,73,113,175,83,111,156,77,121,159,85,127,172,72,110,155,72,121,175,66,111,158,65,114,161,72,126,154,81,115,167,75,107,162,67,120,164,78,111,154,72,103,177,74,108,176,84,125,168,83,125,167,63,109,164,71,117,166,75,110,154,77,124,167,81,122,168,73,105,174,83,103,171,63,115,175,83,114,177
0,66,122,162,63,118,158,150,91,91,146,94,101,144,91,81,85,126,155,78,104,169,67,121,157,67,104,171,67,113,155,87,125,159,162,83,78,148,101,100,154,84,80,86,105,162,77,111,174,77,108,172,81,104,175,154,94,88,147,90,93,159,89,100,82,103,161,82,118,164,78,125,177,72,113,165,80,112,162,67,115,160,149,89,85,167,103,95,160,92,101,76,113,155,81,104,159,85,112,170,69,104,170,67,112,155,149,84,81,156,84,90,164,107,86,214,166,141,211,144,139,204,163,156,211,150,142,146,98,99,158,106,98,149,89,87,85,124,173,70,127,175,83,104,177,85,117,156,80,126,157,66,123,170,148,85,90,164,83,91,164,89,96,198,150,135,209,155,147,213,164,149,196,164,135,164,83,95,144,87,85,160,100,85,75,121,174,78,103,177,84,107,174,74,117,172,73,110,164,76,112,161,214,145,135,162,103,99,149,94,87,167,97,100,198,159,145,200,161,151,165,95,83,152,83,99,148,90,94,215,151,152,67,104,160,65,118,173,74,122,155,71,113,153,82,104,172,83,103,173,199,162,154,154,107,93,147,99,90,162,90,97,203,150,151,213,145,133,155,105,93,150,90,84,159,88,92,205,153,139,87,112,170,84,104,158,85,112,171,75,115,169,82,121,175,198,150,150,204,160,144,216,153,156,148,83,80,143,104,81,163,105,100,164,94,99,152,92,102,152,100,87,208,162,137,193,157,141,194,154,136,86,125,170,77,103,159,84,107,158,66,126,173,207,157,143,212,162,134,197,154,157,21,36,33,212,159,140,211,145,133,199,148,133,215,151,136,36,14,20,213,158,137,209,167,135,194,147,157,82,117,158,82,113,167,73,114,156,67,116,159,207,144,153,194,158,157,212,156,157,33,36,19,199,165,133,198,148,144,196,157,145,206,156,150,32,32,18,196,148,148,202,156,138,196,149,139,72,114,171,85,114,170,68,123,172,74,115,164,205,148,135,211,148,152,216,153,152,194,161,156,211,152,142,195,167,142,208,154,139,217,157,146,199,167,147,217,160,155,198,154,146,202,167,149,74,120,166,72,118,166,76,121,164,84,113,174,78,118,176,193,153,136,210,156,144,194,155,147,212,166,157,31,26,21,23,15,16,204,161,153,193,153,152,197,153,146,209,157,133,72,108,166,71,115,172,78,122,164,64,126,170,64,127,162,85,115,166,193,165,153,205,150,149,215,148,149,204,144,155,202,146,146,197,167,147,203,143,153,213,148,133,213,162,138,198,153,138,66,108,177,87,110,170,63,108,171,84,126,162,71,125,165,67,118,165,70,113,176,196,152,149,207,151,151,208,163,135,203,164,136,197,164,152,203,151,144,217,160,152,200,166,150,73,110,173,70,113,169,84,112,171,82,123,172,84,122,177,65,116,171,74,110,164,87,123,173,82,125,163,67,107,170,215,158,153,214,153,135,197,143,151,215,144,135,80,105,168,84,112,177,81,117,160,87,105,156,65,112,172,76,110,159,76,103,171,80,122,175,66,104,163,84,103,162,84,127,163,82,127,165,83,106,172,83,117,173,71,104,153,85,114,172,78,114,177,79,109,161,84,112,164,82,126,161,68,105,153,85,112,158,63,124,169,72,105,169,68,120,173,76,113,161,81,104,167,80,117,158,73,113,154,85,114,162,66,113,156,82,104,171,69,117,164,77,127,167,63,117,171,75,124,153,84,115,155,84,116,171
0,71,106,159,87,114,156,148,100,86,160,89,90,162,93,102,74,121,164,80,108,168,77,126,154,85,116,171,82,107,157,76,122,174,146,94,90,161,104,99,151,102,78,76,103,169,83,108,168,76,106,153,63,108,175,150,94,80,164,87,78,162,107,86,74,121,175,87,115,171,66,113,177,78,109,175,71,122,161,69,120,164,163,104,91,149,89,93,154,101,94,85,126,161,81,125,155,70,126,170,86,118,175,79,118,153,146,100,94,145,103,99,165,105,99,195,146,156,200,150,148,212,153,154,198,149,139,146,91,85,148,91,80,163,97,78,84,117,177,87,106,157,78,119,168,87,122,166,70,110,176,79,118,177,162,103,79,159,106,80,149,104,83,198,166,134,209,147,138,194,152,142,209,152,154,165,90,88,146,102,93,159,107,102,80,106,166,71,121,164,78,106,177,64,112,157,84,113,172,81,103,153,215,163,138,159,92,83,147,91,102,146,98,79,215,146,150,217,163,140,163,86,85,158,98,99,151,89,86,194,150,134,73,126,174,78,121,158,73,125,173,65,118,160,70,110,164,79,106,160,206,159,138,167,88,79,145,103,88,147,102,100,208,162,146,210,154,142,155,88,80,145,95,92,143,103,79,206,148,134,79,107,156,67,111,153,77,127,174,75,116,162,86,123,173,203,164,139,205,147,151,197,146,157,165,90,101,153,84,98,146,86,85,151,91,97,155,100,100,161,93,78,211,147,151,195,159,142,209,161,151,71,114,161,84,126,171,71,126,172,77,107,164,202,157,137,214,167,134,202,158,141,22,17,34,196,157,144,206,150,151,201,161,133,201,155,143,16,22,22,201,152,146,215,154,148,202,159,135,72,126,163,68,113,157,85,119,177,79,120,174,205,152,145,203,143,150,212,150,133,21,20,15,208,160,142,197,145,140,212,146,140,217,156,155,32,32,28,203,151,149,200,162,139,208,158,148,67,126,177,77,126,156,74,111,157,68,111,156,198,153,157,193,165,139,209,164,139,201,167,136,198,152,148,197,148,140,207,147,134,207,152,135,212,158,144,199,158,134,214,144,146,200,148,140,82,122,170,84,123,170,78,117,159,70,114,158,66,103,169,203,159,139,213,157,144,204,164,150,198,156,140,18,15,29,32,21,37,217,154,136,216,144,150,209,154,157,209,161,155,85,121,169,85,124,155,79,106,156,82,122,161,68,120,156,78,125,170,200,152,137,217,163,133,206,151,139,199,164,151,216,163,143,203,149,142,199,149,142,211,164,147,215,146,157,212,157,137,83,103,161,64,121,174,69,108,162,67,111,177,69,123,177,64,103,172,83,105,174,216,167,147,200,146,145,199,150,137,202,163,140,193,164,149,213,164,148,217,148,142,201,158,149,70,121,176,63,118,156,67,105,158,74,118,172,80,121,166,82,105,154,67,112,156,81,119,174,68,118,177,68,111,162,213,162,144,198,144,147,205,161,151,213,145,144,67,120,159,65,105,177,81,117,168,79,121,164,66,116,165,74,104,156,80,104,154,74,111,162,63,127,157,77,117,165,64,106,174,67,110,156,75,107,163,78,114,155,63,104,153,69,115,166,87,120,164,78,112,160,81,127,168,83,110,170,71,117,173,65,126,175,80,111,164,79,105,165,70,104,158,66,108,171,65,120,158,69,116,159,78,107,163,66,105,157,82,124,169,64,126,159,87,126,155,64,107,165,67,110,167,63,114,154,75,117,174,72,120,176
0,68,124,164,68,107,171,148,93,87,155,93,102,165,104,86,78,115,160,65,116,172,65,112,164,74,122,154,69,115,163,70,114,176,152,88,84,157,88,86,156,96,92,75,126,157,68,116,175,78,115,155,78,112,173,157,101,78,151,94,102,153,88,102,67,112,176,87,108,175,64,114,172,76,111,157,74,112,172,77,120,154,155,91,85,158,85,97,163,95,79,85,123,159,72,127,169,82,118,160,65,106,166,64,106,164,155,93,85,161,102,89,148,85,81,217,166,153,216,164,143,201,148,141,193,145,144,143,104,101,151,89,98,157,102,79,85,119,166,80,103,169,79,110,163,79,125,176,74,114,169,83,110,166,151,93,86,163,100,92,154,107,97,207,161,151,217,167,155,208,151,137,204,166,142,148,103,96,163,84,101,167,92,84,75,119,158,78,113,165,79,111,171,78,124,169,73,104,175,77,119,173,206,158,138,167,93,85,144,107,94,146,93,94,193,160,145,207,159,154,167,102,86,154,86,81,162,90,99,198,152,146,78,105,173,85,123,171,82,121,157,77,113,158,69,117,156,63,103,176,197,166,152,154,102,98,155,89,88,145,107,95,208,154,147,194,154,139,148,84,96,165,90,90,145,90,99,213,143,135,72,112,166,71,106,172,78,108,175,81,124,162,65,124,154,199,156,148,203,159,133,205,161,157,166,90,82,165,106,102,167,106,94,161,91,79,145,85,92,145,89,79,217,150,155,208,143,152,207,146,149,71,116,167,81,104,170,77,118,175,70,118,159,213,146,146,211,147,147,204,162,138,28,22,26,194,145,134,193,155,153,212,163,147,208,152,134,13,32,35,207,144,135,209,149,137,204,163,154,85,115,165,86,105,170,63,115,156,63,119,163,200,157,134,193,158,134,193,146,133,17,37,17,197,166,136,198,165,145,210,149,152,194,153,136,36,14,16,195,167,150,195,166,145,211,149,141,86,121,156,63,115,167,76,122,169,78,105,154,196,152,152,202,145,135,217,156,140,198,160,137,216,147,144,196,161,145,201,167,137,211,153,149,213,155,136,206,157,137,196,145,148,193,147,143,71,112,172,75,113,163,64,108,175,71,126,158,85,105,169,214,147,143,201,163,149,194,153,155,207,154,152,23,13,18,22,17,21,213,167,137,206,149,140,204,148,140,196,164,147,83,113,162,79,117,168,66,124,159,67,103,157,63,115,155,85,109,172,213,147,133,200,146,157,209,156,147,206,166,147,201,152,149,198,148,149,216,158,150,193,158,139,212,144,134,202,162,146,70,104,175,81,115,166,75,117,177,76,108,171,75,104,173,68,125,172,76,123,162,212,162,135,213,144,141,215,158,136,206,152,152,203,151,143,213,159,141,216,152,146,204,157,147,85,106,160,85,123,167,66,114,159,71,108,167,79,126,171,69,123,158,79,117,177,69,107,177,68,117,177,75,116,163,201,167,156,210,163,142,197,158,142,217,162,157,72,116,175,72,113,173,71,123,154,69,126,153,86,103,157,83,106,162,70,115,166,73,127,171,72,114,159,80,120,158,69,107,160,72,113,176,70,109,164,75,116,169,68,107,177,87,119,172,86,127,166,74,127,168,84,114,162,82,123,157,84,103,160,85,122,170,63,106,159,70,123,167,83,115,155,82,105,164,84,117,168,63,106,162,65,106,155,74,126,177,79,106,173,75,107,159,65,114,160,82,111,158,80,105,156,74,120,167,86,115,163,64,121,177
0,65,115,159,82,117,173,154,83,89,157,106,97,167,107,82,66,114,155,64,123,172,80,105,154,63,123,171,71,112,160,63,104,157,157,98,85,147,107,78,164,95,88,75,121,162,67,117,173,76,123,159,80,103,173,159,88,90,149,88,90,157,96,101,70,125,173,66,105,162,70,105,176,64,117,163,70,122,169,78,105,161,146,91,83,156,106,87,147,101,85,63,115,174,71,126,165,66,112,159,79,126,159,86,119,176,145,96,93,152,105,101,147,105,95,216,162,143,202,144,144,210,152,154,208,151,140,160,101,87,158,93,82,159,101,93,68,123,162,73,122,167,81,120,171,80,108,158,72,113,164,85,112,153,166,103,86,147,86,78,143,86,87,213,161,152,205,146,136,217,158,147,209,153,141,154,89,96,166,103,79,166,94,92,85,122,170,75,115,157,86,116,172,68,109,160,81,113,160,86,103,154,216,164,153,147,103,89,166,94,84,162,93,99,198,163,144,205,165,139,157,98,99,166,89,81,148,94,83,202,154,149,86,118,154,66,110,156,86,106,155,77,114,156,78,110,174,69,114,170,199,156,137,152,101,98,148,86,88,145,93,91,211,152,142,200,160,148,160,98,80,157,85,85,153,104,97,199,154,155,84,119,174,81,105,154,74,111,170,87,127,158,73,116,158,216,158,139,212,156,141,199,164,157,149,86,91,145,107,82,143,103,97,162,87,95,156,104,95,164,106,100,208,160,142,197,164,155,208,158,143,66,113,160,75,124,167,67,104,175,81,117,176,204,144,145,205,162,151,196,164,153,17,36,30,203,166,145,209,153,151,201,152,135,206,152,151,20,19,16,217,145,135,203,155,157,213,165,150,73,112,153,68,115,176,67,106,169,64,115,175,215,164,133,215,150,157,206,150,138,20,34,24,216,146,150,203,148,137,212,164,135,206,154,145,15,19,35,194,157,156,200,162,149,207,145,153,84,112,169,72,124,163,71,112,159,63,103,167,213,152,143,214,167,147,216,158,148,202,146,153,202,156,156,204,146,149,199,146,145,200,149,157,198,154,140,200,165,146,199,144,143,207,166,144,77,125,169,75,115,154,77,104,158,73,103,167,86,115,166,206,144,145,211,163,154,204,143,149,204,165,137,26,15,14,26,29,32,206,154,144,216,149,137,205,167,141,208,151,136,83,125,161,65,108,174,71,103,174,87,111,159,81,116,169,72,119,159,203,161,157,205,144,133,193,145,150,214,164,137,193,159,148,196,155,153,199,159,150,196,161,139,215,164,151,213,163,137,78,105,171,66,119,171,81,110,170,66,122,170,78,122,157,66,116,163,63,106,169,195,157,156,204,157,146,216,143,136,209,144,149,206,165,147,214,153,156,197,147,146,197,152,152,65,113,157,84,119,172,70,108,169,66,115,166,73,126,155,78,118,159,65,109,155,82,127,167,72,121,160,66,110,163,197,165,156,208,164,146,198,154,143,212,150,148,76,124,164,65,105,169,67,113,166,87,116,173,87,113,156,75,109,172,66,117,158,78,106,177,73,111,170,85,109,166,68,120,155,86,109,162,66,110,163,63,109,159,72,115,153,85,118,162,81,116,173,79,117,163,77,112,173,86,112,166,85,113,162,85,111,170,67,106,169,78,109,172,80,124,158,66,127,157,73,113,169,80,118,168,71,104,177,74,104,159,87,105,163,65,109,162,87,124,165,74,104,170,85,124,166,73,125,166,82,121,166,85,126,160
0,80,118,161,72,118,168,145,90,87,145,88,88,166,90,98,79,125,177,83,110,161,65,103,166,74,127,167,67,122,176,86,122,167,156,95,89,156,107,83,165,107,79,76,118,173,64,110,172,70,109,165,77,124,168,157,91,87,146,84,101,164,100,86,69,121,168,66,126,177,87,106,169,68,125,154,63,109,174,71,104,172,166,90,88,166,107,94,148,98,101,84,106,168,69,124,176,67,104,159,65,124,153,76,115,165,152,96,100,154,86,94,151,98,94,209,158,155,213,162,147,209,160,149,202,154,149,163,105,101,158,102,101,154,97,100,81,118,155,66,112,172,65,117,172,72,116,155,83,122,154,75,121,175,148,90,98,165,101,89,146,83,95,213,166,157,216,149,137,217,158,154,209,155,145,159,96,95,164,102,96,159,92,82,63,103,160,68,115,163,64,123,160,64,113,157,71,106,156,71,127,158,194,166,147,156,94,81,150,89,88,148,101,87,212,154,148,206,144,140,165,103,102,161,96,100,145,83,95,201,163,154,81,108,177,85,121,168,64,112,177,73,109,169,76,120,167,75,105,157,215,167,151,157,96,93,155,87,81,163,89,88,202,163,143,205,167,135,151,106,85,146,94,101,149,104,94,213,149,154,72,120,173,81,121,175,74,110,155,68,104,154,79,127,163,211,144,142,194,167,133,198,151,136,164,97,79,149,95,100,151,88,85,158,106,85,149,85,84,152,103,82,202,145,142,213,157,136,209,161,148,75,108,155,87,118,168,82,124,176,86,112,176,197,163,152,198,146,134,196,158,137,28,21,30,217,147,135,215,153,135,208,167,143,193,166,148,34,31,26,200,145,140,197,151,154,194,164,156,71,121,165,65,122,166,85,123,173,73,105,172,205,155,138,208,145,141,204,158,134,26,23,35,210,165,146,217,159,146,198,167,139,207,159,144,35,37,27,207,146,154,207,146,138,195,161,151,81,109,175,83,122,155,78,115,176,86,118,153,214,167,148,213,143,133,197,148,153,207,161,146,217,148,156,201,152,143,198,157,149,202,149,133,215,143,140,212,160,148,209,163,157,194,156,142,76,113,171,72,126,172,65,124,177,80,116,170,83,126,162,212,163,149,208,165,141,212,165,139,215,148,133,19,36,31,17,18,25,210,155,149,208,143,153,214,149,148,204,154,156,78,120,164,72,113,168,85,125,165,73,109,153,81,107,161,86,116,162,199,143,149,196,150,137,197,148,144,207,154,133,201,145,137,198,156,145,202,167,140,215,154,156,217,143,151,201,153,144,86,123,173,77,110,156,72,127,171,67,124,166,76,108,157,84,111,168,77,116,153,199,160,137,214,159,134,208,145,134,194,147,141,203,159,157,215,159,154,217,156,141,196,163,147,83,121,160,82,122,165,82,118,172,70,124,177,83,110,177,82,127,159,70,119,159,86,109,169,77,116,170,79,109,170,216,155,149,211,159,137,204,159,136,207,149,150,86,116,170,66,115,164,68,126,157,70,113,154,78,123,172,85,123,172,70,118,170,78,110,176,83,114,157,66,121,172,79,103,165,79,111,172,75,103,174,69,109,162,68,122,177,82,126,164,64,120,165,77,107,176,67,116,174,83,116,158,80,105,154,77,115,167,77,126,167,87,120,166,77,124,175,70,125,172,78,105,170,65,122,154,74,123,171,77,111,166,79,121,171,70,109,154,74,109,175,78,111,154,84,116,158,71,107,165,66,104,175,70,110,157
0,71,120,175,78,118,159,155,94,81,159,100,86,167,102,81,82,120,166,87,115,155,69,107,171,72,103,165,70,114,168,68,111,167,155,89,97,160,94,93,167,87,90,84,125,169,73,104,153,77,107,170,84,125,162,150,99,98,165,105,89,159,107,78,63,121,172,81,119,166,76,124,175,81,108,175,71,123,163,85,103,163,145,91,97,143,92,94,167,97,101,70,114,176,82,118,164,71,110,162,73,110,165,72,122,171,155,86,100,144,98,93,166,101,97,213,157,147,197,147,138,197,165,146,202,155,156,164,85,102,153,90,85,144,83,82,78,103,157,77,127,164,86,104,168,76,122,168,87,125,166,85,121,160,160,105,79,153,86,86,154,90,95,205,163,152,214,143,136,206,159,135,197,167,134,158,93,78,144,83,90,162,107,97,84,105,164,74,119,164,81,110,171,84,108,157,71,111,163,74,116,163,198,149,138,147,86,87,166,100,97,152,91,102,195,149,152,217,161,151,154,103,80,157,95,96,162,89,84,194,150,150,65,113,166,81,113,171,64,118,153,74,126,174,84,127,166,82,114,175,195,143,146,149,96,81,163,85,82,159,98,87,194,165,149,213,146,135,157,89,78,164,95,96,162,90,94,197,145,141,73,107,170,77,119,171,82,127,171,81,115,157,79,121,160,193,167,153,198,160,142,194,154,137,145,99,89,144,93,90,144,100,84,166,86,96,146,87,98,156,84,86,215,166,150,204,166,149,211,156,143,71,122,170,65,120,161,71,103,172,70,120,166,204,152,147,195,162,157,198,158,153,14,34,24,201,159,147,202,159,148,194,153,145,205,147,140,13,36,14,204,155,133,211,163,142,201,163,145,66,114,153,66,107,177,84,127,176,70,113,154,206,155,153,204,155,146,194,154,133,24,32,13,209,154,153,204,165,147,206,153,148,210,161,139,28,31,35,200,161,136,212,152,148,201,150,147,67,121,171,64,125,159,73,107,155,85,127,177,211,166,145,193,161,136,193,147,147,206,151,148,195,167,157,202,148,141,214,163,140,198,145,136,195,163,151,194,147,146,213,156,157,214,147,140,78,117,159,83,120,156,70,110,153,82,120,160,66,111,164,198,150,148,210,167,133,199,152,145,199,149,156,18,29,27,21,33,17,204,156,143,205,160,145,206,167,150,194,166,154,73,120,154,64,104,175,74,120,171,84,114,175,87,109,170,66,113,168,204,144,135,203,151,140,214,160,155,216,153,147,210,146,150,213,144,148,207,162,155,201,162,156,196,152,149,209,146,144,84,127,173,66,112,161,76,116,155,82,124,172,73,111,156,77,105,154,63,116,164,206,147,145,205,156,150,210,154,142,203,164,143,200,167,153,214,155,140,208,158,146,206,154,152,82,114,172,82,104,158,84,110,161,72,127,157,70,120,156,76,108,158,75,116,161,79,112,172,83,106,169,83,115,156,202,155,138,210,159,140,205,149,155,203,160,134,84,114,177,69,109,155,84,114,155,83,109,155,84,109,164,76,106,156,77,103,158,78,119,162,78,109,162,72,117,171,69,117,158,86,108,160,87,122,176,66,118,177,75,105,172,85,116,170,68,108,164,79,120,163,84,119,161,84,109,156,69,123,175,87,113,175,84,124,168,72,103,169,77,112,167,71,103,167,69,122,168,67,121,173,76,106,176,78,114,166,73,117,168,81,121,154,75,106,169,70,126,162,71,107,163,66,105,169,64,122,163,71,113,163
0,65,121,174,67,112,156,154,87,94,156,90,87,160,91,78,65,116,177,65,124,167,64,123,174,75,111,172,66,112,162,73,109,160,158,105,89,148,83,81,154,95,97,66,111,166,84,106,165,84,112,155,74,118,160,149,98,91,159,91,78,166,102,80,69,111,155,83,118,169,65,103,172,63,118,156,81,114,168,83,106,174,152,94,81,152,101,89,146,91,96,85,123,164,73,120,177,69,120,168,69,115,170,64,117,158,162,95,91,166,85,94,144,100,86,200,159,149,195,155,150,202,159,137,207,165,138,149,103,78,162,102,79,157,83,87,86,115,161,71,113,153,70,103,174,63,115,174,63,111,164,85,126,156,164,102,97,144,99,80,159,98,85,199,144,133,198,158,153,205,150,155,197,157,138,148,89,93,150,96,97,153,84,86,69,107,173,75,104,163,81,104,161,77,110,164,69,113,157,68,116,177,214,154,141,161,89,79,167,94,84,161,97,84,217,152,144,196,149,154,164,94,97,161,96,87,147,96,79,213,155,134,85,103,172,80,122,175,77,108,167,71,103,175,73,105,161,83,125,160,196,155,142,145,85,97,162,85,100,149,96,89,206,152,155,194,163,157,148,105,89,152,88,91,144,84,91,197,160,157,83,121,174,68,108,159,79,111,159,74,117,172,82,109,170,213,162,143,211,152,144,210,161,138,147,93,80,163,98,86,158,93,83,162,91,97,157,97,89,155,94,88,196,148,149,217,159,154,212,164,143,76,109,170,69,116,168,76,116,164,87,117,154,199,145,156,193,145,138,197,163,135,20,20,33,217,165,149,208,154,139,213,167,154,201,148,135,22,22,36,209,149,143,202,164,157,217,153,157,77,112,171,79,119,175,83,110,172,76,119,159,210,165,137,204,147,144,202,149,134,32,19,23,215,150,157,203,148,135,204,145,148,199,164,142,25,26,13,206,160,156,211,163,151,215,166,137,86,111,168,66,114,168,87,113,166,66,103,170,194,164,135,194,149,133,198,148,136,215,147,139,211,153,144,196,148,136,206,162,149,200,147,139,197,160,144,201,146,141,197,148,146,200,163,137,76,126,176,67,106,162,71,113,159,78,106,163,83,104,161,203,146,152,205,158,150,207,158,150,209,144,157,15,34,16,33,24,37,212,146,139,198,156,150,202,148,139,198,165,154,75,109,163,74,111,166,82,124,154,69,109,175,75,126,171,85,109,155,194,153,147,195,161,147,200,148,139,215,160,136,204,152,143,203,147,147,210,166,148,206,163,157,198,163,145,193,148,139,73,116,162,63,124,171,70,103,172,82,127,172,80,116,169,82,105,172,86,114,153,208,165,150,206,158,151,205,161,151,212,161,139,214,159,136,211,163,136,213,161,142,210,164,147,71,115,156,68,110,174,65,122,175,84,103,154,67,112,155,74,113,156,78,113,169,87,115,159,77,109,163,69,109,158,208,144,137,209,167,151,212,155,146,206,159,146,80,114,170,86,111,159,65,105,165,68,105,154,85,124,175,75,114,177,65,112,175,82,111,167,69,122,165,86,114,174,72,126,159,65,103,163,74,117,168,65,124,154,69,124,154,84,127,157,77,113,171,76,104,170,83,120,171,87,113,170,75,122,167,82,109,163,79,112,159,71,108,159,66,111,171,71,127,163,68,126,156,68,114,175,80,116,154,76,107,173,87,103,177,82,119,156,80,104,174,71,104,173,81,126,176,86,122,171,66,113,156,72,126,156
1,87,133,94,79,150,94,78,154,85,100,140,104,86,148,103,86,155,88,97,155,95,85,146,91,80,138,88,91,142,97,82,143,105,86,155,90,100,151,106,83,142,93,84,152,106,90,133,92,82,141,83,95,135,97,87,155,103,86,137,94,99,140,101,100,155,106,90,149,103,88,157,103,83,147,96,94,138,83,96,136,100,98,150,86,83,137,92,102,145,95,81,141,88,102,157,100,79,152,98,78,138,83,97,157,97,96,155,83,97,146,104,85,144,86,194,143,112,175,135,108,183,153,99,180,136,107,79,137,104,89,139,90,93,152,98,78,150,95,79,142,103,85,147,107,93,144,100,92,138,107,89,139,97,80,148,87,174,154,96,183,140,100,180,133,93,179,138,103,185,151,106,181,147,117,181,135,99,180,135,96,89,135,102,91,149,90,97,142,100,102,155,92,98,72,66,113,81,59,95,79,62,99,68,71,112,68,59,193,153,102,195,151,96,180,135,104,185,153,103,179,155,105,186,148,95,99,80,62,106,90,59,103,70,76,102,78,58,98,84,77,113,72,59,97,78,74,99,77,69,114,78,76,98,90,72,187,157,112,191,139,115,181,152,106,184,147,107,183,150,100,193,140,104,98,71,74,112,83,53,114,80,62,93,81,62,95,72,59,115,91,73,95,78,61,94,72,62,101,82,69,99,68,67,183,133,96,185,139,97,188,153,93,179,153,101,191,136,101,176,133,114,104,72,65,112,88,65,99,81,62,98,82,57,116,70,58,105,76,74,103,77,59,105,83,66,109,88,77,108,87,66,28,34,22,185,148,113,178,145,112,189,146,115,179,133,95,35,20,19,100,72,68,112,92,70,116,91,70,97,71,67,93,73,73,106,89,68,96,87,71,105,70,62,112,77,72,96,85,64,16,22,36,187,144,106,176,146,116,174,139,110,182,151,103,35,17,25,93,81,69,98,73,69,107,86,63,115,80,55,102,92,55,117,68,71,105,80,55,114,79,72,98,87,59,98,91,63,187,149,112,174,150,109,183,134,106,191,133,99,174,155,117,180,142,116,116,83,76,116,92,76,95,70,58,94,72,68,99,68,73,97,75,69,113,79,73,111,78,75,96,90,74,97,86,73,177,134,107,177,137,99,14,19,20,24,36,30,177,140,100,191,150,112,114,79,55,96,90,56,100,88,77,112,86,68,117,91,68,85,150,104,92,152,88,92,150,97,185,147,110,178,140,105,173,153,110,195,142,98,177,151,117,185,157,106,183,136,102,181,154,101,189,145,103,187,141,99,78,145,87,78,145,99,80,142,104,99,150,103,87,151,102,98,136,101,94,155,97,177,134,98,191,149,95,175,139,93,197,133,109,181,140,113,179,151,96,182,135,111,195,150,96,102,135,105,98,147,101,91,140,89,78,153,93,78,147,107,86,151,93,79,142,92,85,138,97,81,151,88,96,150,103,173,137,115,189,141,113,181,157,96,186,135,114,90,151,89,99,146,88,86,134,99,101,149,107,88,136,103,98,146,90,82,140,99,81,139,98,78,156,93,93,155,104,87,135,84,85,148,96,83,138,96,101,143,102,86,136,105,88,137,94,95,139,99,89,135,96,85,143,98,94,135,86,91,142,107,86,155,96,91,149,91,93,136,89,83,154,102,79,136,107,79,138,102,98,136,93,94,157,104,88,154,86,81,150,94,94,135,86,79,136,92,90,134,87,84,157,106,89,140,93,98,151,95,94,138,99
1,96,133,86,86,134,100,81,137,105,85,143,96,85,135,95,93,145,95,79,137,97,81,145,100,96,138,97,94,153,100,95,141,97,94,157,104,92,135,100,80,152,89,95,140,92,93,154,97,101,134,94,80,133,103,102,156,105,86,148,90,78,153,100,78,138,99,83,136,89,81,155,85,100,142,99,83,142,103,80,156,92,101,140,83,86,157,92,87,145,101,92,150,103,96,142,87,88,151,96,85,142,101,102,133,107,78,135,101,92,146,99,101,156,102,180,140,101,184,133,94,181,136,112,184,135,114,80,139,103,79,139,83,92,157,95,90,135,98,78,145,105,81,145,104,101,145,100,101,141,96,87,155,100,99,137,103,173,152,109,188,137,109,182,157,109,175,149,96,190,145,111,185,152,97,180,157,101,181,141,94,88,144,97,82,142,98,102,147,88,80,140,107,111,81,59,113,80,57,93,90,71,95,81,53,114,76,71,194,142,96,188,156,115,178,139,95,192,133,95,187,134,115,185,146,109,105,75,67,97,71,75,110,79,70,111,74,64,109,76,76,116,92,73,94,77,68,94,92,64,115,82,55,98,81,63,185,144,105,195,141,96,194,146,103,185,145,106,187,136,103,187,157,96,95,71,57,94,83,53,96,84,75,114,68,75,103,88,69,117,86,59,117,79,71,106,83,73,111,73,66,98,79,76,183,137,104,187,146,95,184,133,115,195,140,99,184,152,113,189,153,101,110,69,69,106,70,69,106,89,77,114,90,73,109,91,59,117,68,61,99,76,57,98,86,72,114,83,70,104,74,57,16,35,35,173,135,115,180,140,111,190,151,99,173,151,93,21,13,14,100,83,66,104,85,62,116,89,71,114,68,56,102,69,63,106,78,76,93,72,64,107,85,68,94,89,76,112,69,72,23,32,14,177,154,107,196,152,111,173,141,105,179,145,112,15,37,32,117,86,56,109,92,59,117,84,66,101,84,77,110,74,65,97,81,71,106,70,66,115,74,65,107,89,68,95,82,75,187,143,98,192,146,115,194,151,115,182,154,98,195,145,112,176,144,101,115,85,73,112,82,70,110,91,55,114,88,61,96,90,57,101,78,58,107,92,68,94,79,54,110,83,63,103,69,63,186,138,101,182,150,95,30,36,36,36,30,30,194,145,107,189,151,115,104,68,56,100,86,56,111,74,69,107,69,67,101,90,55,87,138,83,81,140,91,97,154,100,182,139,110,196,138,110,194,157,95,182,133,102,185,138,102,188,150,106,194,156,99,184,147,117,178,139,106,194,138,108,85,140,84,94,154,101,78,140,92,88,157,92,87,145,103,94,142,90,102,138,85,196,134,112,183,142,112,185,150,106,176,148,107,195,154,99,174,148,111,173,151,112,175,155,116,96,152,103,98,153,99,86,145,97,91,135,97,78,152,101,89,136,85,102,134,89,100,144,95,101,138,93,93,155,95,177,135,94,196,153,112,174,137,109,173,144,107,102,151,105,88,144,83,78,134,107,86,142,91,80,144,96,102,145,104,85,134,94,101,147,88,93,144,96,82,138,83,83,136,97,88,150,101,83,150,89,96,155,83,88,139,97,78,136,106,85,153,98,100,145,105,101,133,104,92,138,83,99,139,87,101,141,99,97,139,107,82,140,103,92,148,94,91,148,98,97,141,95,90,150,93,84,138,91,81,157,92,94,142,87,91,153,100,97,149,100,101,134,98,92,144,98,98,142,96,89,149,93,99,156,97
1,95,144,95,87,144,85,102,155,101,83,141,87,92,151,90,86,145,100,99,137,103,97,154,100,89,135,95,89,137,88,99,149,98,84,143,86,80,150,97,93,149,95,85,141,103,80,141,92,95,148,104,93,147,92,92,146,107,84,151,97,99,156,85,78,139,85,94,150,97,102,138,98,93,151,96,79,146,104,95,149,99,99,145,97,99,155,92,101,138,83,88,154,105,78,154,93,93,150,92,90,138,87,80,145,89,86,157,96,88,135,100,101,145,93,197,136,104,180,135,97,175,142,95,194,140,115,94,137,103,97,149,103,93,152,84,95,156,106,91,154,99,91,143,86,98,141,96,91,134,86,93,133,107,101,144,101,180,152,106,187,134,96,195,143,104,195,138,98,185,142,95,196,137,101,185,144,103,177,155,114,101,152,94,100,148,100,92,139,93,81,145,100,100,72,53,98,73,67,115,71,55,99,88,55,109,69,54,177,135,116,181,152,109,174,134,116,197,150,101,187,154,103,183,144,107,114,83,60,102,89,73,99,72,70,98,75,72,95,74,57,114,90,55,110,88,60,106,80,71,116,76,72,109,75,64,191,149,113,173,149,101,185,152,109,197,148,99,177,151,107,183,149,101,117,78,66,97,83,56,113,74,67,94,88,57,101,77,65,112,84,61,104,86,70,112,91,53,112,69,65,105,68,71,182,147,109,179,134,106,177,146,102,185,156,103,189,150,111,191,150,108,98,76,61,117,77,65,100,70,57,116,84,74,101,72,74,94,86,58,107,77,71,100,89,71,94,86,69,95,89,55,17,17,14,178,157,95,183,153,96,177,153,114,189,144,95,19,25,29,101,69,63,102,71,75,105,89,63,98,75,68,93,68,77,110,82,68,108,79,55,112,69,77,94,74,58,98,91,66,13,28,20,182,157,107,189,156,102,180,138,106,187,141,110,22,26,21,113,75,55,117,69,59,97,74,60,110,89,64,101,75,67,115,81,68,100,69,76,104,85,63,110,73,55,112,81,76,181,157,103,192,152,106,190,137,97,181,139,95,177,154,114,175,137,104,104,84,69,112,84,59,116,87,58,115,74,53,108,85,56,101,71,57,117,92,63,107,68,74,106,82,54,107,83,72,195,154,116,196,153,113,18,22,21,35,23,22,196,148,103,193,152,107,95,71,60,96,79,77,115,81,69,108,74,56,114,69,57,87,138,95,87,143,102,101,146,90,191,141,106,189,142,104,189,139,115,176,133,111,173,139,104,190,154,104,189,155,108,177,145,99,194,138,115,188,144,94,83,148,103,80,152,87,90,142,88,81,156,83,83,140,100,102,147,88,94,150,83,188,140,106,186,156,117,195,153,102,191,148,94,185,153,112,183,151,115,192,133,116,196,154,113,81,151,95,99,153,91,85,156,104,100,140,94,91,137,89,96,143,83,83,135,85,81,149,98,78,154,84,78,134,100,177,138,97,174,144,100,177,156,98,174,150,111,85,151,105,89,145,107,79,149,101,94,133,92,91,145,85,92,136,83,80,142,98,95,138,91,92,144,101,97,156,86,102,136,98,84,151,84,90,146,93,79,156,95,94,149,103,101,149,94,92,155,96,102,134,88,92,139,86,91,133,90,89,134,87,100,142,93,78,145,89,82,156,97,79,155,105,99,144,87,86,135,104,91,152,91,102,157,103,101,143,96,87,145,100,91,145,97,90,157,103,99,156,105,86,146,102,81,141,88,100,149,92,78,133,83
1,78,155,86,84,157,97,86,139,97,94,141,98,101,136,83,102,148,90,94,138,89,83,137,93,101,154,104,95,155,90,85,148,96,102,157,88,98,156,87,84,156,90,86,143,84,81,143,91,81,148,98,90,144,97,95,146,96,80,134,105,98,134,84,78,144,102,80,136,99,90,138,103,101,141,98,97,157,90,97,139,103,84,142,99,99,151,85,87,134,87,90,151,103,99,145,90,80,143,105,89,153,94,99,149,84,98,133,99,93,144,98,102,143,97,183,136,115,179,136,109,197,140,116,196,150,97,84,148,84,99,156,100,86,141,91,90,150,103,88,133,86,99,139,103,95,135,90,94,144,105,99,142,86,95,142,88,192,140,98,185,156,101,183,147,94,175,148,107,180,140,108,194,134,95,174,146,104,179,145,94,89,142,106,96,148,85,83,148,101,85,135,103,94,85,57,105,73,73,113,83,67,103,81,77,116,87,72,195,152,116,173,146,115,173,142,96,189,146,112,185,133,112,184,145,105,96,70,76,110,73,70,111,72,55,115,68,68,103,84,66,102,75,64,110,75,53,111,83,63,100,74,75,105,74,56,181,151,97,189,153,111,186,151,96,189,154,105,176,154,108,183,153,105,110,81,59,101,78,74,101,86,65,101,89,74,98,73,53,106,92,71,117,86,74,97,78,77,103,84,77,100,69,53,179,144,110,174,154,115,195,150,117,187,144,105,193,140,101,196,142,112,96,91,54,109,84,64,100,77,70,110,75,55,112,92,58,107,91,58,107,82,69,99,77,54,108,86,74,113,74,57,29,15,30,175,145,114,188,135,108,187,154,96,176,133,100,22,14,18,94,83,60,106,70,68,102,78,67,117,76,56,108,88,72,95,84,61,113,84,53,93,69,53,117,68,55,100,75,54,34,33,18,196,136,101,190,151,93,181,133,95,175,156,100,37,33,31,98,71,64,114,88,70,116,70,71,97,82,77,108,72,61,102,75,73,107,90,66,102,78,65,95,84,76,116,77,66,190,151,96,184,155,113,190,156,99,179,145,103,192,157,107,182,148,94,113,86,56,102,84,67,116,90,56,112,73,75,114,87,77,93,84,60,100,84,57,116,80,64,106,71,71,108,85,73,197,151,105,190,135,97,25,25,26,34,32,31,176,145,116,191,151,98,116,90,67,107,89,53,114,84,73,106,90,65,104,82,62,95,156,96,89,152,97,92,154,93,192,147,108,186,148,99,195,154,113,189,133,94,187,143,94,196,146,109,177,139,113,196,140,117,188,140,100,191,140,101,92,157,92,100,135,104,101,138,96,93,150,99,90,143,97,79,147,90,98,150,94,181,145,93,196,156,117,184,137,95,187,139,97,175,140,99,173,153,103,189,147,114,190,151,98,98,149,99,78,138,105,102,154,88,96,154,94,88,157,107,93,145,102,102,139,84,94,149,100,84,148,104,79,147,102,196,151,116,175,155,114,192,156,93,186,137,99,99,154,103,80,144,106,87,140,107,87,142,102,80,151,98,87,147,83,98,150,92,95,156,95,93,136,86,100,147,107,102,138,92,97,149,103,88,151,95,85,141,89,91,144,106,79,152,91,81,146,87,98,155,107,100,157,95,92,138,91,78,149,102,90,138,100,99,148,84,80,155,90,82,136,94,90,146,97,79,135,104,97,135,99,92,136,97,81,133,91,88,155,102,96,152,88,100,134,98,80,149,102,95,154,83,82,138,85,85,136,100,96,153,95
1,79,143,84,84,142,95,81,153,85,93,140,92,80,148,105,86,135,91,91,144,94,87,143,85,83,140,89,88,144,101,80,146,107,87,156,102,80,144,103,91,145,89,78,155,89,90,139,90,94,146,105,87,149,95,88,133,84,92,142,91,84,143,88,88,153,83,80,151,85,91,144,90,90,141,97,78,145,103,91,152,96,98,157,104,93,148,99,98,136,89,86,135,92,88,137,91,86,150,96,86,157,101,80,154,93,84,144,83,96,133,104,86,139,94,196,157,95,189,141,94,185,139,112,177,152,115,86,153,106,90,144,86,102,139,87,92,135,84,79,142,102,98,151,86,83,146,107,102,141,107,85,149,91,102,148,105,173,156,112,190,136,111,178,153,93,184,134,112,176,145,99,180,151,114,196,137,114,180,145,97,88,151,90,82,150,96,89,148,106,81,136,105,112,73,75,102,86,76,96,72,69,117,91,77,99,68,53,186,138,100,197,150,96,189,139,113,192,138,101,184,136,106,188,151,95,108,82,65,96,89,75,111,81,53,108,87,55,96,83,57,112,72,60,100,90,63,111,71,60,116,74,64,99,70,64,180,144,106,178,155,117,190,147,116,177,155,102,184,155,113,173,157,101,115,90,53,111,76,56,101,82,74,108,70,77,106,85,58,110,89,72,110,73,55,110,88,57,102,77,65,110,73,56,185,139,105,177,152,108,173,139,109,186,153,102,193,155,114,193,153,107,100,72,75,98,74,57,97,76,58,106,74,67,110,91,59,105,84,76,95,73,63,101,71,62,103,72,69,117,83,70,21,28,24,192,133,101,181,147,102,195,135,107,186,142,99,21,21,15,93,79,67,111,77,74,116,69,65,115,78,58,117,79,59,98,86,60,113,72,61,102,76,74,110,92,60,101,91,64,16,31,31,184,143,93,197,150,113,195,152,107,188,143,101,28,17,35,110,71,76,103,89,67,93,81,66,98,79,75,93,71,75,106,73,58,93,77,59,114,82,67,96,76,72,102,85,68,178,142,109,181,151,97,186,136,104,178,149,117,194,154,100,173,143,117,106,85,57,116,69,70,94,84,58,93,91,68,113,84,53,112,84,69,98,73,54,111,72,64,98,88,56,93,88,75,191,141,117,177,139,113,24,34,21,28,31,15,179,134,116,178,148,117,111,72,71,111,68,58,103,70,53,93,89,58,98,83,72,95,137,94,92,151,101,94,149,90,183,152,115,196,154,101,179,138,106,174,140,98,178,142,94,190,133,113,187,148,113,174,133,100,188,157,110,176,148,96,89,134,95,95,143,87,87,145,83,94,149,100,96,144,101,83,154,84,95,143,86,184,135,117,178,137,113,189,146,105,174,133,111,191,152,115,187,155,102,191,141,96,176,157,107,81,144,101,79,140,95,87,149,106,93,140,98,82,155,94,97,154,104,102,133,107,81,137,93,97,151,96,94,141,99,195,139,101,197,140,115,177,151,114,195,147,110,99,146,103,93,135,93,87,154,88,101,151,105,102,143,104,97,152,107,88,148,85,96,142,97,99,153,98,79,134,97,80,152,85,101,153,105,101,134,90,89,139,90,90,140,94,97,137,86,98,148,88,84,141,83,88,157,103,80,144,93,95,156,100,98,146,96,85,136,104,98,141,104,85,150,97,79,145,86,80,143,92,82,136,86,100,149,107,94,152,93,97,141,102,100,136,102,82,156,105,90,143,104,96,143,86,93,139,90,90,153,95,91,142,100
1,81,141,90,80,139,97,86,133,107,101,133,105,80,151,100,79,136,86,78,146,90,95,138,88,86,141,90,83,145,94,102,141,101,101,143,85,99,149,102,98,154,99,81,153,101,93,149,103,99,143,93,80,147,102,81,144,92,85,145,101,95,134,103,84,141,94,97,155,91,95,152,89,78,142,102,86,134,99,79,152,85,79,133,96,96,143,95,97,150,85,97,150,105,84,139,89,80,145,98,96,157,88,90,145,92,78,157,105,85,155,84,92,144,83,183,151,111,191,133,113,186,141,93,189,136,94,90,147,86,79,151,86,92,152,95,89,136,83,88,152,88,78,150,95,88,139,106,93,142,101,86,144,105,89,155,100,179,152,99,175,149,104,196,146,105,196,155,103,181,151,100,181,147,109,176,137,117,186,149,110,94,156,86,78,148,103,98,156,100,90,155,103,114,75,58,94,70,72,107,69,73,99,68,68,113,92,69,176,147,116,186,137,100,195,138,103,183,149,110,176,135,113,196,155,112,113,71,58,116,82,67,106,71,64,96,85,53,107,84,61,102,72,61,105,82,66,115,68,54,101,89,57,104,87,67,186,143,108,175,138,103,181,142,104,190,142,107,191,154,104,175,152,105,95,76,71,112,68,55,114,90,61,93,90,71,93,78,62,113,77,62,111,81,58,113,91,64,97,71,66,104,75,70,192,147,117,196,139,111,194,134,107,185,145,116,185,148,104,195,137,101,113,77,58,93,75,56,117,78,68,111,86,68,93,80,64,110,70,56,97,76,64,117,69,68,107,85,60,106,75,63,14,34,32,186,156,109,174,136,111,177,137,107,176,157,117,26,26,18,99,87,73,100,79,58,106,68,55,107,88,67,98,81,63,103,84,55,99,72,66,96,74,63,113,76,57,107,68,55,34,30,17,179,139,113,197,137,113,193,134,94,178,143,114,20,14,21,116,80,68,116,77,53,117,82,56,110,92,75,104,75,60,96,92,55,103,80,62,115,84,60,103,81,58,116,85,67,183,139,114,176,157,109,181,150,100,180,145,102,191,137,96,184,137,115,111,81,61,104,84,67,117,70,65,105,74,73,112,74,75,94,74,57,98,71,66,117,85,75,109,69,67,93,71,69,177,135,115,183,143,108,21,34,15,17,37,24,176,138,96,190,150,99,115,74,62,93,88,55,108,86,75,95,86,62,101,90,75,88,153,94,93,146,106,90,151,107,195,145,97,184,139,106,187,136,96,188,136,116,177,134,100,182,144,115,188,155,101,176,153,107,183,145,104,192,156,98,84,133,84,82,138,92,83,137,90,92,135,95,90,142,90,84,154,106,84,156,105,184,135,112,192,152,107,193,156,98,175,135,95,183,137,112,178,147,117,173,152,114,191,139,116,79,146,98,91,153,91,82,134,103,100,155,86,101,157,85,93,157,105,85,135,84,80,134,102,81,133,104,102,141,95,174,134,103,178,153,94,182,151,103,185,146,110,90,155,94,80,133,89,95,152,94,84,148,104,98,138,87,92,157,105,102,149,90,96,138,106,97,133,88,88,139,88,87,141,99,95,150,83,93,157,96,97,156,105,91,144,97,93,145,93,87,139,101,89,152,88,95,151,86,86,146,90,102,135,88,98,157,92,88,154,90,86,147,91,96,155,104,80,135,95,79,156,99,86,154,97,95,154,86,95,138,87,83,139,103,100,141,104,86,153,101,87,141,97,99,142,100,87,149,94,99,145,107,97,156,92
1,87,143,85,100,141,88,81,153,94,92,137,102,101,151,85,86,137,95,100,134,98,80,140,89,96,135,91,85,150,87,92,145,92,99,145,86,102,137,89,101,152,94,88,141,94,101,153,87,88,156,101,102,136,89,92,138,83,91,147,97,98,154,89,79,152,104,92,150,83,85,152,102,101,139,91,90,150,95,83,134,105,93,143,89,96,136,102,80,157,104,98,151,89,95,138,99,99,151,85,94,156,89,101,143,83,92,140,102,94,142,100,98,143,93,173,144,94,185,149,96,184,136,114,175,141,106,82,147,99,88,145,107,98,146,88,80,148,105,102,145,88,99,147,105,83,142,90,94,136,92,86,144,96,89,135,105,181,151,112,187,143,99,193,134,95,182,141,105,196,139,100,190,141,103,183,142,103,173,135,97,98,137,87,80,152,104,94,153,99,87,150,86,99,70,57,94,79,72,100,69,70,111,84,72,115,75,53,191,155,97,193,138,97,195,134,98,195,142,95,188,146,106,191,147,94,114,80,69,99,90,70,98,85,58,105,90,66,107,77,54,114,68,74,93,87,74,108,83,60,103,90,62,111,89,66,178,144,114,192,144,111,173,156,96,177,135,99,184,143,99,174,136,98,103,75,61,114,74,66,116,76,65,106,86,60,107,69,66,108,88,63,106,77,62,93,74,73,95,76,69,98,73,56,175,152,116,181,143,117,195,148,98,173,144,104,183,140,98,176,145,116,116,88,77,117,85,63,104,78,53,97,80,72,102,79,53,104,84,59,116,80,54,107,73,57,110,84,62,111,86,59,31,17,36,190,153,110,196,155,115,186,145,109,191,149,93,16,13,25,113,89,63,117,91,58,109,79,62,102,91,59,94,78,58,114,74,76,106,71,61,117,71,66,100,88,67,93,82,73,18,28,21,195,137,93,174,154,113,184,134,98,193,152,102,13,27,31,112,75,72,107,83,76,110,84,55,94,76,69,104,86,56,104,92,72,93,91,64,101,73,62,110,92,67,109,77,73,174,142,96,197,142,108,176,141,93,194,149,117,189,147,108,191,157,104,95,78,75,105,87,71,98,72,71,96,88,59,107,88,77,111,69,73,95,80,70,109,77,74,93,77,75,108,80,75,180,140,93,197,152,115,31,22,28,37,33,32,176,142,96,183,153,111,98,92,69,102,72,67,105,83,67,101,71,66,103,75,77,92,141,96,101,145,107,92,150,93,186,139,114,187,136,105,182,140,105,175,153,115,176,136,105,189,144,111,184,137,102,175,148,96,186,149,108,182,148,110,83,143,96,98,140,91,101,156,89,83,143,85,78,136,85,78,138,104,95,149,89,195,136,101,191,154,117,175,141,95,174,135,95,196,137,94,175,153,107,182,147,101,195,150,95,88,154,98,96,146,86,96,141,87,84,157,99,79,138,106,80,138,91,88,155,100,82,141,107,93,156,83,94,133,106,188,134,111,178,147,109,193,144,107,181,156,99,91,155,92,83,143,91,83,154,92,99,147,84,83,145,102,81,153,93,99,142,95,90,146,102,98,137,83,93,157,105,83,151,97,82,137,107,102,140,105,81,156,99,98,147,83,94,146,105,85,139,92,102,156,91,89,140,101,92,144,84,95,138,101,98,133,105,84,149,106,88,145,105,97,149,84,82,150,92,86,133,87,92,149,89,91,155,87,99,145,100,100,141,102,87,136,104,99,142,97,97,134,91,87,147,93,80,144,90,93,153,102,83,145,103
1,78,157,96,78,150,107,82,140,104,94,137,83,99,133,83,99,153,88,97,148,100,78,146,103,93,156,100,82,153,91,91,143,103,88,139,83,97,137,87,83,138,86,82,149,100,81,145,102,78,139,93,95,139,107,83,155,87,85,138,98,82,140,92,86,137,91,80,157,95,79,149,89,95,149,103,99,135,91,102,150,101,98,152,91,95,154,88,99,138,89,99,139,87,83,149,106,87,146,107,90,136,102,96,151,97,80,134,99,100,136,107,94,145,89,177,136,100,193,140,107,197,155,103,195,154,98,80,157,91,89,154,94,87,141,97,82,137,98,78,155,84,86,149,102,99,153,102,93,141,107,86,138,88,99,143,102,194,147,99,174,139,108,181,149,104,193,134,109,179,147,101,180,137,116,174,157,94,185,154,93,98,150,90,78,153,97,93,140,96,101,154,95,108,92,64,109,79,71,109,82,68,95,91,76,116,78,67,180,140,100,183,140,109,179,148,117,191,134,98,180,150,116,196,151,102,114,69,63,106,87,76,102,89,67,105,92,56,112,73,67,116,84,56,97,91,74,94,82,72,113,80,57,101,85,54,191,152,104,178,138,101,194,137,117,187,143,106,176,147,115,180,147,97,94,70,68,116,90,53,95,71,67,103,88,63,103,90,65,107,82,62,108,75,64,96,69,66,107,90,62,102,76,75,192,152,109,191,134,115,188,136,115,185,148,113,188,149,116,195,149,94,100,68,58,102,92,71,97,75,74,114,91,53,93,85,59,100,77,56,110,83,56,117,78,75,103,89,53,99,87,73,19,14,37,180,149,93,179,157,104,181,139,96,180,147,116,20,16,17,115,86,64,115,68,77,101,85,69,113,91,70,96,92,72,110,83,75,104,86,71,107,75,57,115,73,73,111,72,68,29,14,32,191,137,109,180,155,114,191,150,105,179,151,96,33,14,26,98,68,61,106,82,70,106,74,54,117,75,70,95,80,71,95,86,77,101,85,65,108,69,67,113,80,75,112,85,76,186,141,101,181,151,95,176,150,104,175,134,96,183,141,114,178,147,117,98,78,63,107,75,53,116,71,69,116,69,69,108,72,63,109,77,58,100,68,57,98,88,76,108,73,68,115,79,58,176,154,104,178,148,117,36,34,17,20,15,16,195,141,100,182,135,116,105,80,60,110,73,66,107,82,77,104,86,67,97,82,67,92,136,103,96,149,105,86,146,83,184,139,115,182,145,116,183,153,107,182,157,117,174,152,105,190,140,101,195,153,110,186,153,112,189,148,96,186,155,102,102,145,88,97,137,101,80,157,98,93,157,89,90,157,83,88,140,107,97,133,100,175,135,93,173,134,108,195,148,110,180,136,109,178,156,106,179,148,113,181,135,111,190,148,114,101,134,89,83,138,93,79,156,99,80,152,89,85,152,104,82,138,98,86,153,92,89,141,104,100,144,106,87,157,92,188,138,107,189,148,115,192,138,102,182,147,114,101,154,97,80,147,92,78,146,95,95,145,97,96,157,101,101,141,87,78,154,107,90,136,89,93,146,102,95,138,89,92,145,85,95,137,93,101,152,89,78,150,98,94,157,98,96,133,102,80,138,99,80,138,85,83,145,89,88,155,100,81,144,96,93,135,84,83,145,88,83,155,93,102,156,86,97,139,89,88,146,87,102,149,92,87,140,98,99,138,100,83,149,91,78,156,86,83,144,105,82,134,84,86,140,88,79,151,85,95,138,99,102,153,86
1,82,142,98,97,145,104,91,146,104,92,149,89,78,139,86,93,138,102,101,141,84,97,152,89,93,144,85,84,148,96,99,150,91,94,136,92,101,153,86,100,152,106,90,148,101,97,136,100,87,143,85,97,137,83,94,156,91,97,156,96,89,140,99,88,135,101,86,134,94,90,150,92,102,154,94,98,151,89,100,141,84,81,134,97,89,138,100,92,155,102,97,148,88,82,143,98,101,154,105,88,134,87,83,143,102,85,155,86,99,138,107,83,148,88,184,141,102,194,157,111,184,143,113,173,140,114,78,147,101,88,150,87,88,141,96,93,147,87,85,152,95,92,154,98,94,139,101,78,147,93,80,146,89,95,133,95,186,138,105,197,148,112,182,133,112,195,151,94,187,139,107,196,137,98,192,156,96,188,145,101,95,133,89,90,135,92,98,154,107,89,142,91,93,89,75,98,87,55,112,79,65,103,68,74,103,91,69,181,150,102,175,153,101,191,138,97,190,140,103,195,145,94,195,137,97,111,75,64,95,70,74,108,92,62,109,88,65,99,81,72,100,85,76,94,79,70,101,80,54,108,68,74,101,75,63,194,155,96,188,144,112,179,135,107,178,146,95,174,150,114,181,143,105,99,88,55,117,76,67,114,86,65,96,92,58,106,78,54,109,85,75,112,87,68,104,78,69,103,74,68,111,87,74,188,150,109,175,146,115,186,149,113,174,152,105,183,135,96,191,150,117,109,85,67,102,88,62,115,83,59,98,70,68,113,82,69,117,78,62,103,82,62,108,89,67,93,80,54,109,92,73,23,36,23,190,156,109,194,139,102,190,144,106,182,157,116,20,18,27,115,79,62,95,70,76,103,81,64,97,83,67,94,70,73,104,80,58,105,80,77,112,86,70,95,85,54,104,72,67,31,17,13,174,150,103,181,145,100,176,146,116,197,157,101,35,26,14,105,89,65,113,77,71,117,74,58,100,83,63,103,90,70,99,84,69,99,91,60,100,88,55,101,86,60,113,72,64,182,149,103,191,154,98,189,153,98,196,133,105,186,146,103,179,141,108,112,82,75,117,70,54,111,68,53,97,85,55,93,69,53,99,73,76,106,80,66,95,82,70,93,84,75,109,80,61,182,155,112,195,151,95,25,17,28,35,28,37,186,144,93,177,156,112,117,77,77,98,79,54,117,70,57,97,86,56,104,74,64,84,147,93,96,138,98,80,151,97,185,156,105,176,145,98,182,137,112,197,139,99,189,133,96,194,134,117,197,148,114,174,136,107,187,157,102,182,145,93,95,140,92,95,145,91,96,136,98,101,143,83,92,150,107,84,136,87,84,140,86,183,154,100,181,152,108,185,138,96,188,142,95,193,133,117,193,140,107,184,136,102,176,145,101,95,156,106,91,155,95,94,154,101,95,138,89,97,155,97,99,139,103,82,147,99,90,134,88,94,142,105,97,157,96,179,144,104,184,153,114,173,135,97,175,154,112,99,151,85,86,154,101,100,151,94,82,143,89,88,151,94,85,133,85,102,151,95,89,141,101,101,148,84,88,152,92,86,144,104,99,151,101,81,141,93,82,157,85,78,137,84,98,157,89,94,150,104,93,133,103,92,135,90,101,153,96,78,142,87,80,137,86,78,134,92,91,150,98,97,148,94,82,135,84,79,149,92,95,146,93,87,138,94,99,143,105,91,155,99,90,137,88,83,152,84,101,153,93,86,142,86,92,135,83,89,145,98,84,152,106
1,82,152,89,100,153,96,102,151,84,92,133,95,86,154,99,98,148,87,100,140,93,102,149,107,102,157,106,84,150,103,96,154,104,88,135,97,89,153,87,79,142,97,93,133,84,87,149,89,100,133,104,92,145,87,92,140,88,89,143,89,95,138,97,101,142,89,95,140,87,100,145,107,83,137,93,79,146,89,87,149,89,92,140,106,99,156,87,85,133,85,86,146,91,91,148,94,102,133,90,94,134,102,88,156,92,80,150,93,100,138,84,84,151,98,176,134,96,195,133,101,197,141,99,179,134,104,102,134,101,95,134,101,96,140,91,79,154,101,91,155,83,79,156,99,93,145,99,87,154,99,90,144,93,94,154,92,177,138,104,178,147,107,185,149,104,187,143,104,195,146,117,182,142,97,191,138,108,188,143,93,80,152,89,82,144,87,100,146,97,87,152,91,97,73,77,98,70,66,105,69,72,104,73,59,109,71,61,192,150,107,175,155,102,178,156,93,196,155,100,194,143,107,188,147,112,100,71,58,101,69,62,111,75,69,105,90,59,105,72,77,100,70,68,103,88,64,99,74,76,107,74,73,102,83,67,193,146,99,174,157,115,186,143,110,184,149,97,187,146,104,182,153,105,112,86,55,104,89,73,110,86,68,100,88,53,113,75,75,108,92,69,103,84,56,101,89,77,114,90,73,102,88,57,191,149,115,179,146,110,187,146,96,192,133,107,183,133,103,185,135,96,115,79,77,104,79,56,94,83,62,112,88,70,96,85,69,105,92,72,105,71,55,104,85,69,112,68,55,108,70,76,29,27,17,191,147,93,175,156,98,186,149,99,193,136,104,37,25,18,113,76,58,94,80,54,104,88,55,117,71,65,112,92,68,106,87,53,103,76,60,103,92,57,105,85,57,116,92,55,32,22,35,187,135,111,196,133,115,177,154,100,178,148,115,16,14,35,108,75,57,103,82,64,112,72,56,98,75,54,99,77,69,112,86,77,113,69,63,106,90,61,99,70,67,97,92,55,196,134,113,193,141,105,179,157,95,175,149,115,185,157,116,187,133,113,95,86,70,108,85,59,104,68,74,103,77,62,104,87,59,96,85,56,100,71,57,104,77,67,93,86,71,108,74,61,176,140,104,193,133,103,21,35,13,27,26,21,197,148,96,193,150,114,105,90,57,113,86,61,99,81,70,115,71,59,95,77,63,85,157,102,87,150,103,78,157,97,177,157,93,187,157,110,181,156,104,194,149,101,183,150,102,174,138,97,178,147,116,188,145,114,173,137,96,190,134,106,102,146,98,82,143,88,92,151,89,102,156,106,87,141,91,89,136,105,96,134,95,187,148,102,193,137,95,196,133,117,190,139,93,186,139,116,181,142,99,196,148,96,173,154,114,94,141,88,88,147,106,89,141,88,85,147,90,88,139,105,86,151,97,82,142,99,91,149,102,94,153,103,101,139,88,178,143,117,180,143,93,178,138,107,187,141,113,90,153,101,78,139,90,94,141,98,81,140,98,78,143,99,93,154,105,93,156,93,82,138,88,80,154,103,99,138,106,79,134,106,87,133,103,82,139,104,86,137,84,84,140,104,95,148,103,84,150,92,89,157,89,89,134,84,82,136,93,99,156,96,85,150,89,90,145,96,96,141,103,102,139,96,88,149,95,101,152,92,97,135,102,96,148,100,100,143,105,81,140,105,98,142,92,88,156,93,85,155,88,97,145,98,93,139,98,88,151,92,82,150,89
1,80,149,103,95,149,104,90,136,95,91,145,90,85,142,88,94,134,102,80,136,93,86,156,86,90,149,88,87,152,97,92,133,107,89,154,91,99,151,86,80,154,104,86,134,96,89,153,91,93,145,94,81,138,96,93,154,103,98,156,91,97,133,97,89,140,94,81,139,99,85,141,94,91,138,101,84,140,92,99,152,93,91,143,86,88,155,100,82,137,105,84,134,102,87,148,95,79,143,101,91,147,96,101,144,104,102,146,85,83,141,101,95,154,89,180,157,102,181,136,102,185,148,111,185,151,116,101,157,89,94,151,87,89,154,88,97,136,92,98,152,90,93,139,107,88,153,103,99,138,102,79,149,90,80,157,106,175,155,105,195,154,109,186,147,115,181,141,117,187,149,106,189,147,99,177,133,107,175,150,95,81,145,102,86,141,86,99,150,87,90,157,102,108,89,55,109,90,77,107,89,54,115,71,63,100,91,71,190,154,107,181,133,104,197,141,95,191,135,111,197,151,111,182,155,115,112,85,73,103,89,56,96,83,62,98,80,55,102,72,57,107,77,53,102,79,55,98,73,69,114,78,69,111,88,77,179,153,107,173,150,96,174,156,100,184,147,114,181,140,95,190,151,96,94,68,62,113,86,58,101,80,54,117,71,57,110,88,64,101,89,73,111,86,76,113,82,58,105,92,60,96,88,63,174,149,95,173,150,106,186,147,94,181,154,117,177,156,111,184,154,107,112,68,59,103,76,74,94,80,61,97,91,73,109,73,60,104,86,69,101,85,69,108,80,72,114,70,70,115,81,62,37,29,35,182,135,98,175,137,100,182,151,105,174,144,112,33,19,37,108,69,75,105,72,67,97,75,63,97,80,61,115,74,65,95,71,60,109,85,68,94,90,63,108,71,66,98,87,69,21,28,36,184,142,109,188,134,116,174,151,106,181,146,96,21,25,31,112,76,69,100,84,73,104,80,76,94,71,66,106,84,63,110,92,66,107,82,69,112,78,60,116,72,62,112,82,77,183,139,112,179,134,100,193,145,95,192,151,111,179,137,105,196,133,100,110,90,76,105,71,73,104,91,67,113,77,57,116,74,65,110,74,67,116,84,53,114,74,67,95,82,55,110,81,63,190,150,93,187,142,105,16,35,17,14,21,26,183,142,103,185,143,106,105,75,75,105,91,77,99,80,59,115,85,74,117,71,59,97,137,104,82,138,89,79,142,107,178,136,94,180,148,112,196,151,110,178,133,102,193,150,107,191,155,116,179,148,116,174,157,95,178,140,99,183,157,107,100,151,106,84,156,98,98,148,105,101,144,102,78,135,88,97,137,101,99,152,87,192,137,93,175,140,99,187,133,116,182,143,108,181,155,93,194,150,103,174,156,108,195,142,112,98,135,85,85,152,87,95,137,89,91,151,96,101,142,102,85,150,87,102,146,100,85,135,90,95,133,105,78,155,104,179,140,110,179,140,106,196,147,116,197,139,115,90,135,92,101,134,92,93,154,96,80,152,92,89,146,85,99,156,93,95,136,99,81,153,85,78,145,105,97,152,92,99,137,101,83,138,90,80,156,102,93,156,99,96,155,93,100,154,99,96,139,103,98,137,84,80,134,104,95,152,99,100,135,83,93,138,90,82,156,87,98,154,98,87,156,97,94,140,84,80,152,107,87,141,86,78,149,100,84,142,107,86,141,87,88,140,98,87,137,91,97,157,92,80,148,99,88,150,91,93,156,98,79,137,89
1,96,137,99,99,153,89,80,134,102,80,144,97,80,152,85,78,142,103,85,156,101,92,157,101,100,138,90,87,135,83,99,156,87,87,137,94,79,143,102,99,145,89,81,134,95,102,138,96,95,142,92,80,150,97,92,146,104,95,152,96,80,155,98,91,153,100,92,155,88,96,146,87,101,133,92,83,157,101,93,144,105,95,153,85,79,135,105,87,135,84,101,133,99,101,137,94,96,153,88,84,134,95,89,136,86,93,146,100,83,143,86,88,137,99,189,133,94,182,152,106,173,144,101,186,151,93,89,134,99,87,153,103,96,156,93,99,135,98,101,133,91,82,134,107,87,148,89,78,149,97,95,150,97,88,137,95,180,138,98,196,149,101,182,136,100,180,154,99,183,150,113,174,138,114,175,134,99,188,156,108,78,133,87,85,139,93,95,137,89,88,133,96,98,82,62,114,70,76,104,83,54,109,84,59,98,84,65,174,141,96,185,136,102,180,143,101,180,155,102,191,136,115,197,153,115,109,86,57,102,79,74,103,82,76,102,88,66,113,77,76,100,74,60,94,76,53,99,69,74,114,90,63,110,92,55,189,136,104,194,149,104,180,143,93,186,137,112,177,144,110,194,134,116,116,87,72,101,87,55,111,88,77,101,92,60,107,74,60,99,70,58,112,74,75,109,80,76,104,78,65,117,85,63,194,134,98,177,133,113,190,133,104,179,150,115,182,157,108,194,154,111,115,72,67,112,79,55,99,73,77,116,76,65,103,70,70,99,89,64,112,71,61,106,71,73,98,69,56,116,76,54,36,27,31,189,140,101,173,133,107,187,135,114,193,146,113,14,16,36,93,85,76,116,75,77,96,82,60,102,87,76,111,81,59,98,71,64,104,75,73,117,75,72,107,78,59,96,83,63,17,30,25,176,138,114,178,141,93,193,154,94,174,137,103,31,19,28,115,78,70,95,85,60,103,69,73,94,73,57,110,83,76,101,68,74,109,86,68,104,88,68,115,84,76,101,72,60,184,135,113,190,154,94,195,138,106,182,138,96,193,142,111,177,150,115,109,77,55,105,91,60,115,76,62,108,82,73,111,73,68,113,87,66,112,91,59,112,89,57,93,79,64,95,79,76,193,147,93,181,144,115,19,36,36,20,13,22,180,141,112,181,150,96,104,86,70,109,72,75,105,84,68,102,77,60,100,89,68,84,136,91,98,133,87,97,133,90,173,134,110,176,154,93,180,152,95,175,136,113,182,133,108,184,144,111,187,150,106,178,135,106,179,141,109,182,156,116,87,140,84,88,139,92,86,157,103,93,143,94,78,149,87,85,150,87,94,153,100,190,136,105,175,140,107,193,135,111,183,154,109,190,157,93,188,140,97,188,136,102,185,140,104,88,142,87,95,142,96,94,146,89,102,153,105,102,150,97,83,134,89,83,139,99,85,157,87,102,137,98,79,142,102,181,140,97,188,155,102,173,138,105,184,143,110,88,152,88,86,144,100,79,138,90,101,156,90,81,133,99,81,149,94,98,141,106,95,156,83,88,156,104,80,141,90,99,149,99,100,138,98,85,148,103,102,141,101,79,151,101,86,154,91,93,135,100,98,157,85,101,139,87,87,157,84,91,137,85,101,142,96,81,140,89,89,141,97,84,156,90,93,134,88,102,143,93,89,157,107,100,145,89,87,153,100,81,141,86,98,144,97,92,154,86,95,134,106,92,141,101,82,137,107,99,153,89,97,146,96
1,89,137,100,98,144,105,81,153,91,81,151,83,94,157,88,102,147,91,88,154,97,86,144,96,89,151,103,102,152,87,89,133,98,91,139,90,93,155,90,91,142,107,84,144,107,85,148,86,83,136,92,90,140,84,93,134,103,79,152,93,94,139,83,86,138,107,102,150,95,84,137,90,80,134,88,90,144,105,88,148,92,93,141,104,87,152,89,90,145,98,85,143,87,81,145,83,94,140,92,79,138,99,96,147,91,102,133,102,84,157,104,96,139,91,192,155,115,185,141,108,192,139,104,180,152,115,88,145,88,81,156,93,87,137,105,91,137,96,92,135,99,95,152,103,83,146,106,93,134,85,84,146,85,96,135,96,185,147,100,178,137,96,195,156,113,187,153,117,187,144,111,181,135,102,181,148,108,196,138,93,102,141,93,85,140,97,101,145,101,92,152,86,115,81,57,107,80,57,101,75,71,106,89,54,117,80,60,174,134,107,191,149,98,179,155,99,193,157,116,190,151,95,188,149,108,117,74,74,113,79,66,100,87,58,95,71,69,107,85,77,96,91,65,97,80,73,111,84,68,107,75,63,116,89,56,174,144,114,193,152,107,179,142,102,197,146,109,183,133,94,192,142,107,112,89,61,107,92,74,117,86,58,111,75,73,105,92,73,96,80,66,97,91,75,112,69,70,107,86,57,111,80,70,185,140,113,186,156,116,188,147,106,180,152,105,185,140,104,177,148,100,105,68,53,107,79,64,93,76,53,113,85,61,96,90,59,109,75,77,109,86,54,96,70,67,103,72,70,113,72,53,33,28,32,173,148,108,193,151,114,189,156,116,190,154,105,16,29,18,104,81,75,95,81,66,101,69,58,110,88,53,97,85,53,97,73,58,114,77,62,105,81,55,115,81,63,95,83,75,24,30,26,185,146,98,185,144,108,174,142,99,190,149,99,19,37,31,98,74,74,116,84,61,93,87,71,115,71,58,117,80,72,95,82,65,117,76,71,110,79,67,107,77,58,107,74,63,191,150,101,174,154,114,194,147,93,196,143,102,187,137,94,197,152,97,106,76,65,115,78,57,111,81,67,115,87,61,108,71,69,112,70,75,106,81,70,94,83,60,115,71,76,94,68,55,187,151,108,188,145,105,34,14,14,18,18,13,173,153,100,195,155,106,102,92,57,99,84,58,97,75,63,103,73,57,93,87,62,81,138,91,88,153,105,90,138,103,193,136,97,196,133,98,184,141,113,173,151,101,176,135,99,191,145,103,181,144,98,183,155,103,176,147,117,185,143,106,100,152,100,85,146,92,97,143,83,97,153,88,91,137,99,97,148,94,99,148,87,174,156,114,196,139,115,176,142,115,179,133,105,176,142,100,178,149,109,184,149,111,192,142,107,79,152,104,96,133,96,97,151,106,101,150,86,95,151,87,85,148,85,79,141,92,96,134,98,81,154,86,85,154,96,181,146,110,192,134,105,195,150,109,187,149,103,95,133,89,97,136,87,98,147,98,97,134,93,84,154,100,101,148,93,80,156,105,94,155,102,88,139,106,102,141,88,96,147,103,79,140,101,101,147,106,102,148,89,85,149,83,78,141,85,86,154,89,83,153,107,100,146,106,99,153,102,87,153,92,81,133,91,102,137,89,82,133,84,100,154,100,90,144,100,90,138,105,100,139,90,86,150,98,94,135,102,85,142,88,80,135,92,92,153,92,90,147,93,93,140,88,100,143,85,100,153,91,81,143,96
1,80,147,89,80,138,91,85,137,86,101,151,97,96,137,91,93,155,105,90,136,97,86,134,90,88,153,105,84,155,84,79,157,93,90,149,91,81,147,87,93,139,91,79,145,101,93,143,91,81,140,107,83,145,89,100,155,83,99,136,93,79,150,103,102,151,87,82,152,99,84,134,101,82,137,85,102,140,89,92,133,91,99,143,105,79,139,103,94,146,83,93,138,102,87,139,84,91,137,99,92,139,107,86,143,86,82,151,94,81,152,97,99,154,87,190,156,103,183,150,105,188,152,116,180,136,105,79,153,87,93,149,96,84,156,105,87,150,97,91,157,94,101,145,106,81,137,99,79,146,102,89,143,107,83,136,86,174,155,112,197,143,99,175,145,96,183,145,105,188,155,110,194,143,112,187,157,96,179,141,95,81,137,102,82,153,100,99,149,85,78,141,88,99,85,73,114,78,73,98,76,67,112,80,63,115,79,62,184,134,109,183,143,101,190,149,103,192,149,113,197,155,94,185,151,94,102,75,71,110,83,69,109,85,72,111,86,62,112,88,70,102,92,61,93,80,54,97,80,71,117,69,71,113,79,72,182,134,104,194,153,97,176,151,109,191,152,93,178,133,117,188,147,108,99,69,70,109,70,63,100,68,58,111,75,59,99,80,67,107,69,64,97,86,68,111,72,64,100,85,62,96,90,77,177,155,107,191,153,96,180,137,104,180,140,97,195,144,109,197,150,109,101,92,73,117,90,53,102,92,55,106,73,68,101,73,57,96,72,74,96,70,76,117,78,62,113,76,62,113,84,77,24,13,17,194,142,117,186,155,95,173,154,115,175,145,110,15,13,28,96,75,68,108,89,71,116,83,60,93,87,73,113,78,56,115,77,73,105,68,67,99,83,58,94,77,54,100,88,58,34,22,13,182,142,93,176,138,95,187,150,103,186,155,113,19,33,37,102,74,65,95,76,63,104,69,55,98,87,53,101,75,55,98,84,66,110,81,66,107,82,64,105,77,65,112,84,77,194,139,105,180,139,117,177,134,111,182,149,116,176,146,109,184,139,95,111,86,74,112,68,75,109,83,54,95,92,62,105,71,69,108,69,73,115,73,68,115,75,72,97,76,65,107,85,77,180,135,102,195,145,101,18,23,37,13,29,29,196,138,100,177,157,101,113,74,72,106,86,66,113,91,62,115,89,67,114,83,59,82,140,98,83,141,101,100,155,88,192,138,113,175,140,100,177,142,93,185,135,109,185,154,112,193,142,105,173,144,105,191,137,107,181,144,93,184,156,115,91,152,94,99,149,88,90,135,96,101,151,86,84,141,90,98,157,99,99,157,85,177,157,103,190,134,98,183,145,98,175,152,107,181,148,106,174,142,116,182,134,102,177,141,96,87,137,105,99,146,93,90,137,96,80,145,84,86,145,92,85,133,106,78,147,88,87,147,95,90,155,83,89,157,105,179,135,99,192,155,108,197,149,99,187,142,108,90,145,106,97,140,98,93,156,98,83,142,107,101,138,91,83,148,99,87,155,85,83,150,104,93,153,96,102,136,87,102,156,99,82,146,86,83,141,105,96,152,100,92,147,102,96,152,92,99,149,85,96,142,105,79,146,105,95,136,88,92,144,95,80,156,83,87,134,100,91,148,89,82,143,99,90,149,91,94,135,83,90,138,91,92,135,95,89,145,102,84,153,107,100,150,106,91,143,85,83,133,93,86,136,94,82,149,83,101,148,99,91,157,92
1,92,157,98,78,136,96,96,145,87,78,156,87,99,140,89,90,137,98,78,145,94,102,140,104,95,135,89,93,150,101,88,145,105,82,139,93,87,140,94,98,135,88,96,133,92,89,150,101,91,140,105,95,144,102,89,137,92,79,143,84,79,141,93,80,156,83,101,145,103,90,157,96,78,144,100,94,134,101,88,151,88,98,141,89,96,153,103,94,135,93,94,153,99,85,138,87,89,148,84,83,136,86,91,150,106,90,145,104,79,138,100,97,154,105,178,149,95,181,152,109,192,145,104,186,154,111,99,136,105,93,150,86,102,144,91,99,157,100,100,139,95,80,156,107,80,143,90,95,140,90,90,145,107,98,157,92,182,151,99,182,147,115,182,140,94,180,142,113,177,146,107,190,156,117,181,143,105,186,156,95,81,157,93,89,145,100,98,135,96,78,152,95,102,89,54,104,82,69,108,81,66,93,92,77,116,70,68,190,138,114,192,145,96,182,156,113,188,140,93,187,142,110,196,133,97,107,87,68,116,90,75,97,83,59,93,71,71,112,81,72,111,77,65,104,72,56,108,77,64,113,80,63,110,86,75,190,150,101,179,150,106,190,142,102,180,155,110,173,154,105,189,141,96,102,79,67,111,79,64,116,91,67,99,85,55,103,88,66,115,82,71,112,83,73,97,84,55,104,81,55,99,88,53,177,153,100,178,148,105,179,152,95,185,155,113,197,152,102,197,152,108,99,92,71,107,80,69,107,89,75,105,79,71,106,77,68,96,85,55,114,83,64,100,76,54,111,81,56,113,86,73,32,27,37,193,144,96,175,148,103,186,139,102,181,134,106,14,17,16,94,86,56,105,73,66,112,81,72,106,83,58,117,92,67,109,90,60,99,73,58,105,74,68,99,70,71,106,84,58,22,19,26,191,149,95,197,137,94,174,146,108,190,155,112,27,18,26,107,71,64,106,86,55,113,77,76,115,82,53,95,73,72,110,74,74,117,86,76,117,76,74,104,77,55,105,76,65,173,148,114,176,144,94,173,146,113,195,154,105,184,138,110,183,139,94,94,76,63,104,83,75,113,84,65,110,78,72,98,72,57,97,91,54,93,92,65,104,91,74,112,83,73,107,77,73,176,142,101,177,153,94,15,29,34,13,19,22,177,133,115,185,156,110,107,73,55,108,68,61,116,81,66,109,83,73,93,89,75,99,150,86,93,152,95,82,136,85,186,148,96,177,140,94,181,145,115,183,149,100,185,144,112,192,150,93,196,156,114,193,156,96,186,154,106,184,150,114,81,140,96,91,155,88,83,157,87,79,150,95,80,154,83,82,136,90,78,155,105,184,133,111,185,140,112,191,141,108,190,139,102,189,150,95,195,141,105,173,157,114,197,150,97,86,155,97,87,133,106,92,151,105,87,139,92,87,142,86,99,147,94,90,146,95,80,152,95,83,135,90,83,140,101,178,152,104,173,136,114,191,148,105,175,134,117,84,137,86,90,143,99,100,133,100,92,137,95,99,148,104,79,155,93,99,135,106,81,152,90,94,150,89,99,134,102,78,141,93,98,149,85,90,154,98,83,152,85,97,140,83,86,137,107,79,135,100,89,151,84,102,144,88,93,140,86,80,157,100,92,145,94,91,148,88,83,141,86,83,149,95,88,156,83,100,140,99,87,136,84,81,154,101,89,151,102,98,155,88,83,138,91,96,138,105,86,141,91,78,155,106,90,146,85,89,151,103,83,155,87
1,82,134,101,93,145,105,99,141,100,90,135,100,84,156,100,83,144,93,100,151,86,87,140,88,80,136,105,93,138,91,89,145,106,79,157,94,80,149,88,79,149,103,79,150,96,81,147,99,78,149,98,81,139,93,85,149,105,87,147,89,82,141,87,79,155,94,92,134,106,85,146,94,96,157,94,96,138,93,93,133,98,101,138,98,98,156,101,83,152,83,100,141,105,91,156,101,101,152,100,102,135,85,101,147,87,80,153,90,93,134,88,100,146,106,175,145,108,175,145,115,188,138,108,174,137,97,101,142,85,79,138,96,83,136,83,95,139,83,95,139,88,78,157,101,80,142,105,85,153,86,96,140,100,86,135,93,180,135,114,175,155,109,192,138,100,174,148,100,175,140,111,187,137,111,190,149,108,178,149,107,92,135,89,101,134,92,82,140,99,93,154,95,109,68,76,111,68,53,116,83,74,116,82,72,106,77,58,195,147,107,196,134,112,187,149,104,177,144,100,197,151,112,175,139,109,103,77,55,100,71,75,107,88,73,101,76,70,114,88,63,115,71,71,104,76,61,98,89,60,99,76,61,94,73,64,195,150,113,189,144,103,175,133,109,189,152,97,193,136,107,176,133,109,114,82,61,110,78,60,95,78,72,113,91,72,106,77,74,105,90,53,110,91,67,114,72,63,101,83,68,108,78,60,189,157,110,176,156,107,186,150,100,184,139,97,181,148,109,175,155,96,93,89,56,106,72,56,112,84,71,108,76,77,102,81,71,117,74,55,106,85,75,95,90,64,114,89,55,105,77,72,16,35,32,173,148,94,193,141,101,183,136,112,195,145,102,31,18,20,116,68,65,115,81,55,112,68,56,108,88,61,109,77,58,103,73,61,106,82,56,112,74,54,105,90,73,102,83,59,35,31,13,197,149,108,184,139,103,190,153,111,190,139,98,36,21,19,103,89,72,116,79,56,100,74,60,95,90,66,116,87,64,101,74,57,100,73,61,106,86,60,104,79,56,106,87,68,190,149,99,194,148,108,188,138,117,174,142,100,191,148,96,189,149,110,114,76,57,107,71,76,105,91,72,106,78,66,102,79,64,116,74,72,98,84,61,93,74,61,108,81,72,105,77,76,184,155,101,182,133,106,25,29,32,31,36,22,177,143,99,178,149,99,105,86,60,93,88,70,93,70,56,113,89,70,108,73,56,98,139,101,95,156,89,101,133,88,174,155,93,184,146,113,193,143,107,178,154,99,190,146,114,176,146,116,174,135,110,186,135,111,176,140,117,196,157,106,99,141,84,100,146,101,88,150,84,89,156,85,94,142,84,87,153,98,93,140,94,174,140,96,189,149,102,191,147,102,175,145,100,178,138,109,183,144,106,180,140,106,186,154,93,83,140,93,82,156,85,93,153,101,99,137,86,81,150,88,95,151,85,85,133,105,88,135,83,82,147,85,97,133,94,193,149,95,181,147,113,191,146,114,174,155,103,90,137,90,84,134,101,86,147,101,101,155,97,90,149,99,88,156,91,84,141,103,90,141,93,94,137,102,88,141,95,84,148,89,85,140,83,79,140,106,78,141,97,81,145,104,90,137,90,87,153,88,89,140,106,98,134,86,82,153,99,98,135,101,87,133,107,78,136,85,82,151,94,82,134,98,99,156,99,81,150,98,101,154,92,81,142,95,89,146,96,98,140,97,79,148,84,98,141,107,100,140,103,99,148,89,102,147,105,89,135,91,85,144,90
1,88,144,106,86,146,106,83,137,87,99,150,105,87,147,107,90,145,84,79,152,98,87,157,101,78,151,85,98,137,95,81,152,90,89,150,86,89,136,92,81,150,94,97,142,84,79,142,99,97,145,93,91,133,100,86,145,101,89,141,104,86,152,93,90,156,105,96,147,97,89,144,96,102,135,88,85,142,83,79,135,107,100,143,87,83,152,83,87,133,103,80,144,83,93,146,88,96,155,91,83,133,86,82,156,86,92,137,107,83,134,101,87,140,91,178,138,93,189,137,102,175,154,112,190,153,104,92,147,106,94,148,89,87,136,104,100,140,97,82,139,84,100,155,97,85,143,98,81,153,89,90,156,85,94,147,97,181,151,108,189,151,104,179,156,114,184,138,103,190,143,100,183,143,113,196,152,111,183,136,103,86,136,92,85,146,84,87,140,100,93,137,92,100,68,70,109,77,70,117,80,76,94,81,61,113,71,62,182,156,97,184,156,115,174,151,114,185,151,99,180,157,108,183,155,108,111,89,54,96,78,64,93,84,70,93,81,59,111,78,69,102,78,61,104,68,73,103,90,74,113,73,72,105,79,60,188,134,101,188,146,116,189,134,112,190,144,105,190,140,103,174,144,96,109,75,61,102,68,58,107,79,64,101,88,68,114,69,56,101,73,71,103,68,60,113,74,66,111,75,65,110,75,62,174,137,96,176,133,101,184,142,117,191,149,94,193,153,117,193,142,105,93,80,64,99,77,73,111,74,53,112,81,66,106,74,62,112,71,66,105,69,64,116,78,68,107,74,76,111,69,61,24,23,33,182,139,106,178,140,99,175,152,113,179,135,115,17,34,15,115,69,70,96,71,74,94,74,70,108,83,59,116,85,53,94,82,76,108,85,72,109,71,71,115,80,70,117,82,53,35,26,25,186,149,114,189,142,99,179,135,106,183,134,112,30,19,20,110,70,74,98,83,57,102,87,76,94,71,61,94,79,62,99,87,60,101,80,72,109,87,69,101,83,74,100,84,62,180,151,103,179,148,98,184,156,109,173,135,103,197,140,114,184,149,102,111,81,57,93,69,59,98,75,54,98,68,56,116,87,57,105,89,70,105,69,56,108,75,69,104,78,75,104,79,64,174,144,96,193,150,95,35,27,34,25,15,22,178,145,106,177,142,102,100,81,68,108,92,75,93,76,73,117,90,55,95,68,69,79,134,103,83,153,95,86,152,86,179,143,114,191,148,101,189,151,104,185,141,97,184,137,108,183,156,99,175,147,108,197,151,95,173,144,117,180,147,98,89,146,94,90,140,89,93,139,91,84,142,100,95,152,85,97,134,83,102,157,83,173,138,101,178,133,95,177,147,107,185,133,105,185,137,104,194,151,104,197,148,110,188,142,102,81,136,87,101,149,92,94,142,88,80,148,106,83,148,91,102,153,87,80,155,102,86,134,104,101,142,98,95,156,101,194,135,99,186,148,96,186,135,113,186,149,102,102,151,104,94,153,106,96,152,103,80,153,87,90,140,105,94,155,87,92,152,92,80,142,94,98,144,83,96,147,90,102,139,89,79,152,99,93,134,90,94,138,105,86,138,101,95,144,106,82,148,84,87,152,97,98,154,90,86,142,92,90,139,104,87,145,91,93,141,101,91,143,101,81,140,86,80,133,85,102,144,87,83,156,85,98,149,85,89,157,101,89,150,100,80,138,89,91,156,100,94,146,95,79,149,104,95,138,90,82,140,94,81,135,90
1,99,151,93,100,138,88,88,156,91,96,154,92,89,147,83,84,135,98,90,150,104,81,134,85,102,153,89,83,141,98,79,148,89,79,149,86,87,135,91,83,140,97,89,147,91,100,143,104,86,157,94,98,136,97,102,140,107,98,139,83,80,146,93,100,141,99,92,145,94,92,149,85,89,156,101,80,146,95,89,143,103,99,135,97,82,150,95,86,137,85,102,139,96,79,136,98,80,142,98,83,138,104,82,152,105,87,143,89,81,151,95,100,143,85,185,142,102,176,150,114,173,143,101,173,133,109,88,156,90,94,156,83,99,154,102,86,157,88,78,157,97,102,152,95,100,136,105,97,151,84,98,152,97,96,150,101,186,143,116,191,155,95,180,136,96,190,148,93,194,149,107,189,156,95,183,147,101,195,151,114,81,146,98,80,146,93,91,148,84,99,151,99,106,81,68,110,85,63,96,91,66,110,73,53,99,85,64,177,153,109,184,147,112,182,134,95,183,142,115,175,154,104,173,145,109,111,85,63,95,71,70,110,88,55,95,80,74,117,83,70,108,74,61,109,69,70,117,78,56,115,76,72,105,81,67,184,147,114,176,155,105,191,143,102,173,137,99,176,139,117,196,142,98,114,80,70,99,87,73,117,89,65,111,87,64,107,71,60,113,88,72,104,82,53,94,71,66,110,77,64,95,88,57,178,156,101,193,134,98,180,149,117,187,150,112,194,139,94,179,150,96,102,91,67,105,69,61,93,86,65,115,73,76,106,72,71,98,72,64,117,86,75,104,74,67,106,73,56,93,91,71,30,24,19,178,155,107,177,147,97,174,146,105,187,144,101,31,33,13,104,86,68,99,68,60,107,78,74,100,83,77,101,79,75,94,84,77,115,84,59,93,90,65,110,72,71,101,84,56,27,14,21,191,155,106,188,137,111,182,137,107,196,152,117,15,31,15,106,74,67,115,87,69,117,68,54,101,92,67,97,68,58,115,91,69,110,85,75,98,74,71,107,86,68,93,92,70,187,148,94,175,143,114,178,156,102,194,138,101,182,140,95,174,137,112,111,74,57,96,68,59,105,83,73,101,69,54,111,73,76,103,92,74,116,76,57,108,68,71,109,74,56,115,84,56,190,134,100,197,141,99,13,27,16,22,30,30,193,139,94,183,156,102,104,68,70,97,83,73,104,89,72,110,90,65,109,79,70,81,152,98,86,149,100,99,155,92,186,153,107,181,150,97,178,139,98,190,145,101,178,143,93,182,146,101,187,135,115,196,155,108,182,137,105,184,150,110,87,134,96,91,135,87,86,144,83,80,135,96,99,134,86,83,153,91,100,136,100,176,136,115,186,134,107,185,138,116,176,133,111,185,152,113,196,138,106,196,138,95,185,150,101,93,138,106,78,138,84,90,139,85,87,135,84,96,137,91,86,139,88,96,144,106,87,133,104,89,146,99,100,145,92,177,151,105,196,136,115,188,138,117,181,157,107,82,148,104,84,135,99,95,151,98,79,146,84,87,141,95,82,133,89,92,142,92,101,144,98,80,151,102,80,154,96,99,148,89,87,155,87,98,135,91,82,135,86,86,133,97,98,150,107,80,140,96,99,145,92,97,137,101,78,148,84,84,149,90,96,142,88,92,136,106,85,156,91,82,142,98,79,146,104,87,154,104,96,137,87,82,143,105,92,157,86,91,156,92,79,133,91,94,155,101,89,138,91,81,141,90,98,141,105,100,155,94,91,142,96
1,90,139,102,93,135,99,79,135,87,101,134,95,84,140,94,93,144,103,96,152,105,93,152,91,97,147,93,90,147,94,91,141,95,99,146,98,90,145,97,86,151,105,80,140,92,100,149,86,90,151,107,101,141,83,84,138,92,102,137,88,81,146,105,86,156,94,84,155,87,99,142,106,87,155,103,82,136,92,90,136,83,78,142,101,94,139,93,97,134,84,88,149,86,102,152,100,84,146,94,80,157,92,90,151,84,88,152,104,80,150,90,93,146,94,179,152,107,191,157,94,174,143,107,190,139,117,86,135,83,95,134,98,89,134,101,88,134,104,84,143,91,89,136,89,91,141,84,82,156,105,97,142,88,101,137,105,174,154,114,190,143,111,183,133,99,176,137,117,195,136,104,183,151,104,191,152,116,184,151,117,83,141,85,97,155,97,81,146,95,88,143,89,105,69,56,110,70,56,113,83,77,93,74,57,110,69,74,180,137,115,184,139,110,179,145,95,182,141,115,195,152,96,188,151,97,95,88,66,103,70,62,110,71,55,96,77,66,110,83,58,105,71,56,108,75,68,93,73,56,104,74,70,117,76,64,174,139,104,183,153,111,192,145,107,180,135,99,194,136,97,176,139,117,95,91,58,102,74,61,115,89,65,105,90,65,97,87,56,99,90,65,98,70,63,100,86,61,101,68,77,105,68,55,182,146,116,176,155,97,173,143,115,190,141,112,190,142,101,187,144,100,112,74,66,94,68,68,102,84,56,99,89,59,104,75,59,115,75,66,112,76,55,107,79,56,109,68,74,93,82,74,24,25,24,190,137,103,183,141,109,196,140,109,186,150,116,25,15,17,99,89,63,117,84,68,112,68,63,93,83,59,94,90,76,112,69,68,97,86,61,114,89,69,103,80,60,105,81,65,27,19,16,179,157,112,196,145,116,178,155,109,185,140,99,30,31,27,103,77,68,93,71,74,95,73,55,102,74,75,104,87,76,99,87,60,111,76,58,107,73,69,116,92,57,110,84,56,197,144,106,184,156,112,197,145,93,182,134,98,190,154,107,182,142,107,107,68,65,101,85,55,99,75,63,108,84,58,112,86,57,101,91,62,97,75,63,117,69,65,110,84,62,99,92,71,180,151,100,194,152,105,13,25,35,17,26,19,190,155,97,180,152,96,112,72,71,102,83,75,116,84,74,114,83,61,104,76,64,91,155,104,100,133,89,99,136,103,193,150,106,189,145,104,191,138,108,192,152,102,189,136,113,178,152,113,186,142,103,182,149,97,187,148,96,191,156,116,89,152,85,98,136,102,101,151,91,81,156,90,90,142,92,99,147,98,83,151,86,176,150,109,182,142,94,196,157,96,181,147,117,195,133,110,178,139,95,194,151,105,176,148,113,82,144,99,95,137,104,99,149,91,100,141,106,83,147,86,98,149,83,86,144,93,97,135,88,95,152,101,89,136,88,176,153,114,188,142,117,193,142,107,184,146,117,101,156,90,90,143,86,94,139,107,93,133,92,92,134,105,83,139,97,102,136,103,100,138,94,78,145,99,83,136,106,82,133,90,89,149,86,102,140,107,97,153,104,92,152,104,88,135,102,99,146,103,83,155,91,89,137,91,79,144,94,94,151,97,83,140,107,89,152,85,96,154,102,94,149,93,102,144,88,83,152,87,97,147,98,79,138,94,98,151,100,87,144,100,88,143,92,82,138,84,88,142,106,94,156,97,83,151,86,83,152,99,99,155,104
1,96,145,97,85,140,103,89,154,104,85,147,83,98,146,106,84,137,89,79,133,103,80,147,85,97,156,94,89,148,96,84,137,102,89,153,86,90,146,87,80,144,105,91,153,98,86,150,106,90,139,98,87,148,84,85,153,83,84,146,95,85,149,96,99,155,84,82,145,103,94,147,86,99,147,93,94,141,83,88,140,107,80,150,103,95,146,93,95,143,88,83,149,99,98,148,95,101,136,97,83,147,91,91,134,83,85,142,85,78,157,94,95,150,88,189,147,93,180,144,95,188,135,111,191,141,114,101,155,101,92,141,93,78,133,102,93,134,96,86,154,91,79,155,98,99,135,103,83,154,93,85,142,96,81,136,93,183,153,103,178,141,113,173,137,107,190,154,116,178,134,96,184,150,95,176,140,93,189,153,100,97,144,89,81,135,107,91,153,102,88,153,104,96,79,57,97,92,59,101,78,77,94,85,71,106,68,74,188,135,116,179,148,117,185,145,107,173,154,110,174,145,117,173,146,94,103,90,54,115,81,62,93,79,56,95,85,60,98,85,76,101,68,75,116,71,74,102,91,61,94,82,72,93,76,59,189,151,117,179,143,100,176,147,99,196,137,102,186,136,104,194,144,98,97,77,73,115,70,55,100,76,55,102,85,56,97,81,76,110,86,57,105,79,70,115,75,63,113,73,68,100,85,59,196,153,112,186,149,110,183,146,93,195,146,112,181,143,117,185,149,113,101,82,54,112,74,55,112,79,68,111,89,71,106,78,71,96,73,73,100,87,76,101,76,73,117,87,61,112,74,53,27,33,35,190,142,103,187,149,101,181,152,113,196,134,116,18,37,20,94,83,68,96,77,73,105,78,74,94,88,74,97,85,66,93,70,55,109,75,67,106,87,55,94,84,55,110,90,72,30,16,35,193,157,100,188,149,94,176,136,94,182,147,93,29,33,33,101,76,75,101,76,63,100,92,74,97,79,65,108,72,55,115,70,71,114,78,55,95,68,71,101,79,76,114,89,57,185,144,117,189,153,97,175,146,103,184,135,102,186,138,114,173,133,93,110,84,70,116,84,73,108,88,66,102,91,56,102,75,67,107,73,58,98,84,64,103,81,71,116,89,59,95,92,61,191,140,104,182,150,110,15,36,14,36,28,19,177,147,106,195,135,111,114,87,76,94,75,67,108,82,60,95,71,53,98,78,75,84,147,104,88,151,90,84,143,100,183,136,115,184,154,95,193,142,111,181,134,114,173,148,101,186,148,97,180,151,107,197,152,109,190,135,96,189,149,97,81,157,106,102,134,97,90,157,107,99,134,93,99,157,101,89,143,100,99,153,104,194,147,117,174,141,97,184,140,115,187,147,106,191,155,106,188,155,100,177,144,101,191,145,105,78,148,83,83,150,103,93,139,107,93,137,89,95,133,94,92,136,87,81,145,106,91,138,102,90,154,95,94,153,107,195,138,108,180,141,98,189,151,94,193,141,98,90,150,93,101,154,92,87,145,83,98,153,103,100,154,95,94,149,101,88,149,102,97,140,87,80,152,85,99,156,90,84,156,84,86,142,87,81,148,102,88,139,92,100,150,107,89,146,91,89,156,83,87,142,96,83,141,83,102,142,104,102,157,103,87,136,95,84,135,96,101,154,105,101,157,95,102,157,92,81,148,84,79,134,90,85,147,101,78,141,97,86,137,86,82,156,84,91,154,95,78,144,104,102,149,83,100,150,107,88,146,101,78,157,87
1,101,150,104,96,136,103,93,134,99,94,149,83,92,137,91,82,134,98,88,140,83,102,150,105,92,147,87,82,145,102,91,157,95,92,140,91,97,143,99,100,146,84,80,156,93,100,134,84,94,144,100,88,157,91,96,135,105,87,155,95,89,135,96,93,151,88,81,137,97,80,156,102,88,137,95,80,148,86,94,146,98,79,154,101,91,149,90,100,155,106,93,137,83,80,157,96,86,150,103,88,141,97,80,140,90,82,154,93,95,135,105,96,155,96,179,141,110,175,140,93,174,142,114,180,145,97,89,153,95,96,136,104,88,140,106,98,156,102,99,140,83,88,150,85,95,148,105,90,138,92,78,141,96,90,135,83,175,134,106,194,155,95,191,144,116,189,135,105,175,149,112,179,155,97,191,155,110,186,143,99,91,145,107,81,142,94,78,154,85,95,135,100,108,85,64,94,75,67,102,92,75,99,80,73,95,73,63,175,142,98,197,154,114,195,145,96,189,152,114,175,137,102,175,143,115,98,70,57,95,88,73,112,75,59,110,82,59,93,69,74,105,69,60,113,73,69,111,82,72,115,79,67,100,82,76,187,144,106,196,156,115,193,142,113,176,133,110,191,142,104,177,134,108,97,92,63,112,76,76,93,74,68,105,76,71,102,90,55,99,75,53,111,84,61,116,78,64,97,90,57,104,78,62,192,155,101,177,138,109,183,135,101,175,140,117,185,156,99,177,144,103,109,92,66,96,75,59,116,74,73,99,68,64,106,71,73,100,71,55,96,89,73,115,75,68,97,74,75,106,83,75,35,32,14,189,138,116,176,139,116,184,156,113,178,156,97,15,16,15,96,84,71,93,86,70,99,89,76,94,84,68,111,86,59,100,74,54,112,88,55,99,84,73,112,70,73,113,87,70,26,13,18,173,157,109,177,150,111,186,154,114,196,149,113,16,30,16,101,75,59,117,78,73,109,81,58,110,75,64,109,90,70,93,79,70,109,92,67,108,89,71,106,84,54,107,81,70,188,151,94,178,141,102,186,141,101,178,139,113,184,151,109,196,153,116,105,76,69,101,68,75,116,92,71,98,89,77,108,68,57,111,69,68,104,76,57,97,88,61,110,86,70,94,70,62,187,145,110,191,150,117,19,25,19,33,34,32,197,136,103,192,145,104,117,84,65,106,89,69,116,71,61,94,92,60,101,85,61,88,141,93,85,146,97,96,139,103,197,138,106,179,139,101,184,154,107,174,149,114,175,135,108,184,151,105,186,135,115,182,142,114,186,145,104,189,154,101,96,134,99,100,152,105,89,148,86,79,148,84,90,136,86,86,133,88,83,154,89,193,143,111,186,133,105,184,149,103,184,138,98,197,151,104,173,152,114,182,142,99,186,133,116,86,150,99,87,150,104,100,155,104,90,156,107,80,150,86,93,142,93,92,156,93,92,145,99,82,146,103,84,146,102,195,154,93,193,134,109,191,154,108,180,153,94,85,146,94,97,155,107,79,147,97,86,146,97,86,139,89,87,133,101,100,154,97,79,143,93,88,133,86,100,154,89,84,139,107,87,140,106,80,157,98,101,137,104,93,155,92,97,146,105,85,136,99,94,144,90,101,141,83,102,137,95,81,154,84,81,143,106,94,143,87,90,139,88,84,135,84,92,155,99,100,153,93,93,148,99,100,150,92,91,137,84,89,142,87,78,156,105,80,135,99,91,145,99,83,148,88,90,140,106,87,134,85,102,149,100
1,80,142,101,92,155,97,101,141,86,95,135,99,100,137,97,80,153,94,101,136,107,84,157,86,96,141,99,83,156,100,95,157,87,92,146,105,85,141,89,97,141,96,85,144,97,101,136,100,100,149,95,98,150,107,84,143,91,93,140,97,87,143,97,81,142,105,92,138,97,86,154,106,92,152,89,81,155,103,97,150,83,92,135,87,85,139,96,92,149,86,99,137,106,81,143,94,86,157,88,85,147,90,96,154,101,92,147,104,100,133,91,99,136,91,195,143,110,190,146,95,179,145,101,179,137,100,89,151,107,79,145,90,82,149,97,92,143,107,88,141,106,94,142,84,78,142,87,80,133,104,97,151,98,96,155,99,189,143,107,186,155,93,175,154,111,185,155,106,194,145,114,187,151,99,191,151,116,178,148,110,99,139,95,98,155,84,102,155,98,96,149,102,94,90,71,108,91,74,110,87,73,98,68,68,114,91,71,189,140,115,180,149,95,173,136,117,179,145,97,181,133,109,196,139,95,112,78,74,97,90,75,105,76,77,105,83,62,101,78,66,115,74,76,116,73,57,113,91,63,93,79,62,113,80,67,196,149,109,194,142,109,190,133,117,184,151,103,181,148,102,178,133,93,97,85,71,116,72,60,102,75,74,107,71,62,98,90,62,99,89,69,114,84,54,96,75,76,107,73,74,101,87,58,190,150,102,174,156,111,185,152,117,186,143,108,180,149,114,183,140,113,107,78,56,98,72,53,108,72,55,103,86,74,110,88,54,103,80,53,98,73,57,101,83,73,94,75,58,113,90,55,20,36,19,187,150,93,174,145,110,182,133,112,194,146,101,17,31,20,110,79,63,104,69,67,113,86,59,98,92,77,93,69,75,115,91,69,97,89,57,102,76,74,115,86,56,100,69,73,25,16,13,189,144,103,194,148,94,181,136,111,179,146,101,13,37,25,101,71,64,96,71,69,97,73,58,102,71,60,114,90,58,116,91,71,104,69,55,93,72,60,98,74,76,98,91,77,176,139,111,191,153,114,177,155,110,183,149,96,182,138,108,180,143,94,98,72,56,115,76,72,95,80,55,94,90,77,95,87,71,103,75,74,97,70,53,103,87,68,109,88,62,114,73,74,190,135,102,193,140,113,23,16,35,33,32,33,182,155,115,176,152,111,107,87,70,95,83,66,100,68,74,96,87,73,116,92,56,81,144,91,84,156,86,91,155,97,174,135,114,182,136,93,182,154,110,189,137,93,186,141,114,184,145,97,193,153,93,193,133,112,190,139,113,178,155,108,84,146,107,89,137,103,100,154,101,84,152,97,82,144,103,101,155,87,79,156,103,183,145,104,186,155,116,187,152,115,176,157,106,187,135,97,187,152,102,181,155,93,176,140,93,89,151,97,82,143,89,85,153,106,83,142,107,98,151,97,79,147,104,84,133,95,95,146,100,94,148,100,91,136,101,178,134,115,194,137,115,177,150,115,184,142,94,86,133,87,90,157,85,91,145,99,99,141,93,99,134,86,88,146,106,98,137,88,88,150,91,94,136,102,102,133,96,78,142,93,98,156,102,95,138,105,92,150,85,87,148,84,88,154,106,91,142,102,102,147,104,81,148,87,96,136,88,90,151,99,81,143,90,85,141,94,85,139,100,87,139,83,97,153,87,91,152,97,94,149,103,84,139,86,79,155,88,102,134,99,88,155,87,79,153,94,90,141,93,97,149,83,84,141,91,79,143,100,89,146,94
1,101,152,94,80,151,98,101,141,105,85,157,102,102,144,84,86,142,107,100,154,103,99,142,105,100,151,106,82,157,104,78,151,94,86,143,94,86,152,85,83,157,99,84,135,86,92,155,101,87,151,92,86,137,88,94,140,87,97,153,101,88,154,99,92,142,87,92,152,96,101,140,83,86,152,93,98,143,83,96,142,97,95,153,104,90,155,92,80,146,89,95,150,88,94,154,85,78,156,93,101,151,107,83,144,86,83,136,86,94,151,106,87,145,88,180,136,95,186,145,104,184,145,100,193,146,100,78,134,104,87,154,89,84,143,101,79,135,94,90,142,83,92,154,103,89,157,93,100,145,101,87,135,91,90,156,97,179,143,112,177,155,109,179,156,114,192,145,97,184,157,108,187,141,115,176,154,105,176,146,104,91,154,95,102,143,97,90,142,83,90,139,90,105,79,63,109,80,56,107,71,55,94,81,71,106,82,71,185,152,100,192,138,101,191,153,106,177,140,102,182,139,106,192,138,109,103,70,64,106,73,75,109,74,68,112,92,62,107,82,73,102,70,68,116,74,60,115,75,66,116,69,56,94,83,70,186,148,105,197,154,94,184,139,102,196,143,94,179,143,110,195,157,96,106,89,76,114,89,64,102,87,76,110,88,73,94,88,74,105,71,69,102,80,62,110,83,65,93,84,74,104,82,65,182,146,93,179,145,99,194,138,102,177,150,117,186,145,98,177,148,96,112,88,57,95,82,60,106,80,76,103,81,66,107,75,72,94,80,74,117,69,68,98,83,74,108,92,58,114,74,66,24,35,27,186,135,101,187,155,106,186,144,115,196,148,113,16,26,21,93,73,58,105,71,75,114,91,57,99,76,71,115,76,63,116,82,58,101,90,61,112,70,67,106,76,70,115,73,66,16,22,29,193,135,93,191,152,103,193,148,109,175,150,100,19,29,33,117,68,68,93,75,73,100,91,56,104,80,77,106,83,53,103,74,60,113,89,54,110,92,63,95,87,70,99,85,74,185,134,105,191,145,115,178,142,112,190,152,104,186,156,111,175,135,94,99,68,70,111,82,64,109,80,59,110,90,73,117,68,61,94,77,77,101,71,65,95,80,65,113,88,74,96,74,53,185,139,103,182,149,104,19,31,26,15,33,37,173,142,109,173,149,110,93,78,73,108,76,74,111,84,75,115,83,64,109,90,61,101,134,88,87,157,101,85,149,97,175,139,110,192,152,117,177,147,111,195,140,103,194,142,117,181,154,101,183,150,116,197,152,93,183,156,107,179,153,94,81,151,106,97,143,87,90,135,107,86,155,94,99,147,103,94,138,92,89,156,103,185,146,100,186,139,94,184,136,97,189,135,106,179,147,112,191,146,100,175,147,100,179,157,99,95,144,95,95,153,90,90,151,107,98,143,97,79,156,106,98,134,86,88,154,84,100,140,91,84,136,96,82,152,88,179,156,103,185,138,96,180,141,99,180,144,107,80,157,88,78,143,98,87,152,87,80,140,103,95,146,83,90,149,88,94,152,97,102,137,104,99,149,97,79,137,91,89,145,92,100,143,107,85,136,104,79,148,95,98,151,105,79,148,83,78,157,104,96,145,84,95,151,96,92,142,91,85,153,93,96,157,90,86,144,103,93,135,96,100,154,86,89,153,103,91,139,90,90,133,96,99,135,83,102,155,104,80,140,104,83,139,85,83,139,83,85,145,98,83,146,99,87,147,90,79,150,85,91,152,84
1,84,143,83,84,156,106,86,137,84,90,137,99,101,152,93,101,149,106,78,141,87,87,150,93,81,153,85,99,146,99,101,150,106,85,151,88,80,135,92,85,153,95,93,150,94,94,147,90,84,156,104,86,145,95,93,146,106,90,149,87,97,139,84,78,156,98,84,148,83,85,149,97,93,142,96,86,140,99,99,143,83,94,149,88,89,154,97,78,142,91,101,157,93,102,144,91,83,150,90,89,153,99,95,148,103,86,138,86,79,151,91,85,150,84,184,157,102,194,147,111,193,156,101,196,149,111,94,140,83,81,149,107,91,134,100,78,157,105,92,144,105,85,151,90,99,155,106,96,150,94,102,145,97,102,157,96,173,133,117,195,141,98,188,134,111,189,140,112,186,157,103,182,156,109,193,151,102,193,139,114,102,139,107,94,153,83,101,144,89,91,140,91,107,88,55,115,80,68,109,69,61,117,92,67,113,89,70,174,144,113,194,155,102,181,144,97,191,138,104,189,138,101,191,136,102,110,68,70,107,76,63,111,73,56,113,84,71,99,71,77,115,69,64,109,83,65,117,84,65,112,91,61,105,70,70,181,135,105,183,156,108,175,141,96,194,148,110,194,147,117,182,157,114,115,71,53,103,80,66,99,72,66,98,76,66,99,69,58,117,78,77,116,89,73,108,85,76,106,78,60,103,83,70,185,146,105,187,139,106,197,133,100,177,136,96,193,154,115,178,141,103,110,81,55,104,76,68,112,86,69,102,76,75,115,71,70,114,79,55,112,87,66,109,74,75,98,83,76,106,72,70,31,33,14,189,137,100,188,136,93,184,151,106,173,138,99,20,35,32,109,68,61,107,90,60,97,83,58,97,76,59,115,92,68,103,85,76,115,90,56,96,81,57,104,86,65,116,87,76,27,15,29,184,135,96,181,154,107,187,147,96,185,139,96,35,23,32,99,84,54,112,80,57,113,91,67,109,92,65,117,71,55,109,91,71,95,86,58,110,75,74,115,76,77,117,90,74,181,134,97,186,153,115,174,154,109,180,143,114,190,156,110,196,151,107,102,88,73,99,79,73,102,69,77,109,78,77,110,77,58,93,77,72,117,79,73,101,87,58,109,83,65,107,89,63,186,147,103,180,157,109,26,26,30,29,15,22,183,153,99,197,151,97,114,77,55,99,91,59,108,74,59,98,80,74,102,69,69,81,152,103,87,142,92,95,151,84,197,137,93,189,142,97,187,140,104,192,151,96,191,137,95,183,148,114,189,146,101,195,141,115,189,157,98,191,146,95,83,133,93,82,154,99,92,133,84,81,151,84,90,138,92,91,157,94,82,135,103,194,137,97,184,145,97,181,142,100,187,146,97,192,137,116,174,146,106,184,141,104,186,153,113,91,148,84,84,147,84,92,134,85,79,151,94,100,144,98,102,144,90,94,149,106,82,143,107,100,147,100,86,155,89,187,135,96,188,153,117,175,154,115,190,144,115,98,145,102,81,155,85,100,156,98,95,135,99,95,148,93,94,157,85,89,150,101,81,149,103,91,137,90,97,139,97,94,141,84,94,153,97,80,151,94,93,135,94,90,138,107,81,133,84,78,141,98,100,135,101,102,142,84,91,153,93,91,149,93,96,134,84,84,147,83,95,146,85,87,146,89,96,135,84,82,147,103,87,138,89,93,149,89,92,153,96,82,140,86,101,141,98,78,135,87,90,154,83,101,144,96,100,155,88,97,137,95,90,151,88
1,85,145,87,79,136,90,87,137,86,86,155,99,93,146,90,78,137,105,96,149,95,82,149,86,80,150,83,84,136,101,90,155,99,95,143,89,89,151,85,84,156,94,94,138,104,91,140,98,101,142,97,94,149,105,94,137,92,88,154,102,81,152,99,93,150,86,101,139,89,96,136,98,82,139,107,82,150,99,83,153,107,85,152,88,100,155,97,88,142,85,102,139,99,93,134,94,88,142,92,78,143,105,87,148,93,89,139,88,87,136,89,91,152,84,188,134,98,196,153,102,191,152,96,181,154,96,78,155,98,81,148,100,92,149,101,91,148,107,89,156,89,100,145,83,78,141,107,88,157,92,88,148,102,87,137,98,184,140,107,179,147,99,178,145,115,191,144,99,187,137,101,182,141,111,188,156,96,178,138,105,96,143,85,87,153,103,85,146,102,83,134,84,111,71,77,97,79,75,109,79,60,102,91,54,97,87,68,173,149,111,184,140,109,195,152,108,173,146,114,181,134,95,179,148,101,110,86,65,108,85,57,106,75,68,105,87,57,101,80,55,93,78,76,111,88,72,113,75,56,110,68,62,114,77,77,188,152,102,173,143,94,196,155,103,176,143,111,181,152,93,186,157,94,100,78,66,113,73,67,93,80,55,93,89,64,94,69,77,112,71,68,96,87,73,104,75,67,97,85,56,107,83,76,181,133,110,192,150,109,182,148,111,187,144,114,179,135,114,196,136,104,116,77,63,116,70,66,102,74,76,100,90,73,111,84,57,109,85,60,105,82,53,94,86,67,101,71,70,110,81,70,17,37,30,194,155,108,196,144,108,176,151,114,190,150,107,18,33,37,114,74,54,114,82,63,115,79,68,110,81,73,96,80,63,110,76,56,116,74,53,94,91,72,99,73,58,93,81,62,25,18,13,186,153,106,188,138,112,189,140,106,197,135,111,33,22,35,95,91,53,98,84,75,114,90,58,112,80,59,116,92,69,114,68,58,106,77,77,112,88,76,97,92,70,94,75,55,184,136,113,178,138,116,186,143,113,189,135,115,187,147,98,191,153,113,98,79,67,109,74,66,100,81,69,96,72,60,93,78,75,100,72,63,97,81,54,94,70,73,95,85,73,96,73,60,173,148,99,189,149,110,34,14,15,33,17,18,175,137,101,193,139,116,117,92,74,106,79,57,96,69,55,94,82,73,101,78,58,79,156,94,100,134,84,96,151,85,175,152,113,196,147,96,183,149,93,189,144,113,176,135,115,175,143,93,194,155,102,176,138,98,196,143,94,175,136,98,94,147,107,102,143,84,94,138,95,92,134,89,96,134,101,93,140,100,78,147,102,191,136,102,192,140,108,176,152,95,174,141,104,176,142,96,181,145,115,190,149,96,188,143,117,91,135,84,96,144,100,85,142,100,101,140,93,97,135,88,92,143,90,91,156,88,87,148,102,97,156,84,89,138,107,180,154,99,196,154,116,182,148,103,173,157,117,96,135,98,95,139,94,101,146,89,98,145,91,79,153,103,99,144,99,88,149,100,80,136,100,89,144,97,93,135,98,78,147,97,89,148,96,91,137,97,80,134,105,90,136,84,87,138,107,102,134,90,78,148,89,100,156,94,85,150,95,94,137,99,80,143,102,92,150,83,78,156,97,98,150,95,81,146,102,78,134,99,88,140,91,100,147,93,88,134,106,92,142,99,81,141,92,87,140,107,96,141,91,91,156,102,83,145,95,83,146,107,84,152,94
1,81,151,105,94,136,105,85,150,90,84,141,105,97,153,92,80,143,93,83,151,106,97,138,97,92,148,104,92,135,89,89,150,102,97,153,96,81,145,83,79,135,89,81,136,90,99,153,98,94,147,85,95,148,104,97,147,104,100,149,103,96,138,101,85,134,101,79,157,97,93,137,93,95,142,84,79,152,103,78,146,88,98,143,83,96,157,91,91,155,95,99,145,83,88,133,96,94,151,83,83,144,106,89,156,88,94,149,107,102,152,97,84,147,103,190,141,93,187,154,93,181,136,111,173,138,101,81,146,104,102,136,98,92,137,89,93,151,103,92,157,90,79,151,83,88,140,89,102,134,86,99,151,88,88,136,99,186,142,107,173,141,109,184,156,117,183,134,98,179,135,100,197,147,117,197,156,102,195,141,108,81,144,95,89,134,89,93,136,93,101,155,83,93,83,61,110,84,60,109,72,66,110,72,54,95,72,54,177,155,96,183,137,105,178,134,108,194,154,117,186,154,108,191,144,115,108,78,74,107,71,76,117,84,66,112,82,57,104,68,53,106,87,67,100,81,63,109,82,75,113,90,71,101,86,75,177,154,99,176,153,104,176,136,93,193,150,95,188,149,99,175,140,103,107,70,72,94,86,75,99,90,77,106,81,76,96,83,66,104,84,69,95,84,69,100,82,65,93,81,55,113,90,67,175,137,104,183,155,94,187,144,110,181,151,99,192,136,114,188,150,98,106,76,54,110,74,61,114,76,62,99,76,54,98,84,69,103,90,63,111,87,55,94,84,67,107,71,68,103,81,65,36,34,20,183,148,111,173,139,116,189,135,110,186,157,109,19,18,14,93,82,76,99,85,76,114,80,63,102,75,67,93,71,56,97,80,72,111,73,69,112,82,73,97,72,61,111,82,66,15,32,37,194,140,102,190,148,108,193,154,105,174,136,100,16,13,35,112,85,66,97,76,64,99,70,56,103,92,68,96,85,57,117,80,63,97,73,67,96,90,53,105,84,61,106,81,66,184,146,104,190,141,94,182,138,113,195,151,95,193,134,99,187,141,111,107,74,66,102,79,66,108,70,58,95,90,58,102,87,70,116,82,66,113,77,55,103,79,68,116,89,57,96,89,60,175,155,112,175,140,111,25,29,20,31,35,14,178,149,98,191,147,106,108,91,58,98,92,53,108,70,77,113,70,59,104,68,73,100,140,89,91,146,99,102,151,92,192,142,112,177,148,110,179,146,108,188,141,102,188,139,98,182,143,107,176,151,103,184,141,111,197,146,110,181,148,98,92,154,95,79,141,85,101,138,100,80,148,98,81,148,85,90,151,101,87,141,92,178,153,110,179,151,105,179,138,101,188,134,93,182,138,111,194,154,104,183,156,115,181,148,96,83,134,84,92,140,85,90,150,84,95,134,95,95,138,91,82,140,102,98,152,98,98,147,95,100,148,93,84,137,102,191,151,110,180,151,96,190,148,115,183,152,111,79,144,99,94,142,86,96,157,103,102,155,92,94,138,91,91,142,104,102,136,85,94,149,83,85,156,91,90,147,84,100,133,96,81,157,96,97,139,100,86,148,90,94,135,83,102,155,95,85,148,83,99,147,88,80,150,94,79,150,87,82,145,85,90,140,92,79,143,92,90,142,102,94,143,102,78,157,86,93,144,88,87,134,105,78,135,97,89,144,83,87,151,104,85,143,97,95,136,92,80,137,98,93,133,85,101,144,90,84,149,98,97,137,104
1,95,140,101,83,152,86,82,140,99,99,136,106,80,153,100,93,141,103,79,134,98,86,140,107,82,145,88,95,156,103,86,139,88,85,154,98,90,134,106,98,139,93,90,148,87,96,141,91,82,142,98,83,137,88,91,142,98,82,149,90,98,140,90,87,156,90,83,153,95,79,157,104,99,139,88,82,137,104,92,143,95,81,148,103,89,149,89,87,154,91,99,135,97,85,133,102,94,155,85,101,149,107,80,155,106,96,155,87,87,156,104,82,141,86,178,152,106,180,144,112,188,144,98,177,149,115,94,140,87,78,157,102,85,151,98,102,141,102,95,134,83,97,138,102,85,146,97,92,150,94,80,141,94,88,141,107,196,152,102,182,141,116,182,137,112,193,147,100,188,137,106,190,139,98,180,139,101,190,139,99,93,154,94,89,155,97,98,153,90,93,150,93,95,75,72,99,70,56,105,78,59,96,72,66,101,79,65,195,156,112,185,147,104,187,134,104,188,136,108,175,144,112,193,135,113,110,75,60,100,75,64,105,73,77,113,88,64,103,68,56,99,78,77,110,77,56,117,92,54,115,91,60,116,76,55,175,140,107,179,154,97,173,154,113,193,137,97,174,135,107,180,150,98,97,88,66,117,69,65,110,80,73,110,90,76,113,81,66,100,68,77,108,68,72,112,81,62,110,85,66,100,87,76,192,149,107,183,146,110,176,151,98,192,151,117,183,151,95,175,133,97,112,84,62,111,88,59,109,74,63,93,86,60,97,82,64,99,72,72,116,80,72,102,84,76,105,74,74,114,72,54,35,15,20,196,157,93,185,143,117,179,139,98,180,152,115,25,32,15,96,89,70,105,80,62,114,92,56,95,78,55,116,80,62,115,92,74,101,81,63,112,72,59,112,81,77,104,87,68,30,17,26,191,133,94,189,133,93,182,147,93,179,138,98,26,14,36,93,84,69,117,85,62,114,74,71,95,74,75,101,87,67,100,71,53,104,74,70,109,84,73,114,87,60,96,92,58,192,155,93,182,156,101,178,149,97,180,156,106,176,146,94,197,135,93,114,87,68,97,91,70,112,88,59,115,85,58,95,72,76,113,71,54,96,79,77,96,68,66,94,91,72,108,84,62,191,148,114,173,142,114,33,17,35,14,31,27,194,147,114,185,146,114,100,71,54,94,87,62,103,74,55,112,91,75,113,76,57,82,139,95,88,156,90,83,148,85,181,148,117,195,138,113,194,144,93,188,145,97,179,140,97,197,147,104,174,151,114,181,142,101,189,140,95,188,157,114,87,156,101,84,146,83,80,145,85,91,155,99,93,156,105,90,140,106,78,148,89,187,138,97,194,143,108,184,150,101,189,140,105,179,152,96,187,134,96,179,149,112,190,150,96,78,137,101,88,147,100,94,137,88,99,139,90,99,143,99,91,137,89,86,137,104,82,140,92,102,137,87,91,142,85,173,136,101,193,141,97,179,133,104,185,145,103,102,147,97,91,133,106,102,145,86,98,153,87,89,136,98,86,140,92,83,136,83,95,142,90,97,150,99,96,139,105,96,133,90,100,136,96,97,146,91,90,146,99,78,157,87,90,154,106,95,148,92,101,150,94,81,153,103,81,147,96,99,155,105,91,136,87,86,148,104,90,153,100,88,155,101,92,145,96,87,146,101,83,146,94,97,154,103,79,138,100,83,148,97,100,142,96,97,157,91,100,150,88,88,155,92,88,147,95,85,142,92,92,154,100
1,83,134,84,81,139,98,99,145,99,85,144,88,101,156,104,94,135,90,93,137,104,86,138,107,79,142,96,101,144,90,88,138,85,98,148,103,79,143,98,82,145,98,92,151,100,84,134,84,82,156,106,79,139,84,86,139,89,79,148,97,96,133,106,78,153,85,82,135,94,84,138,90,94,150,92,79,151,102,88,144,93,78,146,88,93,136,100,81,134,95,84,135,102,95,144,92,86,156,100,79,146,95,92,156,95,86,155,96,82,153,102,99,134,104,197,155,106,183,135,105,184,135,97,185,143,101,93,139,98,79,141,88,98,135,92,81,144,87,85,150,97,92,157,99,93,134,107,78,133,101,94,143,91,89,134,96,193,152,99,183,153,108,185,140,114,179,149,113,176,138,99,183,142,113,179,153,99,186,134,105,82,133,89,93,146,84,82,153,84,98,148,84,107,75,68,100,80,66,110,69,60,95,81,72,113,82,66,173,147,115,192,133,101,185,153,106,173,134,103,183,151,117,180,156,95,111,86,61,111,74,61,101,87,75,112,70,73,113,80,55,104,87,54,98,85,67,112,90,70,97,81,73,98,72,63,183,143,107,182,157,96,192,141,116,184,153,94,189,153,112,174,146,105,93,75,66,100,76,53,111,88,55,115,92,65,95,81,71,99,71,60,99,75,65,99,77,63,98,85,53,101,89,60,179,138,116,197,145,101,181,141,104,189,136,105,182,151,101,186,136,103,98,88,69,106,85,56,103,87,56,104,81,67,102,88,77,93,88,68,115,86,61,111,71,67,113,90,72,115,68,66,13,34,36,190,136,97,184,147,94,185,133,97,195,152,109,36,18,17,101,85,71,115,82,55,102,83,54,106,83,64,112,80,63,94,68,77,114,89,53,98,71,74,111,91,67,112,82,77,37,35,26,182,153,107,173,153,102,195,150,106,194,133,95,25,23,25,95,72,62,106,81,57,103,81,71,104,70,57,104,70,66,97,84,76,113,68,58,105,71,61,98,72,69,114,77,68,182,145,111,188,149,104,176,139,106,189,135,112,181,157,110,173,153,101,101,91,65,100,78,74,110,69,54,116,88,73,97,82,57,112,70,67,96,76,56,96,72,56,98,87,54,104,84,69,196,149,102,175,151,99,25,33,33,36,18,25,193,157,115,179,135,117,100,90,62,111,76,66,93,82,69,95,91,69,98,87,63,82,136,101,99,140,100,88,138,87,178,152,99,176,135,102,178,140,95,175,144,102,188,151,115,187,153,116,173,141,112,196,153,114,191,157,110,194,149,114,85,135,105,83,133,95,99,134,93,85,151,93,87,140,107,100,138,99,86,144,103,175,137,112,194,157,111,179,150,107,195,149,109,181,139,95,173,147,102,191,135,101,189,147,106,86,138,97,84,133,83,96,138,84,102,136,100,95,148,84,102,146,103,97,156,103,95,139,87,102,151,87,86,134,85,176,145,98,189,133,95,197,146,110,174,147,100,83,149,86,96,147,94,98,153,103,101,134,97,93,137,85,94,150,102,78,146,96,89,153,84,99,143,96,89,144,90,86,133,84,82,146,104,93,135,96,80,147,87,92,147,93,85,154,102,96,143,91,84,154,85,100,153,103,98,146,86,80,150,96,96,149,86,86,157,105,83,153,86,94,144,101,83,151,90,79,133,92,99,141,102,82,138,101,86,146,100,97,147,95,98,136,96,91,157,86,81,150,94,92,134,106,79,135,83,96,138,84,93,140,97
1,95,155,96,90,143,94,99,148,86,97,143,93,93,138,101,79,139,91,80,153,90,95,146,93,80,147,95,93,154,104,98,155,103,98,140,103,93,137,98,83,144,101,100,133,95,84,144,102,100,140,86,83,157,86,100,144,85,99,134,83,97,152,102,81,138,102,96,149,88,101,141,99,91,136,89,99,135,86,78,139,93,94,133,97,92,155,85,79,151,85,83,134,104,86,155,93,99,151,90,94,148,102,89,152,95,85,149,104,87,143,90,88,156,91,185,150,96,192,146,105,178,139,116,194,134,93,84,147,90,90,139,97,102,154,94,93,157,84,94,135,93,80,155,100,100,133,106,92,148,100,85,139,107,91,149,88,186,135,102,195,155,102,185,141,117,184,144,107,184,140,95,174,134,97,186,146,110,192,155,107,87,138,98,88,147,85,86,149,102,80,138,94,104,72,72,96,89,65,104,74,72,108,86,61,101,82,61,173,135,114,196,143,110,193,146,106,189,142,111,178,147,98,184,141,103,117,73,69,99,91,57,101,68,57,99,69,69,116,86,76,95,72,58,116,86,62,99,87,67,96,91,63,94,71,54,177,154,100,191,142,96,182,154,97,194,155,111,174,134,111,182,134,96,107,83,76,101,87,73,96,86,58,109,74,57,102,86,64,96,71,53,111,90,66,115,90,67,93,89,58,102,87,55,175,157,106,191,152,100,182,156,107,193,150,117,187,147,106,177,152,108,101,91,65,107,87,59,93,90,67,97,71,77,116,83,70,98,70,73,111,90,74,97,83,72,93,90,54,105,91,69,33,21,25,182,138,110,188,140,102,184,154,107,185,139,114,24,29,36,107,74,56,95,70,59,104,77,76,112,73,63,110,80,68,101,78,66,102,77,60,96,74,58,110,71,76,104,80,55,19,26,29,178,140,100,194,156,97,192,155,94,195,142,106,13,29,22,105,89,74,107,77,54,108,72,62,117,84,54,117,90,56,109,83,72,112,87,68,96,83,72,93,85,61,110,70,63,195,138,108,187,155,96,175,144,116,178,148,103,195,133,107,193,156,99,117,81,55,100,73,54,102,69,65,100,92,58,98,74,65,98,88,69,96,88,75,116,86,67,111,87,55,96,70,59,173,148,100,186,145,95,37,37,32,35,25,27,176,151,107,191,146,112,107,84,55,105,73,65,105,83,56,117,76,55,106,85,58,91,154,105,89,151,98,79,134,97,179,138,96,177,147,95,194,156,97,175,144,96,197,152,107,193,133,112,185,157,97,187,140,96,186,148,99,181,151,112,82,150,91,82,146,98,94,146,106,80,147,99,86,133,93,87,150,94,98,136,87,173,146,96,177,156,105,189,148,100,188,133,96,181,141,112,194,149,107,188,136,115,195,144,109,98,152,106,82,157,98,95,136,106,82,154,94,97,149,90,84,155,101,99,151,85,96,148,106,99,151,89,91,149,96,181,138,96,183,135,95,196,137,115,185,135,93,96,156,85,101,137,99,100,137,98,93,143,95,99,144,89,97,151,100,100,139,98,91,155,103,98,147,90,83,146,107,87,138,96,99,146,107,92,147,89,78,135,91,82,139,93,99,137,98,99,152,104,86,140,92,79,147,85,100,156,106,90,137,107,101,148,95,91,141,98,94,155,105,87,149,96,78,153,93,90,141,86,85,135,105,78,145,95,90,157,84,101,137,102,100,148,87,97,142,93,81,139,106,89,146,83,97,151,84,80,154,91,94,133,95
1,95,135,84,91,153,93,96,156,94,99,133,89,98,145,89,99,137,96,83,140,98,88,133,93,101,153,92,84,137,88,101,146,83,83,148,100,86,145,105,83,142,84,90,155,99,84,147,93,97,156,91,100,144,99,93,155,84,82,139,107,78,148,103,80,134,106,88,145,92,79,156,83,91,147,92,81,144,99,90,148,102,88,154,87,87,156,83,98,150,98,100,141,86,88,157,103,98,144,83,92,143,98,91,141,92,96,145,103,85,157,101,83,136,92,190,136,111,185,142,98,181,155,94,182,157,99,90,144,92,101,143,85,96,135,105,91,134,84,98,138,105,82,137,96,99,143,105,91,148,102,97,138,96,90,137,92,180,141,115,196,156,96,187,150,114,175,142,109,194,156,94,190,152,115,185,144,116,193,150,105,81,142,96,97,137,104,81,155,85,96,140,104,105,85,67,117,79,68,101,70,58,98,90,69,108,81,68,173,154,101,181,142,108,175,150,105,191,142,114,175,140,112,174,141,94,110,69,69,106,72,75,116,84,77,115,75,63,116,90,63,113,83,56,102,73,67,94,86,59,95,87,55,116,73,75,175,137,103,193,151,103,180,143,99,193,137,116,182,136,98,186,146,105,115,73,74,94,81,70,103,80,66,117,92,54,117,87,53,115,72,69,110,78,62,95,70,55,115,71,73,97,68,55,184,134,97,185,135,103,184,141,116,177,147,115,187,154,95,193,141,95,94,77,64,97,84,70,108,81,62,116,81,69,109,68,72,93,90,74,101,87,75,103,72,65,93,78,75,96,91,76,29,24,22,196,156,105,181,136,99,188,137,117,190,136,96,17,18,19,95,77,61,110,85,65,100,81,66,109,69,58,112,78,64,101,85,63,117,86,75,116,92,73,112,82,63,98,81,64,37,28,14,174,144,106,177,149,115,182,142,99,177,152,113,14,35,30,95,90,55,106,69,75,112,81,58,112,89,60,111,91,63,116,91,73,106,70,59,105,70,63,96,68,77,93,74,68,181,153,113,191,154,97,176,137,93,192,146,112,189,157,105,174,134,115,115,83,67,114,78,67,95,79,64,103,80,57,115,74,71,114,77,68,106,77,66,115,87,55,116,77,63,107,84,64,192,155,114,196,133,111,23,16,32,36,30,13,191,143,112,192,157,94,104,80,53,99,72,65,105,92,57,116,90,63,116,71,54,85,136,94,85,133,99,92,134,90,180,133,98,181,146,108,188,146,114,192,156,106,190,153,110,187,156,93,186,142,95,174,149,94,192,154,95,173,148,113,82,151,102,101,146,98,83,138,92,102,149,93,89,136,93,98,147,84,84,141,89,182,151,95,187,135,114,174,134,100,193,153,103,188,153,94,183,150,100,193,140,113,182,151,101,85,153,98,87,148,94,79,146,89,90,150,93,84,151,102,100,138,99,90,156,89,90,151,103,99,140,91,99,135,85,184,137,104,186,141,96,193,145,104,174,146,102,84,155,90,78,144,92,79,157,106,90,151,96,89,136,91,94,137,95,95,138,97,82,143,96,102,140,102,85,134,84,96,153,87,99,137,91,102,135,85,93,148,86,89,144,105,84,146,98,85,136,105,93,142,88,80,136,93,82,136,107,100,151,103,83,146,106,97,140,96,78,151,101,93,134,98,84,152,102,89,144,86,85,135,83,85,153,101,95,146,107,95,149,107,91,139,93,97,142,86,82,140,83,99,148,94,90,157,97,87,143,90,92,156,98
1,79,152,95,86,137,87,89,146,89,94,157,94,80,146,83,84,136,87,80,157,102,80,142,91,82,156,89,95,135,92,88,141,84,85,137,98,100,141,86,88,141,96,86,138,87,89,144,101,82,137,98,80,152,88,98,133,98,87,141,85,99,136,92,99,149,95,83,152,104,100,148,99,84,137,103,94,142,93,84,149,86,102,138,107,96,156,86,98,146,96,79,141,105,78,155,107,102,133,106,96,150,101,85,156,96,95,156,97,79,135,98,82,135,94,195,135,110,181,153,107,197,142,101,174,134,94,88,141,104,85,153,85,99,138,87,83,155,96,87,151,88,85,137,97,83,142,103,87,157,104,98,154,94,79,140,99,191,139,102,188,146,113,181,152,111,183,138,115,179,137,103,179,156,108,188,153,102,197,138,98,98,146,107,92,135,95,87,150,91,85,157,94,96,77,64,102,91,74,105,72,65,94,78,63,100,84,64,184,144,110,189,143,111,191,136,116,193,149,111,197,134,100,181,148,107,114,76,61,116,87,71,104,85,63,99,90,72,117,92,56,96,92,55,100,69,70,99,72,76,95,73,56,117,81,56,197,153,107,186,137,104,175,157,111,187,139,114,176,153,93,177,153,114,112,84,73,100,74,56,97,81,63,97,88,69,96,68,54,107,77,77,112,85,70,114,88,70,108,70,53,104,76,69,182,134,101,180,150,94,174,150,105,186,146,103,189,153,95,183,139,112,100,80,57,97,75,77,100,87,59,105,76,77,106,86,64,101,86,74,102,81,64,115,86,57,93,79,62,109,85,69,24,14,27,179,137,104,187,152,95,186,138,114,193,152,114,14,28,28,98,81,72,97,79,58,99,72,54,112,87,73,105,81,57,107,72,63,94,83,53,95,72,77,94,68,70,102,69,68,24,29,29,178,137,97,188,137,114,182,149,103,191,152,100,15,28,29,103,84,68,109,89,68,99,76,54,104,75,70,105,83,75,105,82,67,93,89,59,108,88,59,107,86,65,108,72,70,174,139,106,187,136,115,191,151,111,181,154,105,196,144,94,175,138,99,103,83,69,97,73,59,113,87,61,112,91,67,94,85,60,102,69,66,97,80,57,112,79,74,100,80,62,102,70,61,190,148,108,187,153,102,23,31,36,31,21,16,189,150,100,185,149,117,116,68,70,111,84,69,115,91,54,111,92,59,98,68,67,97,145,92,87,156,99,102,135,98,184,144,97,183,155,100,192,135,113,178,157,104,183,137,103,173,133,117,179,134,110,191,155,107,179,156,108,186,134,114,83,148,99,93,134,89,85,137,86,98,143,99,102,139,103,90,139,84,84,155,102,177,149,104,189,156,106,187,141,100,193,145,93,182,149,114,192,149,109,180,140,105,177,156,110,99,153,86,92,156,93,78,146,84,100,151,92,100,147,85,95,149,99,78,154,104,90,154,102,98,155,94,80,140,85,191,136,117,181,138,111,186,147,99,197,133,107,86,145,100,101,145,106,84,150,95,87,145,85,79,156,97,95,155,107,81,138,97,92,152,91,97,136,98,91,143,93,94,152,100,94,137,90,97,135,96,100,137,98,79,142,102,81,142,103,81,149,107,89,146,87,85,140,89,95,154,90,81,145,98,83,151,84,79,140,97,82,154,92,98,148,84,101,154,101,99,141,86,101,152,94,80,139,84,93,142,93,89,137,102,79,153,83,84,144,102,83,153,83,89,148,103,79,150,89,96,154,87,99,137,96
1,85,156,83,84,134,98,94,157,90,98,148,85,98,146,91,82,156,102,86,157,106,90,136,87,98,144,103,93,152,100,99,154,86,100,138,89,84,136,104,91,133,89,79,150,105,97,152,88,99,157,104,89,145,90,99,135,85,87,133,88,101,136,94,84,134,99,78,142,84,83,147,96,80,147,98,95,136,88,100,149,101,85,140,87,85,141,94,86,137,104,82,157,106,84,154,104,80,156,98,99,148,99,81,145,88,81,156,91,83,148,96,89,153,96,183,147,93,188,146,97,175,155,101,176,146,99,88,134,104,82,135,92,83,135,83,90,153,86,81,141,85,79,156,95,87,143,93,94,138,83,78,154,101,86,157,85,195,137,101,181,144,96,185,136,112,182,146,103,180,147,93,192,137,99,196,149,114,188,152,109,85,138,103,85,138,107,101,140,105,90,147,97,93,87,70,111,79,59,102,72,64,115,92,55,108,69,56,179,155,103,189,150,95,194,138,96,184,144,117,184,137,101,190,151,112,100,68,77,109,83,56,99,68,77,96,80,55,110,84,53,102,92,77,95,71,75,98,70,74,97,80,56,94,86,74,195,153,93,186,155,96,174,155,97,196,151,117,185,148,101,186,155,112,108,82,69,93,74,62,111,74,56,106,75,76,112,74,75,102,85,60,104,79,67,102,86,53,110,78,67,102,83,55,188,147,96,183,143,106,182,149,111,195,145,101,180,137,97,195,141,117,105,86,65,100,71,70,113,71,63,110,87,72,106,68,71,112,74,75,113,88,58,105,74,61,99,69,72,97,81,58,13,22,29,177,141,93,176,144,97,175,147,117,179,150,96,14,15,34,109,87,67,100,91,59,115,88,58,102,83,56,103,89,58,103,85,71,112,87,75,115,80,77,108,75,72,94,74,56,37,25,31,187,157,98,189,136,110,197,157,109,184,153,110,21,14,27,100,77,60,95,86,53,114,85,64,113,82,75,99,76,65,112,92,69,115,81,75,107,78,74,110,87,68,94,70,63,195,155,116,182,137,114,177,154,113,188,134,112,196,144,104,188,147,113,98,69,54,116,78,75,100,81,77,110,84,76,117,87,54,110,86,66,101,75,63,115,92,60,110,73,54,96,85,68,188,146,107,195,135,98,31,21,33,21,36,15,175,144,100,193,133,112,96,72,75,108,91,54,107,74,65,105,73,54,106,88,77,82,148,87,86,141,97,78,151,101,197,146,108,181,144,93,187,135,106,177,140,111,177,144,97,186,154,104,194,144,103,195,153,107,183,147,106,194,149,96,81,138,83,79,144,96,88,154,93,89,140,84,101,154,91,78,148,106,86,139,103,192,139,109,187,138,114,187,133,108,193,144,112,195,139,100,184,152,113,178,142,98,179,150,102,86,150,87,85,155,87,95,151,83,81,156,98,80,134,95,84,148,99,80,155,86,95,146,99,96,140,100,84,151,104,195,156,103,197,141,99,181,153,103,197,148,115,100,135,87,95,142,84,84,157,99,86,157,84,89,150,99,92,133,91,97,156,85,96,139,86,95,153,97,85,137,90,101,139,93,81,151,93,79,152,96,82,139,90,87,141,83,99,144,106,101,151,107,101,156,106,99,140,100,101,152,100,85,140,89,84,147,104,94,148,89,99,154,90,88,156,99,79,143,100,83,152,103,96,149,102,100,143,101,101,149,85,87,149,100,78,143,102,88,135,94,88,146,98,86,145,92,82,138,97,84,134,84,91,140,95
1,87,147,84,86,149,98,79,142,87,94,153,84,86,154,100,97,136,102,82,152,92,98,141,97,91,139,89,98,154,97,93,157,102,96,140,99,78,141,107,92,134,86,85,133,89,92,146,83,86,151,86,96,136,106,93,152,101,92,133,93,92,151,104,92,139,86,78,149,84,101,138,98,101,135,90,91,138,88,88,144,98,94,142,85,96,133,90,82,137,87,80,136,90,100,149,99,91,152,103,101,135,100,90,146,83,93,133,102,87,135,105,102,151,93,188,138,117,181,135,106,190,143,116,189,154,113,86,144,105,84,156,95,96,149,104,80,153,84,89,139,106,87,133,94,85,142,98,87,151,88,98,139,84,99,150,85,197,134,108,196,152,111,180,141,104,185,144,95,180,151,114,173,148,114,178,145,107,182,154,103,85,156,90,97,145,87,88,156,101,96,151,85,107,85,53,113,90,58,108,71,63,98,72,67,100,83,75,178,156,97,186,139,117,189,146,96,187,136,105,190,135,99,197,150,99,103,84,56,108,84,56,93,92,64,97,77,73,103,68,59,103,82,73,110,74,64,102,73,55,117,71,75,99,88,77,193,143,108,192,145,95,182,141,102,173,134,103,187,151,111,188,152,110,102,75,55,103,73,58,108,90,72,95,71,53,114,82,62,106,79,63,94,80,64,117,75,53,98,88,53,93,81,70,196,145,104,193,138,99,178,134,102,177,133,113,182,138,97,181,147,93,101,73,69,102,84,63,94,70,59,105,83,57,102,78,53,110,87,60,97,91,54,93,84,63,116,90,70,114,82,63,17,15,31,180,138,105,192,142,101,194,145,102,180,136,93,17,31,16,116,72,53,111,83,66,113,78,69,99,88,64,108,71,73,115,83,69,117,81,57,93,84,76,112,73,67,111,86,68,32,19,21,190,139,98,191,141,109,173,148,101,177,145,109,32,13,16,107,79,54,96,82,68,104,76,67,104,69,60,113,70,66,113,90,77,109,71,64,107,74,66,106,77,76,93,89,72,196,146,110,173,136,98,173,133,99,191,133,109,193,136,115,192,147,116,94,89,62,107,80,63,112,78,62,102,69,70,110,85,69,103,68,59,108,73,55,111,74,53,102,70,70,93,84,73,182,150,97,191,157,106,13,35,35,22,26,18,174,150,108,180,150,102,100,72,58,96,79,77,105,75,62,99,87,75,108,81,69,82,153,94,82,140,99,81,143,107,182,148,102,179,155,98,193,152,112,184,143,107,184,143,100,189,140,104,173,146,104,195,141,95,179,151,93,188,153,101,86,140,87,96,148,101,82,155,107,78,138,107,82,138,86,102,137,90,99,156,97,194,133,114,180,137,113,193,155,97,189,149,110,192,156,108,174,154,98,194,156,106,173,134,113,89,137,84,91,157,86,78,157,99,87,136,83,90,157,101,99,155,98,93,154,103,92,143,89,82,140,100,90,139,104,193,148,108,179,145,116,182,137,96,187,150,103,100,154,98,83,138,99,101,154,83,101,141,105,100,140,95,97,135,97,101,142,88,101,139,100,79,157,103,95,146,102,80,151,85,94,134,101,95,136,98,87,143,93,100,137,105,92,157,93,98,139,98,78,133,91,81,134,88,101,139,90,90,157,88,95,145,92,80,135,95,97,137,98,93,153,84,85,150,102,85,154,106,80,154,90,100,154,96,98,141,101,78,140,96,100,143,97,80,146,99,94,152,98,82,151,103,85,135,102,78,135,84,80,150,94
1,89,141,83,89,157,98,102,141,92,94,148,83,85,150,85,100,148,86,93,141,98,87,152,83,102,148,102,83,140,87,94,144,89,85,148,90,90,137,89,78,155,93,102,147,95,82,155,84,100,147,88,90,146,102,85,136,100,100,144,99,102,143,88,100,153,86,94,146,87,89,140,102,89,145,89,96,141,104,95,148,92,83,137,91,84,156,92,96,134,101,84,141,87,90,157,107,96,157,88,91,140,92,86,142,100,84,133,91,81,133,94,87,143,103,189,152,105,173,135,112,180,153,107,188,138,110,90,148,93,98,157,96,90,156,100,78,148,89,87,143,105,100,156,97,81,133,97,81,147,99,78,146,94,88,134,88,186,142,108,177,137,99,175,141,106,194,142,97,174,137,93,187,145,104,188,151,106,185,157,107,89,149,85,100,139,92,85,157,92,100,141,97,107,91,65,116,73,60,105,90,75,111,80,66,114,75,67,190,146,96,178,133,101,184,152,108,188,157,106,188,156,113,181,134,101,112,79,53,105,88,72,98,79,55,116,87,74,96,70,64,114,79,66,103,73,72,97,82,74,110,71,73,99,80,57,181,154,110,173,157,115,181,146,108,188,152,100,179,150,100,191,143,116,94,72,73,107,85,65,114,73,74,105,74,74,96,76,55,100,78,76,94,74,75,112,82,69,103,70,62,95,73,53,175,135,117,191,133,105,188,148,100,186,150,103,178,154,100,187,157,113,102,82,66,96,71,63,103,85,76,102,86,74,117,83,77,99,84,62,93,68,69,96,70,54,104,72,55,98,76,53,34,28,26,196,146,108,189,145,115,176,152,110,185,157,105,22,24,19,100,84,59,107,75,59,96,69,67,113,77,67,105,68,59,95,69,68,107,82,59,113,79,60,100,86,66,101,70,61,22,15,18,188,157,104,188,151,110,190,133,98,187,157,97,14,32,32,114,74,63,98,79,55,97,68,72,109,82,64,103,77,76,105,83,75,94,68,62,108,79,74,110,82,54,96,72,76,189,133,110,187,134,99,181,136,96,185,139,110,186,135,94,175,133,109,99,69,56,104,74,63,117,89,73,97,82,70,93,69,76,103,81,54,109,85,66,99,85,74,102,70,72,105,72,70,182,136,112,181,141,107,22,25,32,13,36,24,188,151,98,180,138,114,116,70,77,110,74,71,103,83,66,115,85,64,99,84,72,85,139,93,90,137,105,86,136,102,184,135,107,197,150,105,180,136,110,193,151,98,187,149,105,192,157,110,193,144,106,189,148,116,191,145,115,187,155,99,92,155,102,101,152,94,90,150,99,79,156,99,88,156,105,97,154,96,91,144,87,176,145,99,195,153,113,182,149,108,190,145,116,181,149,93,176,134,103,176,153,95,189,142,97,99,156,95,87,136,106,78,138,87,79,144,100,85,143,101,88,153,98,102,150,99,78,155,100,85,144,87,90,138,106,187,140,114,190,138,107,185,133,106,195,155,107,79,145,87,89,133,102,80,154,98,101,153,102,83,145,86,81,152,105,95,155,84,97,143,96,100,134,95,98,151,102,85,156,88,85,137,106,84,146,98,100,140,95,100,143,104,86,156,84,80,157,101,101,148,89,81,135,85,102,138,83,101,137,97,83,138,86,90,140,85,93,142,104,99,153,86,97,152,90,95,151,87,99,147,90,85,141,83,97,155,93,95,145,90,88,142,96,96,138,90,82,145,107,91,137,91,82,151,106,96,156,96,90,140,101
1,78,147,91,82,154,95,91,139,89,94,153,102,80,138,87,94,133,83,83,140,103,93,134,103,102,157,104,101,146,83,97,157,104,84,135,92,80,147,104,85,155,90,90,136,88,85,151,89,84,150,85,95,151,91,88,153,91,99,153,101,92,144,85,100,154,93,83,140,107,94,154,93,95,151,97,82,144,83,102,145,97,100,135,90,82,137,104,102,140,97,100,156,83,96,133,90,81,140,92,90,142,92,85,152,83,100,135,93,99,140,90,96,143,100,180,139,115,177,154,106,184,134,112,173,136,98,94,135,99,87,153,100,97,140,103,90,142,93,97,134,90,99,134,107,79,145,97,96,151,85,98,139,92,91,150,106,174,145,113,173,145,104,185,135,97,176,154,108,182,148,97,186,148,98,179,142,94,186,150,110,100,147,98,82,148,107,88,153,89,95,146,95,110,87,75,108,90,54,107,74,76,102,88,57,96,85,53,196,157,109,192,154,99,176,145,112,189,137,99,196,148,111,197,151,116,104,75,75,102,72,74,113,68,63,106,80,69,93,82,60,104,73,65,107,78,65,104,73,72,117,89,75,110,68,64,180,153,94,179,145,96,173,133,101,193,146,113,173,156,103,176,133,93,96,86,75,112,78,53,94,87,70,116,83,58,105,76,66,97,82,56,106,82,64,97,68,64,111,75,77,116,78,61,175,144,108,196,138,100,191,148,101,178,141,107,182,137,113,183,150,111,96,87,71,115,78,72,108,92,62,106,78,55,111,85,62,106,89,64,105,74,76,96,80,53,99,73,73,110,89,70,29,31,21,194,150,111,188,150,112,182,136,115,188,137,106,37,20,35,115,79,57,109,85,57,109,68,74,114,84,58,99,71,62,99,89,75,94,89,57,104,72,54,93,88,57,117,86,77,35,29,32,173,142,98,194,146,111,195,150,94,190,148,110,18,23,20,101,80,68,114,68,71,111,82,74,109,91,63,113,69,77,106,70,65,95,75,56,113,72,56,107,84,70,114,91,70,195,149,114,195,153,95,186,153,98,185,146,105,192,149,108,181,157,97,98,75,60,109,77,62,102,80,55,95,82,71,116,92,63,102,87,76,104,91,67,95,89,55,107,92,53,102,87,61,193,155,102,193,153,95,24,19,25,16,21,23,175,154,114,193,150,117,99,70,60,97,71,74,109,71,75,105,83,54,102,86,56,89,145,86,78,134,98,82,146,84,187,145,109,194,144,95,186,142,116,174,153,106,182,134,94,183,150,117,196,155,102,182,144,96,196,137,109,178,148,97,97,141,88,95,152,100,80,136,96,91,157,92,97,148,88,99,141,99,101,140,87,183,152,103,188,142,115,190,144,112,176,157,100,179,148,104,191,151,117,179,140,101,184,150,98,102,139,100,95,135,99,93,136,95,96,141,95,101,147,107,89,146,100,102,152,104,102,137,107,97,153,88,87,153,97,186,149,94,188,137,103,188,154,111,187,144,113,80,139,85,88,156,91,91,139,96,93,153,96,82,136,89,99,146,83,91,137,102,87,155,101,86,141,97,98,138,98,82,142,94,88,154,98,90,152,101,96,150,107,93,143,85,81,152,92,94,151,90,99,139,105,85,145,107,84,152,101,91,133,85,87,141,98,81,144,104,101,151,101,99,147,98,99,135,101,86,153,91,88,152,94,100,152,95,80,141,84,97,147,97,87,135,99,87,136,87,90,141,83,88,140,94,82,152,90,83,137,97,90,151,105
1,93,139,105,99,134,93,92,138,86,94,146,91,88,154,90,82,154,96,80,145,102,80,147,91,96,151,90,98,155,102,86,144,103,83,138,97,100,151,86,94,133,94,88,141,98,79,134,105,91,157,100,94,148,90,100,133,103,82,151,96,98,137,83,89,156,96,98,140,90,90,141,84,102,151,97,91,137,107,95,138,97,80,154,88,101,150,100,83,157,107,91,140,86,78,156,101,90,157,100,92,138,94,87,134,97,93,157,106,86,150,99,101,157,85,186,149,97,173,141,99,178,149,95,177,147,108,84,136,107,92,157,97,87,154,88,99,148,100,97,153,107,86,139,98,95,154,100,93,138,91,82,147,94,94,135,91,173,155,105,183,134,116,183,150,93,196,151,113,184,139,96,186,142,107,174,144,112,193,141,110,95,147,93,84,155,91,79,148,103,98,153,89,98,85,73,102,79,65,110,84,74,111,75,57,97,84,55,193,148,95,174,150,98,177,150,96,191,141,94,179,139,101,191,155,108,107,79,73,113,87,60,99,80,67,117,85,60,104,84,70,102,78,61,111,69,74,110,81,68,113,84,56,99,84,74,177,157,100,195,155,96,195,156,96,192,146,115,188,157,115,185,154,101,107,78,74,109,91,60,100,79,65,105,75,69,109,89,77,98,84,58,98,82,53,105,89,73,111,83,68,107,83,60,174,150,102,178,151,109,183,134,107,187,134,113,177,139,106,190,135,114,94,91,74,101,81,60,105,89,60,97,91,53,95,79,62,105,70,57,95,76,76,111,70,76,98,88,58,110,88,73,26,34,27,179,136,114,191,141,116,176,153,113,191,141,111,17,33,26,116,89,63,114,71,56,110,78,75,109,69,58,93,73,73,99,70,63,113,92,73,98,71,74,115,91,73,110,68,71,26,15,17,182,152,97,174,136,110,196,142,116,180,143,116,36,32,28,100,68,77,112,84,54,106,78,68,97,83,59,109,69,56,106,90,63,110,77,64,106,74,58,114,76,64,102,91,53,196,144,100,186,133,105,183,146,109,176,157,103,181,153,93,192,149,117,104,89,58,96,82,75,108,73,73,111,81,57,97,86,58,100,91,74,102,91,66,108,71,70,102,76,66,95,89,67,179,137,107,182,140,93,34,27,25,36,34,33,194,155,105,187,153,101,113,68,53,96,88,69,116,90,62,107,89,73,106,80,71,97,156,94,84,144,101,90,133,97,175,137,101,174,150,101,194,148,105,184,155,97,173,157,114,184,145,98,178,154,102,197,147,96,190,134,99,193,149,109,80,153,92,98,140,97,81,134,92,100,143,103,94,138,95,79,151,95,101,134,83,196,147,103,174,147,115,197,151,107,183,157,97,178,135,107,189,133,106,186,148,107,182,149,95,94,151,89,78,155,103,80,145,89,100,154,96,94,141,87,91,140,89,91,135,100,96,136,90,88,143,102,102,156,96,184,147,98,187,137,110,188,150,96,194,156,109,86,154,86,101,142,97,90,138,104,85,149,84,83,145,107,93,134,102,87,146,85,95,146,97,99,148,85,101,146,107,86,135,99,81,141,96,79,141,104,99,151,101,80,137,101,99,140,96,84,157,87,82,149,83,101,154,88,97,147,102,94,133,85,84,157,92,93,137,106,79,151,96,93,140,100,101,146,95,93,144,85,97,146,94,84,147,95,92,133,90,97,156,88,93,142,102,97,135,92,85,150,90,97,147,104,88,133,93,85,133,100,98,139,89
1,90,157,84,81,142,96,93,136,94,80,135,103,95,154,100,94,150,105,83,148,84,85,138,106,83,142,106,94,152,85,85,145,84,87,139,97,86,144,94,92,153,95,91,157,106,85,151,92,78,150,85,96,137,98,88,149,91,100,149,88,93,147,94,96,142,97,97,138,88,92,154,84,80,151,87,86,153,95,92,144,102,88,148,102,98,145,89,85,148,86,100,135,102,84,143,86,92,133,100,92,136,96,88,134,99,81,147,84,84,154,97,90,135,89,183,138,102,177,150,96,186,151,101,183,140,115,100,150,91,88,143,92,83,153,103,98,147,87,86,141,103,92,144,107,84,152,103,95,147,103,98,151,105,101,137,104,174,135,102,189,137,112,178,139,108,192,138,104,194,151,116,194,152,105,190,146,114,183,133,105,91,133,86,80,145,94,88,149,95,89,136,85,104,68,60,103,79,64,110,71,70,114,69,74,114,89,77,174,146,105,193,133,104,186,154,117,188,148,114,178,153,96,179,146,93,94,85,61,116,91,59,110,69,53,116,81,60,116,87,72,100,83,69,97,92,60,106,86,75,96,68,72,114,87,76,188,154,109,187,138,95,191,136,105,179,154,93,195,154,117,192,136,106,103,70,66,110,69,53,101,83,58,96,78,59,103,83,74,94,68,72,99,78,69,107,70,68,94,73,53,94,89,76,184,143,114,184,133,113,176,156,110,187,149,111,173,134,113,183,138,111,112,92,61,97,75,57,104,79,74,101,74,73,99,76,72,98,89,77,99,73,73,95,73,74,102,74,53,97,78,69,34,33,19,180,155,93,179,145,113,175,140,97,177,148,106,36,31,13,101,88,74,115,83,73,101,77,68,113,75,53,112,88,76,109,71,56,93,91,67,113,91,70,93,91,70,108,81,65,28,29,22,183,139,99,182,153,113,179,156,100,184,154,117,27,29,22,100,82,54,117,70,74,95,84,77,114,69,59,99,91,65,95,74,65,99,83,75,103,68,66,93,78,54,100,75,76,184,136,96,185,140,116,194,157,108,190,157,102,184,154,107,193,140,106,98,79,60,93,75,61,114,88,57,106,68,58,107,75,58,97,80,72,112,72,67,97,88,69,107,68,57,98,87,62,196,133,93,191,155,108,23,15,15,13,37,18,191,140,112,193,155,101,93,86,77,111,81,64,106,82,70,111,79,73,105,76,76,89,152,104,94,154,85,102,147,85,179,134,100,178,151,97,190,142,102,178,156,98,176,139,110,182,156,99,179,137,95,197,140,100,197,134,94,193,134,102,101,138,102,88,145,83,84,133,107,82,152,89,99,133,101,88,149,98,98,138,83,178,133,117,187,144,97,174,133,115,178,143,104,185,152,99,175,149,106,173,146,115,178,140,113,81,141,90,94,148,92,87,140,98,85,133,94,85,144,102,91,137,98,91,140,83,79,156,101,93,145,107,85,157,103,178,143,97,187,154,100,192,147,105,188,157,101,95,150,85,85,151,86,86,137,83,85,148,94,102,145,102,87,135,92,85,135,92,78,136,90,96,149,100,93,155,100,87,138,102,89,140,105,102,139,106,92,136,99,96,141,107,83,150,92,78,150,105,98,150,107,102,149,94,91,154,90,94,133,88,99,150,107,88,137,85,82,157,84,79,142,103,80,145,91,95,155,94,100,135,94,89,151,95,86,150,98,79,139,87,81,149,97,78,140,102,89,156,84,101,154,100,95,150,99,86,138,90,99,144,102
1,86,133,87,101,135,96,96,150,105,79,146,100,80,140,93,98,145,89,99,155,95,82,137,91,99,142,96,102,138,96,88,144,96,81,144,104,93,154,97,82,140,93,99,144,85,93,137,97,86,155,100,87,147,102,99,138,97,79,144,101,97,141,91,90,136,97,85,143,90,90,134,96,100,149,92,87,148,106,99,133,96,101,155,98,87,133,102,101,135,104,83,145,83,82,153,99,92,153,84,78,156,97,102,135,86,78,146,92,94,134,107,82,157,89,177,144,114,197,149,105,191,152,113,189,133,94,102,150,100,81,142,99,87,150,103,97,142,95,99,143,91,80,155,85,83,141,105,83,137,102,91,134,96,102,152,85,180,150,98,196,136,108,195,138,116,197,152,103,177,155,95,190,146,106,187,149,97,179,154,111,91,148,93,91,156,97,91,155,94,96,142,104,110,80,60,107,85,68,113,89,69,104,78,71,116,82,56,175,157,109,192,148,115,177,142,115,189,136,109,196,147,93,186,139,99,108,88,70,107,76,67,97,90,66,117,92,67,116,74,58,105,91,69,96,75,66,95,78,74,116,87,60,105,77,54,188,155,105,177,134,115,193,138,114,190,137,115,173,148,102,193,151,103,115,87,66,98,91,61,95,88,60,117,72,61,103,87,76,96,91,57,100,89,55,102,89,74,95,76,58,95,79,69,177,143,101,197,143,116,197,154,96,181,140,102,179,150,97,184,134,94,109,91,65,114,87,77,111,72,54,104,70,54,99,76,75,117,70,64,111,77,77,112,92,74,117,72,75,110,74,62,31,22,17,189,140,104,177,147,94,186,133,107,188,153,116,33,15,21,112,83,65,102,72,60,105,87,56,108,88,54,100,92,57,102,73,58,100,77,55,107,88,67,111,90,77,97,92,75,36,15,34,176,147,94,174,144,98,182,143,112,185,133,112,13,16,18,117,83,56,108,73,54,111,89,70,102,68,58,107,92,54,113,86,61,99,70,64,98,71,55,117,87,77,112,83,56,188,149,106,196,138,104,193,145,115,175,144,106,180,146,110,190,145,101,114,80,73,114,78,73,93,77,77,103,80,71,105,68,77,116,81,58,109,79,60,105,92,73,114,91,68,102,87,58,190,153,95,189,148,95,37,15,35,19,35,26,180,144,117,182,139,96,100,75,56,95,90,57,114,83,76,94,81,76,102,78,62,93,149,89,96,156,103,96,133,91,191,148,112,195,135,93,180,134,116,179,140,108,191,152,96,185,135,109,183,155,93,178,152,107,185,147,94,197,146,101,87,133,102,84,157,83,100,157,93,93,147,96,100,153,85,87,133,95,96,156,87,185,133,94,184,142,97,190,146,99,184,148,101,174,150,109,194,143,96,187,142,101,182,142,95,85,157,99,95,137,93,95,153,88,101,140,107,99,144,93,82,145,90,92,139,90,95,157,84,90,157,86,93,148,102,192,149,111,174,142,117,179,150,115,175,134,93,90,139,86,78,143,102,98,156,107,89,133,97,90,136,91,78,154,91,94,146,99,92,136,104,91,152,84,93,140,90,95,137,86,79,152,88,79,134,102,81,136,91,97,156,99,97,137,86,99,145,100,89,133,101,94,152,91,92,152,89,97,149,103,85,154,95,86,145,102,78,153,96,98,136,83,97,146,84,85,140,99,101,137,107,102,137,104,84,150,103,100,138,88,85,144,89,92,143,93,99,148,87,92,155,84,88,152,87,102,153,93,78,153,85
1,95,153,100,92,137,84,91,152,95,89,157,97,93,145,98,101,157,97,95,149,98,81,139,83,94,153,91,94,139,102,93,137,83,79,145,105,91,139,87,97,143,96,94,151,100,90,144,97,87,149,107,96,157,107,85,145,97,98,133,96,101,135,101,100,156,98,89,133,83,84,149,85,101,142,103,79,141,89,95,150,83,80,144,89,80,144,83,78,157,94,100,150,89,89,154,89,87,155,100,88,153,100,87,138,93,88,145,85,86,135,106,92,149,92,179,147,105,173,136,117,189,156,99,178,157,104,93,154,101,94,136,105,90,152,94,100,154,107,85,153,94,82,141,104,101,146,107,96,139,107,99,146,84,86,157,105,178,143,111,191,133,101,196,154,114,195,133,95,192,140,111,183,156,110,191,149,95,195,156,109,101,142,90,100,138,91,87,144,98,100,142,90,102,88,58,103,86,64,113,70,58,97,85,65,117,86,63,177,151,117,195,140,116,196,153,109,178,136,94,186,137,110,185,150,104,97,71,74,94,69,75,107,75,63,112,69,55,99,73,76,113,79,67,93,88,77,102,77,55,101,84,57,97,76,77,179,133,98,183,152,103,189,149,110,184,143,107,179,152,100,192,148,101,98,88,65,93,85,64,104,69,57,114,80,58,117,79,71,112,71,61,117,89,77,100,92,63,99,86,64,112,78,66,192,136,107,178,133,108,174,140,106,195,148,112,190,149,112,179,148,99,105,75,54,96,79,73,98,83,68,99,82,62,115,85,55,96,85,62,101,85,68,110,86,53,104,72,71,96,85,62,22,14,31,173,134,98,183,143,109,187,149,97,183,147,99,16,19,13,98,73,53,100,82,77,100,88,64,102,69,64,113,75,59,114,89,61,117,68,56,106,76,74,107,85,76,104,89,54,35,26,14,192,156,100,179,148,95,192,150,105,184,149,103,15,13,17,115,90,76,95,91,62,105,78,61,110,71,71,117,89,59,98,73,53,105,70,64,98,89,63,93,70,72,95,82,68,192,149,115,187,151,103,173,142,107,193,155,94,173,145,98,177,143,94,95,82,68,103,87,55,107,89,62,110,88,71,94,87,58,99,86,60,106,68,75,102,88,61,108,68,67,116,92,73,173,146,106,174,156,104,28,32,25,23,17,28,179,151,110,180,135,116,96,73,76,103,86,69,98,72,55,109,90,72,110,82,53,81,146,87,99,142,104,86,141,94,175,145,112,186,135,99,188,133,100,181,133,110,194,142,112,188,149,103,180,136,103,195,134,97,193,147,113,182,140,111,85,152,105,81,151,86,99,156,95,89,141,93,96,141,100,78,146,87,79,151,104,183,137,116,197,148,112,183,149,113,185,134,107,178,144,94,192,139,99,193,154,115,180,133,97,79,146,107,95,138,87,78,143,89,94,142,93,83,150,86,84,141,101,92,149,93,92,143,87,85,137,95,90,135,84,179,150,97,176,136,109,186,138,93,197,143,117,79,154,87,89,143,85,85,134,101,102,153,101,97,145,88,97,142,88,99,146,92,98,152,98,102,148,83,93,133,89,87,143,95,83,135,94,89,143,87,93,141,87,81,145,101,81,151,94,102,148,94,96,142,86,99,151,106,78,141,93,86,151,84,91,143,92,101,148,99,101,137,102,82,142,84,98,152,99,94,145,96,90,135,104,81,149,97,79,133,97,86,152,107,102,150,102,78,133,96,80,150,84,82,134,89,81,144,94,91,147,97,88,138,86
1,91,139,94,97,138,103,86,156,91,87,157,94,78,147,96,88,142,97,94,149,101,81,143,94,97,140,102,95,151,97,93,144,104,99,136,92,82,143,105,94,133,98,101,142,87,83,136,88,78,157,89,102,148,106,84,146,83,78,136,92,88,138,90,83,140,87,102,152,86,102,142,87,98,134,91,102,136,98,96,139,105,96,143,90,94,142,89,78,148,85,100,149,92,91,146,83,97,133,90,100,143,86,98,141,102,79,153,89,84,140,86,85,151,89,185,156,94,184,155,108,177,156,117,174,154,107,84,135,85,89,154,107,100,146,98,91,154,88,85,149,96,89,150,87,90,140,83,81,155,95,80,149,84,84,134,104,179,149,107,191,157,117,181,138,105,179,154,102,173,156,104,182,157,108,184,144,95,183,157,114,90,152,99,85,138,88,97,151,85,100,150,85,98,84,73,93,87,55,111,70,67,108,90,53,95,86,75,189,138,108,187,153,96,187,151,103,185,148,109,183,153,110,187,145,106,96,72,55,115,82,68,115,91,76,102,91,61,102,71,64,105,79,67,102,74,68,103,87,69,98,77,70,95,74,57,190,136,109,173,136,98,192,154,104,184,149,101,194,141,103,187,139,103,98,80,61,94,82,56,115,91,62,113,86,55,99,71,54,101,81,76,104,72,68,102,69,76,101,79,66,101,78,61,179,135,113,178,151,94,180,149,98,186,143,96,177,157,111,181,147,98,111,86,57,105,92,60,99,82,54,113,69,72,104,71,55,99,89,72,95,89,58,97,72,67,116,81,56,104,85,61,37,17,24,195,135,95,190,157,108,195,142,98,178,140,96,30,23,29,99,70,75,117,74,58,112,83,64,108,68,59,102,68,72,107,71,76,110,70,61,110,79,62,100,80,57,113,92,67,33,21,29,196,136,110,187,139,96,188,156,110,197,143,97,31,28,26,102,73,69,101,88,77,105,85,63,96,86,57,105,70,68,115,89,77,104,89,70,105,87,57,107,90,75,102,73,74,192,134,113,174,140,112,176,145,96,174,137,109,175,136,96,176,148,94,102,68,62,115,83,70,113,89,68,100,83,62,109,69,64,97,71,76,114,82,76,93,72,54,108,75,71,108,92,54,193,135,106,194,140,96,26,17,31,23,29,15,174,147,108,176,151,105,114,83,66,108,91,61,95,89,65,105,69,65,101,85,63,95,154,106,102,149,100,98,142,103,182,141,114,177,142,103,174,141,116,192,156,109,189,145,102,184,140,109,186,150,116,182,143,96,178,146,103,178,148,106,91,147,90,81,143,94,83,143,91,80,155,97,95,139,88,80,135,87,90,150,86,190,146,109,184,133,105,179,142,103,189,154,103,186,156,115,191,148,108,175,133,102,184,153,105,94,156,100,83,146,105,85,142,88,87,138,89,89,152,88,94,149,103,93,133,83,88,137,94,80,139,95,83,148,88,183,150,105,176,149,98,176,135,113,181,133,115,95,141,106,94,147,91,82,146,86,89,153,92,92,136,88,80,157,106,90,137,98,89,147,103,84,140,105,83,134,83,91,136,86,98,154,102,85,146,100,97,144,87,97,155,104,93,157,92,102,150,83,83,155,89,85,153,94,83,140,93,94,153,91,99,144,102,91,140,100,84,154,103,94,142,95,79,147,92,96,135,95,101,152,99,81,143,93,88,146,86,84,152,96,102,155,84,99,142,98,98,143,107,81,153,83,87,138,91,82,143,100,86,145,94
1,94,151,101,84,139,90,88,148,85,92,146,100,100,144,89,94,141,101,97,141,83,94,156,91,101,147,97,82,148,102,92,137,99,78,152,87,93,147,106,80,142,83,78,154,92,90,141,84,94,148,102,95,136,98,85,146,86,94,149,93,92,156,93,82,141,94,83,136,95,87,138,103,79,155,85,81,156,99,79,149,88,102,154,103,97,143,91,98,150,103,88,137,85,101,135,103,82,136,105,89,151,92,91,140,89,85,150,86,102,156,98,96,154,100,181,137,107,186,151,94,176,147,107,173,145,112,98,134,105,88,140,89,92,134,104,81,152,103,85,145,90,97,157,106,97,149,105,91,156,93,80,141,103,84,146,91,186,138,111,185,155,115,191,134,104,182,155,103,178,135,111,174,151,98,185,148,96,178,143,110,86,133,92,93,146,84,94,154,90,101,133,97,100,78,61,106,69,53,116,83,71,107,90,61,94,88,68,186,149,104,197,145,101,181,157,112,195,137,103,183,151,100,180,141,110,109,80,71,103,77,66,110,69,53,97,73,53,114,87,67,106,76,65,104,74,55,115,91,68,114,79,75,112,78,71,186,137,114,194,153,108,181,137,99,180,142,114,176,137,110,195,140,102,100,88,68,93,75,67,103,73,65,112,81,69,104,83,64,100,87,55,105,88,72,96,74,72,101,80,70,112,75,60,177,148,105,185,135,105,179,152,109,181,149,96,176,147,97,197,157,97,103,71,58,103,83,62,109,71,64,99,73,62,106,88,54,113,80,60,112,84,56,113,84,53,109,78,64,101,73,54,37,25,13,192,153,112,195,140,112,193,145,94,174,155,108,30,31,36,101,86,77,117,74,63,117,68,65,96,83,67,98,74,69,97,69,67,104,70,56,100,77,70,117,81,63,107,86,66,35,30,16,173,140,98,174,137,98,181,133,96,188,140,114,18,30,15,103,87,75,113,78,77,115,77,59,95,72,61,113,81,68,101,68,75,93,87,62,93,77,60,107,85,56,102,70,56,191,144,109,187,155,100,186,134,106,195,140,101,174,144,95,179,134,94,104,82,58,100,86,64,99,73,67,111,71,69,98,75,60,96,81,68,96,81,57,112,86,66,116,90,70,95,89,67,197,143,102,190,135,102,22,17,33,35,20,20,184,137,114,176,143,105,94,72,59,114,88,58,102,83,62,105,84,68,111,72,68,80,150,94,89,156,85,85,147,84,179,155,104,195,156,111,187,152,107,190,156,93,190,148,109,193,142,96,187,149,106,188,152,113,180,152,117,179,146,112,85,151,92,101,156,102,96,154,93,93,138,83,82,134,89,88,138,86,79,142,100,176,136,101,186,149,113,175,140,110,191,156,100,180,135,99,189,146,99,194,154,102,191,137,99,88,155,104,100,157,87,101,141,102,84,148,106,81,134,91,81,147,95,83,150,93,100,136,83,85,153,83,80,146,91,174,156,101,173,140,112,195,147,117,194,145,97,81,136,99,95,133,96,97,134,91,85,149,101,80,136,92,98,149,87,80,152,101,81,138,83,90,137,91,87,135,99,88,157,83,80,154,96,102,146,106,87,154,85,88,133,102,97,144,98,101,143,95,94,135,85,98,140,91,85,135,93,85,138,102,85,136,91,96,140,102,82,156,99,98,137,107,83,139,94,100,152,95,85,141,105,93,138,107,91,138,106,86,147,86,97,157,106,85,151,86,91,143,88,92,154,97,101,139,83,95,148,105,82,154,91
1,78,140,95,87,149,107,79,133,105,83,154,94,99,142,83,91,155,91,101,153,104,90,154,97,91,144,85,93,137,98,101,148,105,88,157,90,83,151,86,82,139,103,90,143,106,88,146,92,86,136,91,96,139,83,78,135,106,89,152,83,84,150,88,86,133,90,79,151,88,82,154,99,85,142,89,90,141,92,89,145,96,84,133,101,98,134,95,91,151,93,95,134,106,87,157,102,86,133,95,91,142,92,91,144,85,88,147,86,93,154,101,82,155,90,174,133,97,189,149,99,181,151,114,177,150,101,87,143,93,102,134,98,87,153,88,97,154,99,82,150,83,84,155,98,96,154,91,86,133,84,78,135,83,88,146,99,191,148,108,192,134,100,196,146,101,192,145,102,182,137,114,177,136,105,191,146,114,189,152,98,100,149,96,96,148,101,92,151,90,87,149,93,112,81,59,104,83,57,97,89,59,116,70,63,97,92,74,185,134,104,195,147,111,182,150,95,183,147,103,189,136,93,174,135,116,104,77,62,107,79,55,98,76,64,108,75,68,114,86,75,110,76,69,94,90,54,97,68,74,100,73,69,108,88,77,174,147,109,197,151,105,195,135,108,189,156,117,180,137,114,177,144,114,94,87,75,96,79,76,104,82,60,98,73,57,98,75,75,97,80,54,95,82,64,102,72,65,112,91,75,109,84,77,179,138,94,192,151,113,175,137,101,177,139,102,190,139,113,192,153,117,94,91,66,95,90,69,101,92,63,105,90,75,108,72,67,109,79,68,99,68,57,115,90,59,114,91,71,102,85,62,28,35,27,175,141,105,188,140,99,193,151,116,196,134,112,17,16,20,116,82,54,96,84,59,98,83,61,93,74,56,106,86,62,113,91,68,101,75,61,95,85,69,96,92,77,104,88,67,33,26,34,197,144,95,184,134,97,176,149,105,181,143,112,30,17,15,111,77,56,104,70,68,106,92,60,109,81,55,110,88,72,93,85,64,102,68,73,100,69,59,97,79,60,104,78,63,191,152,116,184,139,112,187,138,93,197,155,117,195,143,106,173,133,113,106,90,77,102,72,53,112,73,57,104,86,68,100,87,66,107,69,67,95,69,65,115,68,56,116,92,55,115,75,73,173,140,97,178,139,114,18,20,24,35,22,20,179,155,108,196,141,103,99,81,75,103,80,54,97,80,68,115,77,56,98,70,65,85,149,88,86,143,101,90,138,88,180,152,113,188,137,101,195,150,101,179,151,106,196,156,115,196,134,112,191,145,115,174,147,111,179,151,95,173,144,96,89,153,83,101,147,85,98,134,99,80,146,107,89,139,105,88,151,105,99,150,94,196,154,95,197,144,113,179,153,97,174,155,112,178,150,100,193,144,100,181,137,113,181,153,112,88,133,105,80,143,88,100,156,104,95,133,84,101,146,91,94,146,86,98,143,97,99,147,101,96,139,104,83,141,95,195,152,113,185,155,101,192,138,109,191,146,99,102,149,102,98,151,101,91,149,83,81,138,105,91,145,101,101,152,89,79,134,93,87,147,95,86,138,106,87,152,91,87,137,106,95,138,100,80,149,89,82,143,94,80,138,95,90,156,102,80,148,103,95,138,97,83,152,97,83,136,90,91,152,105,78,150,95,91,133,88,82,151,95,85,135,96,89,134,86,100,138,91,79,142,104,78,156,104,84,142,86,93,146,83,99,154,102,93,136,89,93,148,98,97,139,99,90,142,83,86,147,83,86,137,84
1,99,150,96,90,156,92,93,156,99,91,139,94,100,151,104,86,140,83,100,155,85,82,137,95,97,142,86,88,140,104,88,141,89,81,149,98,78,153,103,89,157,84,97,150,88,82,135,107,91,137,106,89,152,90,83,138,91,78,155,107,94,142,103,78,153,98,87,151,89,94,140,91,80,146,87,85,157,87,88,153,107,82,149,98,86,142,83,82,151,86,84,139,87,82,148,96,78,139,101,83,136,101,81,146,93,94,157,84,90,141,89,98,149,94,183,156,95,177,152,111,189,146,105,195,140,96,94,154,83,88,149,90,78,152,97,90,151,83,99,142,95,84,143,83,93,148,90,101,136,100,95,143,102,85,147,97,184,140,99,184,152,114,195,141,113,174,151,103,193,153,100,179,138,113,181,154,113,196,140,99,101,143,83,90,151,107,94,157,92,87,140,89,116,84,72,93,73,63,101,83,76,95,89,58,108,85,53,185,145,101,197,142,110,184,153,106,188,150,115,185,149,112,178,145,116,109,79,75,103,71,57,108,92,54,116,71,56,109,90,59,106,69,65,100,91,68,93,90,73,116,78,63,102,79,66,195,143,96,183,141,113,175,141,98,180,155,110,186,135,102,183,133,112,102,71,60,113,88,70,98,72,64,117,84,55,101,90,54,95,88,53,96,89,56,111,68,64,94,89,62,116,77,76,178,154,110,176,146,102,183,149,115,196,134,113,196,149,96,174,153,116,105,90,60,103,79,56,111,83,57,105,74,62,115,76,64,103,81,64,110,73,62,108,81,70,97,90,76,103,85,61,24,31,28,177,137,94,184,134,96,194,135,105,173,133,97,26,29,22,114,86,66,108,82,68,106,91,56,111,73,54,97,86,67,105,75,67,107,78,64,104,89,77,107,87,62,116,75,56,34,34,32,179,145,105,187,135,95,185,138,104,179,143,98,17,32,20,117,85,65,98,86,73,95,85,68,113,86,59,114,91,73,114,82,63,112,92,60,113,82,73,97,83,64,96,74,55,197,157,103,189,156,105,177,133,108,175,139,109,191,141,108,194,147,114,110,78,62,113,88,54,107,86,61,104,75,72,99,76,55,96,73,59,106,77,66,115,73,73,110,78,54,105,86,65,187,155,97,196,133,105,37,21,27,22,13,35,183,144,115,173,140,108,103,68,56,116,81,53,103,79,68,116,69,61,108,84,67,99,135,87,85,148,106,101,138,100,188,155,100,184,148,105,189,144,106,181,137,112,186,144,99,197,152,111,193,151,94,192,143,102,188,135,108,195,147,101,101,136,96,94,146,98,87,155,91,94,151,102,90,136,105,88,136,104,98,146,83,173,150,93,181,142,99,184,156,110,180,143,116,197,136,93,174,146,114,188,134,116,187,153,106,78,140,105,99,141,107,89,140,83,79,153,105,92,153,89,86,135,94,82,148,91,102,154,87,101,135,87,95,136,90,179,134,112,182,140,109,174,136,117,190,134,110,93,155,94,102,139,97,87,136,88,101,146,83,78,138,96,98,156,97,86,143,104,102,149,95,80,149,101,98,154,91,82,157,83,90,137,92,95,150,97,94,137,104,78,138,107,95,137,94,84,157,107,91,144,93,82,137,83,88,139,100,87,149,84,85,133,88,89,136,94,92,157,86,90,135,102,88,155,92,91,147,87,84,152,83,102,154,92,87,136,100,89,154,84,92,135,107,80,139,99,84,153,104,89,135,91,91,140,94,87,147,95,89,150,91
1,95,155,106,101,150,107,88,142,107,100,156,97,91,138,83,91,151,90,100,153,92,102,149,95,93,139,97,78,154,88,81,155,102,93,145,86,93,141,89,82,146,92,101,135,98,83,154,88,89,144,86,87,144,100,94,143,83,81,150,88,96,151,101,78,152,85,78,136,84,83,145,90,96,154,84,78,154,86,97,151,83,92,156,90,96,141,100,102,150,90,87,133,89,97,134,96,99,133,97,99,148,85,95,147,88,97,148,84,84,141,93,79,154,94,190,157,113,189,156,98,194,134,98,181,141,105,99,157,101,87,153,89,97,153,107,102,148,92,83,137,93,93,148,101,101,149,90,78,142,103,82,136,91,88,139,99,178,139,100,178,135,99,195,134,95,191,139,110,197,145,113,189,157,98,177,145,107,178,140,103,91,136,85,97,142,89,91,136,92,93,143,95,97,86,67,110,85,57,100,79,63,99,70,70,113,90,73,181,142,102,195,145,112,174,142,109,189,139,103,185,139,102,188,136,106,110,88,69,94,71,68,107,70,54,110,91,66,112,80,64,101,69,65,104,68,54,97,74,64,105,91,62,117,70,62,197,134,108,187,136,101,177,135,115,173,143,102,180,143,116,175,139,107,96,84,60,115,76,71,113,83,75,111,86,57,97,87,56,94,90,70,94,82,67,110,79,74,109,92,63,112,88,72,175,154,112,178,149,111,194,154,97,176,157,107,186,151,106,174,140,110,100,76,68,109,81,57,106,76,66,95,91,65,96,78,73,113,69,55,110,81,53,103,68,60,103,69,76,117,87,53,33,28,30,197,145,95,176,155,101,173,154,107,186,147,93,20,22,34,107,68,54,109,72,65,99,83,62,114,81,62,105,72,57,114,79,54,113,82,61,107,81,58,95,86,70,111,91,60,36,30,36,179,156,114,183,151,100,173,135,105,189,141,111,27,14,27,95,86,71,97,79,68,103,71,56,107,70,61,102,90,53,99,77,58,110,82,63,113,80,67,99,90,56,116,71,77,174,136,107,185,145,93,178,147,112,175,154,97,186,135,104,181,134,112,109,89,64,105,87,55,93,75,71,99,77,70,96,69,54,100,74,62,113,78,59,117,86,59,96,88,68,102,91,57,177,135,106,184,151,109,16,15,24,36,36,37,188,157,117,191,157,95,99,80,74,107,89,69,113,87,63,100,82,72,97,85,54,90,140,102,90,154,100,82,141,99,175,148,117,193,138,112,188,136,99,175,135,114,183,156,109,178,143,94,190,142,99,181,154,98,175,156,96,178,136,115,95,156,88,95,149,106,83,151,86,86,144,92,92,134,103,99,143,92,85,139,88,175,137,103,191,155,104,193,142,99,177,155,101,182,155,99,196,152,98,178,134,107,189,153,113,81,133,93,101,133,100,96,150,105,99,152,105,86,156,106,79,156,100,100,156,85,90,153,97,83,140,107,84,145,101,180,144,96,196,134,107,179,149,104,175,143,99,87,153,89,89,146,98,96,142,85,89,142,104,78,152,92,91,136,97,86,144,93,91,139,98,95,157,84,81,149,98,81,155,93,80,140,83,78,145,89,87,134,101,91,136,88,98,151,101,83,145,87,99,140,107,90,136,100,102,136,94,92,151,97,92,146,92,82,139,97,94,155,99,88,134,97,96,155,83,98,153,92,92,144,94,83,139,107,78,157,90,84,155,105,88,153,83,81,138,90,83,151,83,79,136,107,81,155,88,86,152,90,86,136,103
1,89,154,99,82,137,85,83,135,107,89,135,86,79,150,100,78,155,102,95,151,93,79,145,96,89,152,105,85,143,95,81,155,91,79,133,100,101,136,92,99,144,87,98,150,95,78,145,100,96,137,85,93,156,92,86,148,106,78,148,91,97,154,106,88,138,87,87,152,102,86,154,102,98,150,101,92,145,90,96,136,95,78,134,97,90,151,92,80,155,96,88,154,100,92,133,106,80,144,87,97,144,84,102,146,90,102,143,92,81,153,105,91,147,99,193,143,100,173,141,102,183,145,107,197,144,113,96,149,104,80,150,103,90,140,87,98,142,107,101,139,89,88,133,100,98,144,85,81,137,97,86,149,103,100,136,95,177,146,116,192,149,104,178,133,103,186,154,106,173,143,115,191,151,111,196,156,99,177,153,95,96,147,107,86,145,94,90,139,103,94,137,94,106,87,54,98,92,69,107,88,65,95,90,72,107,90,66,190,135,100,189,151,96,173,137,113,174,150,108,195,142,94,178,150,111,111,75,66,103,88,76,93,69,76,114,75,55,112,68,70,103,82,70,110,73,63,109,76,57,98,68,69,113,80,64,177,134,107,188,142,109,185,134,98,184,157,106,180,148,109,175,135,115,114,88,65,111,69,74,112,82,57,107,75,58,113,84,64,104,92,68,117,82,71,108,76,70,101,91,53,109,79,58,197,138,109,186,135,112,189,137,107,177,146,93,185,143,108,186,149,98,117,90,72,112,92,66,108,72,69,98,77,56,116,90,72,107,84,76,105,84,54,101,73,69,110,83,69,114,87,58,23,31,29,185,147,115,177,155,102,176,152,104,182,136,113,24,28,15,108,81,58,105,86,65,107,73,70,111,72,64,108,81,77,104,78,63,95,76,66,104,87,71,109,75,55,101,74,54,32,32,24,180,138,96,190,151,100,176,153,104,194,140,94,23,34,29,116,80,77,104,76,70,99,75,74,109,85,54,106,83,56,112,71,68,102,73,64,95,84,74,106,87,67,116,78,74,186,145,114,188,136,117,187,153,104,196,137,102,194,134,112,187,155,104,109,80,56,100,88,77,111,75,61,108,76,74,114,86,64,94,69,62,102,70,70,104,88,54,93,91,77,106,69,59,173,148,117,193,155,112,29,22,20,37,25,20,181,149,105,175,143,116,106,78,70,109,83,72,99,77,53,113,76,70,105,87,76,85,150,105,86,135,89,93,133,97,189,148,93,180,154,99,174,157,95,181,135,96,189,137,105,193,134,106,195,134,117,185,149,98,195,156,95,188,152,107,91,141,103,90,148,83,102,143,98,87,138,83,89,134,103,79,150,84,78,134,85,189,153,97,186,133,115,185,138,94,176,136,112,192,133,105,190,150,108,173,156,116,192,134,111,79,142,88,85,137,96,101,153,96,85,155,91,89,145,92,88,134,103,98,141,107,79,155,98,96,154,92,82,153,94,192,137,97,173,138,95,180,152,113,183,137,93,93,146,91,99,140,93,96,139,87,89,146,86,98,149,89,100,148,84,81,143,97,93,142,92,80,153,96,91,137,86,87,155,93,101,151,99,87,154,103,94,155,103,86,148,103,80,146,103,102,153,101,100,140,96,101,136,98,99,143,95,95,138,104,98,145,100,102,135,107,86,154,86,89,143,104,78,135,103,87,143,97,78,133,92,99,133,86,93,139,103,85,147,93,96,135,86,98,138,99,98,146,105,80,140,86,102,149,99,84,152,93,88,147,84
1,80,146,83,81,146,85,99,152,102,101,155,106,89,151,92,83,144,105,85,143,107,82,144,90,92,133,102,87,137,83,100,145,94,97,151,101,88,153,104,86,141,83,95,133,106,96,151,93,95,152,87,98,154,99,82,136,103,88,142,101,102,153,105,101,146,89,78,149,90,97,155,105,93,148,87,99,143,86,95,149,90,84,150,103,96,143,90,87,151,85,79,138,95,85,152,100,101,146,92,96,140,94,87,141,101,97,153,98,78,147,93,88,142,94,179,150,110,178,137,100,193,156,101,173,151,96,92,134,107,94,155,101,88,148,92,84,149,87,91,148,99,82,150,88,92,144,101,94,147,95,94,134,97,96,150,107,175,134,104,176,155,100,176,142,106,191,138,111,192,140,99,193,149,105,196,154,99,181,144,109,93,138,90,90,140,103,90,137,99,88,156,105,109,77,73,111,85,55,96,88,61,104,83,64,109,91,67,180,150,106,190,149,93,184,134,115,187,142,103,176,136,103,178,142,107,95,84,76,107,91,55,93,88,54,93,92,59,93,69,60,103,89,57,114,83,63,96,82,73,98,84,65,100,72,61,192,142,110,188,157,115,189,140,106,197,134,115,194,134,97,192,149,102,116,88,75,104,88,64,116,85,58,109,70,62,117,80,73,96,82,76,98,83,53,95,85,71,96,74,69,110,83,77,177,136,108,194,137,114,190,140,105,173,146,112,185,146,110,189,157,117,101,92,61,110,83,71,102,87,60,95,82,59,99,72,57,93,81,58,101,90,70,93,82,58,107,77,59,103,84,74,24,25,31,179,157,97,189,148,116,181,155,100,197,142,97,14,23,13,98,77,54,111,68,64,94,85,73,99,90,75,102,79,54,99,82,60,104,68,72,98,88,65,117,86,58,103,90,74,36,33,18,186,135,108,184,135,104,181,135,109,190,153,97,35,18,34,109,82,54,94,72,55,99,81,77,113,70,59,112,86,71,98,74,57,99,86,74,109,90,67,115,76,74,113,77,63,176,138,97,187,146,113,194,154,93,187,150,106,186,133,107,195,145,102,102,88,74,97,92,53,107,69,68,108,71,60,113,79,74,111,87,57,116,75,60,95,73,70,112,86,69,103,71,55,189,156,106,196,154,93,24,21,17,19,15,16,193,138,105,177,144,117,107,76,69,112,76,65,105,90,68,102,80,75,103,78,53,89,147,93,99,135,101,86,140,91,177,143,101,189,137,113,183,154,93,190,144,116,197,135,95,184,142,111,181,147,115,184,156,93,194,142,106,184,139,101,83,143,92,98,137,87,102,149,100,78,153,90,100,137,96,78,138,101,93,153,106,195,156,102,197,150,93,183,147,112,186,155,113,190,147,114,179,139,117,184,138,94,176,149,110,97,147,95,80,135,84,99,152,97,91,139,84,83,149,96,91,156,103,98,144,90,89,155,104,95,135,100,96,150,94,187,152,96,194,147,98,175,141,109,185,150,110,83,153,90,95,155,94,89,136,104,89,136,83,102,154,101,85,141,95,91,147,90,79,149,100,78,141,100,99,133,99,80,138,106,93,157,87,93,155,91,91,133,84,80,157,86,80,144,96,91,140,103,81,156,85,78,156,99,86,150,94,88,147,105,97,153,89,97,154,90,94,136,87,86,133,86,87,148,95,90,151,95,86,150,91,91,135,93,97,136,83,81,142,93,83,151,97,98,136,97,99,139,106,78,141,89,99,136,107,80,139,99,92,143,83
1,96,139,85,98,133,106,91,155,86,93,140,93,100,144,104,97,152,98,81,148,98,92,138,86,91,145,92,79,135,95,83,143,101,88,139,91,89,141,97,97,157,98,82,150,106,99,133,99,97,157,89,93,137,93,96,144,96,81,145,106,95,152,100,84,148,104,88,133,86,87,150,86,102,154,84,83,148,83,102,154,90,90,141,105,90,144,105,93,145,85,101,153,84,89,137,98,83,139,104,93,144,92,84,143,92,93,148,100,99,134,86,88,138,96,194,133,108,182,150,105,191,155,112,179,143,109,94,139,101,93,156,100,102,141,97,97,136,105,99,145,95,88,151,103,80,142,92,86,144,83,85,138,105,84,136,87,181,153,109,193,156,111,176,157,101,178,148,101,177,154,103,189,151,96,184,152,105,183,142,103,99,150,87,93,139,97,100,138,83,86,136,96,109,86,59,112,90,61,98,76,56,109,78,53,102,84,71,174,133,105,173,145,108,173,149,115,188,145,97,181,133,109,177,150,99,99,88,54,93,89,71,98,83,59,100,84,63,97,85,72,98,78,68,93,72,75,105,89,68,98,70,70,98,79,68,175,144,107,188,140,116,176,148,103,180,145,100,192,147,110,197,145,113,112,69,60,105,71,69,101,75,72,116,81,70,98,73,71,109,88,59,99,81,71,95,86,63,107,71,68,110,74,53,174,155,99,173,153,104,185,142,101,175,143,110,192,145,110,191,154,108,102,84,57,114,85,67,103,88,70,116,74,74,114,74,77,96,85,73,100,89,72,93,91,76,97,70,63,115,83,60,33,17,13,190,139,115,186,136,116,185,155,98,177,149,108,31,22,28,100,70,55,93,86,69,97,69,62,109,71,66,96,70,59,100,81,58,110,85,74,116,79,68,113,69,56,104,85,76,32,37,26,188,136,111,186,144,98,193,146,113,180,155,93,18,34,26,106,87,69,94,74,57,113,89,67,116,74,71,116,91,71,117,81,66,105,73,71,93,86,55,99,82,62,95,73,70,179,156,111,194,135,114,187,144,114,185,148,99,197,143,94,194,150,98,97,90,53,115,76,68,114,89,75,117,75,53,96,86,57,101,86,74,93,82,61,109,84,58,101,71,70,99,88,59,184,146,107,177,133,108,34,34,15,33,31,13,176,141,115,188,140,116,101,91,57,107,73,58,94,84,71,104,85,74,93,87,53,99,136,94,80,147,92,99,150,101,189,146,97,177,133,106,190,146,108,180,146,101,180,153,110,192,141,95,197,144,98,180,144,111,189,157,98,193,134,97,96,153,84,80,145,105,102,145,94,81,144,85,92,141,98,92,157,107,83,140,104,182,139,114,186,145,113,186,142,107,192,149,114,194,142,113,186,143,113,173,139,100,184,133,101,90,149,107,100,134,105,81,143,105,82,147,95,89,134,102,90,134,90,79,147,94,100,149,93,91,152,104,84,157,105,192,153,106,180,137,98,191,152,96,192,141,116,98,143,105,93,145,90,98,141,89,85,152,101,102,148,85,83,140,96,85,134,96,81,152,90,92,155,104,101,147,103,79,145,86,97,149,98,95,156,84,98,135,100,92,154,85,91,145,103,96,151,89,86,153,85,79,143,93,90,148,107,99,138,91,82,147,91,82,134,103,98,147,107,94,142,88,98,147,86,102,147,104,80,139,97,88,145,92,95,146,97,101,157,86,86,140,96,86,150,101,85,145,85,92,143,102,78,149,99,98,148,105,78,134,87
1,89,136,99,95,138,100,81,145,84,83,157,93,85,140,91,87,135,107,81,133,88,83,134,85,85,151,87,80,146,83,98,151,87,82,149,102,84,147,83,101,152,106,97,148,88,91,140,90,82,151,89,85,154,84,78,137,89,83,150,105,88,138,86,82,141,83,79,145,87,82,141,86,93,142,106,94,145,84,78,145,91,96,154,99,94,156,88,86,147,105,91,152,83,98,138,101,78,156,88,92,145,101,100,152,101,78,141,93,79,154,100,83,133,103,178,157,117,186,156,112,177,147,110,178,154,112,93,138,106,88,139,101,94,139,105,93,142,93,85,147,91,79,135,106,83,145,100,86,157,102,79,150,94,91,142,89,177,153,93,186,143,112,180,136,97,181,149,100,197,157,110,178,147,112,174,145,113,183,157,117,87,143,97,85,141,104,95,156,93,86,136,89,97,75,66,105,70,66,98,79,58,100,69,74,117,89,70,175,152,114,187,139,114,196,139,115,193,141,112,182,143,97,197,133,101,104,92,57,101,72,73,94,79,58,106,89,68,99,84,73,117,84,72,93,88,67,117,80,76,96,75,56,113,90,70,197,148,115,185,140,114,194,152,103,182,155,94,173,138,97,173,155,98,115,81,77,107,85,70,106,86,64,96,73,68,116,68,63,108,68,75,98,83,59,113,68,77,114,75,69,98,69,54,173,154,94,179,151,93,175,136,94,190,134,94,191,138,110,178,136,117,93,74,70,109,83,69,96,78,56,102,71,67,109,86,58,106,79,62,94,70,65,98,91,62,97,87,64,114,79,64,20,29,28,174,151,108,191,135,103,194,142,98,178,155,116,14,24,30,114,74,57,115,84,60,108,70,75,104,84,68,103,77,61,112,80,59,98,76,57,102,80,65,94,77,68,98,87,61,29,21,17,178,133,112,173,133,96,196,142,100,176,134,95,26,33,14,112,82,76,93,91,66,107,88,54,101,91,60,93,73,61,96,87,59,104,69,69,115,68,64,101,73,59,100,92,64,188,142,95,184,136,110,197,136,117,180,141,98,194,150,113,189,136,104,95,89,61,107,91,60,111,91,71,93,78,60,107,86,73,115,88,71,111,71,75,104,89,63,108,72,70,115,83,65,190,142,113,176,149,117,16,26,17,36,30,18,185,136,115,179,145,97,101,75,73,102,89,56,111,70,67,114,88,59,115,92,71,88,151,90,82,151,94,87,141,106,196,133,103,196,143,101,197,153,105,180,154,97,175,150,98,187,133,93,197,157,105,197,156,97,186,150,106,176,134,110,102,157,92,87,148,96,79,153,98,93,152,99,96,149,101,90,154,88,94,146,98,182,139,100,179,155,112,193,150,116,192,149,103,197,137,103,197,150,109,174,142,111,193,145,115,83,144,88,89,156,93,95,133,90,100,136,93,85,152,106,88,139,85,101,139,85,84,144,87,80,142,106,94,143,104,188,143,95,187,141,100,197,135,112,178,153,106,82,135,101,92,157,105,85,136,92,89,147,88,91,153,94,87,138,93,94,154,96,101,145,83,81,151,104,101,141,95,100,136,86,91,133,100,81,133,98,87,154,93,83,144,92,98,150,95,81,153,107,101,143,84,94,144,93,81,135,84,98,157,107,95,133,89,78,145,104,81,144,92,93,135,84,88,147,100,92,134,90,98,147,86,84,157,86,80,157,101,87,153,87,100,147,85,79,134,89,91,145,96,78,146,89,82,150,105,101,148,102,94,150,85
1,102,144,101,86,155,104,88,146,106,79,145,101,98,143,93,98,155,101,96,136,93,83,157,91,83,148,105,88,154,84,97,133,86,90,153,86,88,139,103,99,145,91,86,157,90,102,135,95,83,140,83,78,140,83,78,142,104,89,157,103,83,134,99,102,138,89,88,133,102,90,149,100,101,149,104,95,156,90,80,135,92,96,145,89,100,149,96,93,146,100,86,141,91,80,154,107,82,136,102,80,148,107,79,145,87,82,153,86,93,150,101,87,137,107,186,156,93,179,137,93,173,157,116,179,154,111,78,138,102,81,143,92,82,144,102,87,155,87,94,140,107,96,155,100,81,136,87,81,134,93,96,148,83,80,138,104,181,154,101,177,155,99,185,133,115,177,143,106,188,140,98,195,138,112,176,147,96,178,140,116,83,134,102,101,143,93,87,133,102,84,141,90,105,90,69,113,92,70,106,86,56,101,85,54,99,68,65,186,144,105,194,151,99,173,156,93,196,153,112,174,140,109,194,148,103,113,78,66,107,80,55,100,76,58,110,72,60,99,76,61,100,68,75,101,83,55,102,73,68,97,91,53,104,70,76,179,152,104,182,136,102,191,136,117,186,136,113,196,135,95,177,149,101,97,78,66,113,70,72,105,73,60,117,72,73,105,91,70,106,72,64,95,74,67,108,72,68,105,89,72,93,79,64,184,152,93,189,142,114,189,139,96,173,139,101,182,146,112,181,139,94,107,77,72,109,88,75,98,69,72,108,92,73,105,84,55,97,82,69,109,84,75,112,68,77,95,88,58,97,80,72,31,24,15,192,134,106,178,152,117,182,142,97,173,144,98,13,19,14,106,91,63,108,71,57,110,83,64,115,74,59,114,77,69,93,88,77,110,92,53,95,74,66,94,77,71,102,83,61,35,37,17,176,141,98,183,141,116,195,156,110,178,147,96,30,31,30,93,77,63,107,80,71,98,73,71,106,73,64,110,90,62,117,83,73,93,83,74,97,71,68,106,87,73,114,86,75,191,144,112,174,144,100,174,141,101,180,157,95,193,152,107,182,134,105,100,88,72,104,87,54,108,68,54,112,82,62,94,82,60,100,86,68,99,78,56,117,68,77,111,68,71,99,89,59,175,149,106,195,149,100,34,31,29,34,23,31,175,141,115,185,152,100,105,80,76,115,80,60,111,70,74,110,86,54,94,86,56,94,155,83,93,140,103,83,157,86,189,151,117,193,144,96,181,153,95,192,148,115,179,141,109,185,134,107,194,135,107,197,156,108,183,142,104,197,133,108,98,156,94,100,145,99,99,146,100,78,142,107,93,148,105,96,134,107,100,134,85,193,139,110,195,150,104,191,147,114,190,147,95,191,135,100,192,138,95,176,148,94,196,143,111,87,145,95,96,145,86,86,154,98,96,147,104,96,139,99,96,137,95,97,141,99,80,140,104,85,156,94,82,151,104,184,156,101,193,134,113,194,133,104,196,142,103,85,133,92,82,136,92,101,156,90,80,155,96,101,146,94,81,150,101,96,157,102,86,133,89,90,154,106,86,134,87,96,150,85,91,149,98,95,153,89,84,138,95,83,136,83,78,140,104,95,143,99,97,141,98,82,151,86,88,144,86,88,154,88,81,151,99,102,139,96,100,137,89,100,133,100,80,157,103,92,137,105,90,133,98,91,135,87,86,137,84,87,141,85,88,145,100,99,137,106,98,134,98,82,148,104,97,151,102,98,151,92,96,155,102
1,86,153,84,102,136,105,94,152,99,96,138,95,91,138,107,96,140,107,102,155,103,90,147,91,79,149,103,91,144,96,101,134,83,83,156,88,96,143,107,100,148,83,85,142,101,84,144,106,89,139,91,81,148,95,79,148,102,100,149,98,90,148,102,97,140,96,101,150,107,97,136,102,89,138,84,96,149,92,90,155,90,87,148,97,92,141,86,89,142,107,91,139,103,84,142,104,87,155,86,97,134,85,83,150,83,83,151,85,87,139,101,86,137,107,174,147,101,189,134,95,183,144,112,187,138,94,89,145,93,82,138,97,80,152,87,101,146,103,95,133,97,89,134,103,79,151,95,92,133,99,85,139,99,94,155,99,173,146,111,187,140,117,179,149,97,189,148,109,194,152,113,196,152,114,175,154,107,177,139,103,83,150,106,95,136,94,81,139,96,97,157,102,98,84,68,96,90,53,93,73,59,111,83,67,93,76,60,175,139,102,184,157,115,184,135,106,179,149,109,189,157,100,178,149,112,112,82,74,116,71,54,104,82,63,101,90,72,110,70,56,95,92,70,93,87,70,95,81,66,114,68,76,117,85,71,190,153,112,176,155,96,177,149,96,182,148,96,181,140,110,194,142,94,96,70,63,113,77,53,114,92,59,99,78,72,106,86,54,94,82,54,103,78,59,93,87,66,97,91,68,107,70,70,186,151,109,186,150,99,174,136,107,188,146,98,185,134,112,194,141,116,112,72,75,108,89,62,104,75,68,112,79,77,113,80,72,106,85,58,105,90,54,115,80,72,97,85,77,93,77,56,27,32,33,184,150,110,194,156,99,174,140,100,183,134,93,19,27,25,105,69,54,98,84,63,103,69,59,110,76,74,107,92,55,93,81,69,113,87,68,99,92,55,107,75,66,107,72,60,35,15,14,194,136,115,173,152,102,184,151,107,184,154,96,20,13,16,98,68,68,100,68,70,95,80,59,102,84,56,95,68,77,103,68,57,117,82,77,98,78,73,107,82,77,98,81,55,192,143,110,195,142,117,180,145,96,195,138,108,179,144,110,184,150,114,97,77,59,102,84,57,97,84,53,109,78,67,105,73,74,99,80,58,100,86,55,106,90,56,100,91,63,93,72,62,190,154,116,183,143,117,18,23,25,29,27,35,193,134,109,190,134,105,115,74,64,108,72,71,109,88,72,110,72,54,104,77,55,85,147,106,83,150,88,97,136,88,187,135,105,182,140,96,193,145,112,183,153,110,174,134,106,189,141,95,197,154,95,186,134,98,193,134,116,175,138,97,81,157,87,89,150,92,93,157,87,85,149,97,87,149,92,94,151,105,85,157,103,186,151,109,173,155,97,178,143,94,191,136,99,184,154,116,187,155,114,190,157,95,179,148,115,86,138,86,87,135,93,102,148,83,96,152,94,82,136,84,102,141,95,78,143,102,95,151,101,83,145,86,81,133,104,182,142,116,188,156,114,186,154,115,176,155,102,96,157,91,84,142,83,89,134,85,85,157,107,91,149,86,97,142,104,102,154,94,92,143,91,100,155,94,83,140,93,89,157,99,97,147,87,96,143,94,78,144,94,82,141,85,81,133,99,93,153,85,88,142,83,97,151,88,83,152,104,99,139,92,91,145,88,97,147,88,89,156,92,95,140,94,86,144,105,97,151,93,92,138,96,84,142,99,101,144,93,99,133,84,82,140,104,78,152,106,98,147,88,97,145,104,92,157,100,83,150,95,90,135,101
1,94,137,99,88,152,83,86,134,96,82,134,101,98,142,90,87,136,83,82,140,105,102,133,86,99,139,84,101,136,85,85,137,95,85,140,102,95,150,96,94,142,101,91,146,96,94,145,98,84,141,106,94,136,94,99,140,101,80,138,88,80,152,83,86,139,105,102,154,95,79,143,96,96,134,91,102,140,96,100,142,105,101,141,91,101,157,104,90,157,102,86,142,87,98,135,105,80,133,96,92,133,102,97,153,84,89,139,103,79,140,88,91,157,103,175,143,96,193,150,107,176,134,101,173,154,102,86,146,91,102,157,95,85,150,101,95,151,87,82,149,92,79,135,92,101,141,106,98,152,98,96,134,105,98,154,93,193,148,113,180,143,109,174,143,101,176,146,100,176,149,112,195,138,107,184,134,117,173,146,114,99,151,88,81,143,89,97,153,83,99,133,93,93,90,66,115,83,75,115,77,77,109,88,77,96,92,67,192,157,110,195,151,94,179,154,113,180,134,100,191,140,108,184,157,113,114,91,69,96,92,59,115,68,75,96,72,55,107,68,72,111,90,62,102,86,63,107,70,70,95,74,61,96,69,58,192,133,106,176,145,111,176,155,110,197,143,99,186,135,94,186,148,93,107,80,71,105,83,53,98,78,75,109,87,56,97,83,56,108,83,60,98,80,70,113,78,75,113,83,70,117,70,54,184,156,97,189,151,102,175,146,114,195,150,106,180,135,109,184,144,97,114,78,66,107,80,75,108,85,67,112,89,53,103,91,62,96,70,66,114,91,65,112,70,55,104,74,62,93,88,63,17,37,22,177,146,112,197,152,106,194,151,106,191,147,106,29,26,32,111,68,54,107,85,58,109,71,65,93,76,56,117,75,68,111,90,73,106,76,74,94,77,71,108,69,59,110,75,62,16,13,20,175,136,95,184,144,108,197,153,108,174,135,110,20,13,34,114,83,69,102,87,53,109,73,77,101,79,65,93,89,75,112,77,60,97,68,56,99,69,57,97,74,71,117,88,60,193,144,101,174,140,104,187,135,100,179,157,110,181,141,108,178,153,107,110,70,57,96,87,65,113,90,63,113,90,68,100,79,55,103,89,62,111,80,54,114,80,66,94,82,75,106,81,61,188,135,97,181,139,102,36,36,25,33,30,20,181,149,103,182,151,107,103,71,74,103,83,72,109,69,53,103,84,60,97,81,73,96,148,103,85,145,84,91,140,106,174,135,107,192,149,113,177,155,95,196,134,112,183,152,98,188,150,100,195,156,100,178,150,103,192,156,115,185,150,100,86,143,86,80,146,105,80,155,84,90,144,85,88,153,86,84,149,87,102,138,88,186,137,112,197,139,105,197,143,109,190,140,101,196,152,112,185,134,103,177,134,116,182,150,110,82,143,87,90,154,97,99,152,85,101,139,99,94,144,85,89,149,95,96,142,84,97,142,99,92,135,99,94,137,102,192,135,113,187,150,93,197,148,105,186,136,104,86,144,105,94,156,83,99,153,96,81,149,97,79,133,85,84,146,93,80,137,88,78,135,96,84,144,97,90,152,86,85,145,92,98,147,88,99,143,101,95,144,95,95,141,88,81,155,88,82,149,102,94,143,89,102,143,91,81,141,90,79,136,103,96,141,88,90,147,90,90,139,87,88,136,94,85,135,84,100,141,103,85,133,100,78,142,93,85,135,84,102,134,88,88,152,84,87,147,94,87,155,98,91,152,85,92,136,90,89,151,93,80,153,99
1,86,146,101,100,136,98,82,149,92,93,135,87,92,136,102,97,137,98,83,142,85,97,150,105,93,150,89,85,140,89,79,146,94,89,154,102,92,157,95,80,140,94,88,137,105,82,133,105,82,137,97,97,146,86,99,148,97,99,133,84,80,138,100,79,150,94,102,156,93,100,135,97,83,153,101,86,150,100,100,152,100,85,140,105,100,136,85,96,149,101,91,150,90,89,142,84,89,137,104,88,153,95,86,133,106,90,133,103,88,145,92,84,137,102,173,134,109,190,152,103,173,151,95,183,148,114,83,148,93,78,157,107,91,155,90,99,146,88,82,152,100,83,157,88,88,133,94,85,149,95,88,139,85,82,139,93,190,141,109,195,141,97,174,151,101,175,149,101,182,141,106,195,157,98,197,134,101,178,142,103,101,148,103,96,147,88,92,139,107,80,140,104,112,73,75,95,71,73,109,69,69,117,92,73,117,73,74,191,140,110,174,147,101,179,149,103,197,153,107,178,152,94,180,137,95,114,81,63,96,78,64,106,88,67,100,91,59,107,80,55,94,82,57,107,82,74,116,85,75,115,83,76,106,88,63,193,156,112,188,140,97,182,146,93,184,154,108,197,157,94,184,133,97,115,70,56,112,72,63,93,91,77,104,84,74,117,74,65,115,84,58,103,92,55,107,92,54,113,72,61,113,79,73,196,144,113,177,145,107,181,146,111,194,140,102,182,139,98,197,137,98,110,74,67,98,70,59,93,73,74,108,74,58,97,68,62,102,85,62,93,88,53,93,76,64,99,77,62,101,80,58,18,28,36,192,137,109,175,148,97,188,138,101,197,140,99,21,27,27,98,89,53,101,85,75,101,77,60,108,80,57,113,85,57,103,89,64,111,87,62,110,77,70,98,91,68,104,86,65,24,24,32,190,148,106,197,153,116,197,154,117,191,141,96,20,13,13,109,92,74,107,70,54,106,72,60,103,92,72,113,71,65,111,74,77,96,84,58,114,76,76,101,92,65,114,77,71,183,145,115,185,154,114,183,145,115,186,133,98,194,133,108,186,153,97,101,91,63,95,75,76,94,86,66,96,92,57,107,91,60,102,90,69,103,83,72,117,89,62,112,77,55,117,85,62,195,142,98,186,143,114,21,31,33,23,20,27,174,144,108,184,141,112,102,70,63,109,82,62,101,87,56,103,89,53,98,72,58,101,152,93,80,156,100,101,144,104,190,152,107,185,149,95,175,145,115,183,144,93,195,149,112,176,142,112,174,149,107,186,152,111,176,144,107,181,150,117,78,134,92,101,149,104,91,157,101,79,149,104,78,155,87,90,148,106,94,137,88,181,151,93,196,152,117,180,142,97,197,148,101,192,147,109,182,147,103,178,138,109,175,144,103,80,143,95,83,153,92,97,152,90,101,148,87,96,152,93,101,155,105,82,134,91,84,134,86,90,134,92,82,146,90,196,148,104,192,152,113,197,156,108,195,156,98,96,149,92,90,153,99,89,149,93,92,146,83,89,133,104,88,148,94,97,157,101,93,144,105,84,156,102,83,151,104,80,150,99,102,153,103,99,136,102,86,134,94,86,149,91,91,156,94,83,151,85,100,150,101,84,144,99,79,144,100,84,134,97,90,150,87,99,133,93,86,137,95,78,137,107,86,141,87,100,136,85,93,155,90,102,149,92,97,145,87,101,147,91,85,155,105,91,150,106,87,150,94,79,147,83,80,140,105,87,137,88,85,143,106
1,88,156,83,86,142,105,101,133,94,93,156,105,81,134,104,91,137,84,94,153,84,82,133,86,98,136,84,86,135,87,89,149,99,91,155,84,87,152,103,90,133,87,98,138,93,79,152,88,99,133,86,81,152,100,94,143,93,83,145,85,93,137,99,102,155,87,93,134,87,100,145,86,82,144,101,82,157,97,96,148,95,78,141,84,83,147,86,95,155,89,102,133,86,78,134,99,99,141,101,89,137,93,86,134,83,101,156,89,89,154,86,102,154,106,190,149,113,197,152,99,181,156,103,188,145,102,96,142,97,94,154,101,92,152,87,90,155,107,99,156,101,98,135,85,90,153,107,100,156,85,91,155,104,86,145,95,185,154,113,179,138,106,186,140,114,195,156,95,189,150,97,192,147,109,193,157,107,185,150,115,82,142,94,94,153,92,94,143,85,90,146,88,106,75,63,107,78,62,115,84,77,102,78,58,102,68,64,181,136,106,190,139,117,179,136,101,178,136,114,195,157,102,187,138,113,100,84,54,99,73,67,94,78,63,102,76,53,98,83,62,95,92,58,101,75,57,93,91,63,109,86,73,98,68,76,196,148,112,173,153,101,193,137,105,194,146,96,194,156,100,185,153,107,106,74,62,113,84,64,97,85,63,114,72,72,103,84,53,99,90,74,96,72,53,96,75,76,98,91,68,116,87,65,189,143,104,197,151,105,183,153,98,175,156,95,188,148,116,190,133,93,98,84,56,94,78,71,99,87,53,100,69,65,102,90,56,105,83,74,93,73,76,95,77,71,98,88,77,112,69,67,29,19,21,173,136,93,187,147,114,177,144,114,173,137,96,14,31,30,103,86,59,94,88,66,115,68,69,101,74,69,113,72,72,95,75,64,99,86,77,101,70,74,113,71,69,117,83,57,27,21,18,192,139,100,175,147,104,186,135,99,186,139,96,16,24,31,105,88,72,104,88,64,102,87,74,95,91,67,110,69,70,110,78,63,108,80,60,101,71,76,115,81,58,104,75,56,186,141,93,193,138,115,179,147,100,191,139,94,196,141,104,195,155,107,101,71,74,97,87,70,106,68,76,114,90,60,108,83,71,117,68,63,101,72,63,100,70,68,113,68,57,108,82,68,178,136,113,196,157,114,27,34,29,30,33,28,196,137,110,197,147,109,97,92,65,103,68,54,113,74,55,116,73,59,104,77,69,101,140,96,91,138,93,85,152,95,188,136,110,179,137,117,179,151,103,179,133,97,175,143,103,191,144,98,177,139,111,193,140,96,183,152,115,194,154,95,79,144,105,80,150,106,88,134,103,93,151,98,82,138,99,81,134,106,95,151,86,190,155,109,187,133,109,192,150,103,174,134,94,180,149,110,193,152,96,176,156,100,177,134,100,90,133,101,90,133,89,85,148,91,96,145,85,83,145,101,78,147,87,101,149,84,93,152,90,100,142,92,91,152,95,192,133,113,191,136,94,178,139,95,191,157,100,92,151,106,98,156,106,99,149,84,86,141,95,78,133,98,96,135,102,86,151,88,84,143,102,100,155,104,83,134,88,93,139,104,79,142,101,102,151,98,94,134,93,88,157,84,81,142,91,85,133,86,81,135,103,91,148,83,89,136,87,99,135,84,93,143,90,88,139,94,102,154,92,99,138,106,85,146,94,99,139,107,93,144,94,95,141,102,81,137,103,95,138,95,87,138,92,96,135,91,102,149,93,97,145,86,94,152,92,90,143,103,95,143,91
1,101,147,90,97,150,101,85,153,83,80,146,86,83,148,102,82,142,88,90,137,99,80,135,93,78,147,86,91,150,101,82,139,87,102,157,86,93,136,85,86,145,97,88,139,84,80,143,107,93,134,93,89,147,106,79,136,91,85,154,83,82,157,97,100,145,97,98,152,104,96,136,104,94,137,91,102,141,83,86,137,106,95,140,87,86,138,83,79,152,93,86,135,84,94,142,87,97,147,102,100,146,98,90,142,87,91,140,106,85,155,89,81,139,88,184,146,98,175,138,113,187,141,95,196,155,102,78,155,93,89,136,96,99,157,87,101,152,97,92,137,102,80,145,86,99,157,107,91,151,90,86,151,96,80,147,92,185,141,110,187,153,115,189,138,94,188,154,111,183,156,115,177,134,108,183,148,93,181,153,117,90,141,100,99,139,104,92,135,93,84,157,84,99,83,66,99,89,56,108,76,69,96,90,66,107,76,60,176,137,96,196,150,98,187,137,104,191,146,107,180,142,114,188,143,99,113,71,68,110,77,75,95,81,73,101,82,76,103,91,65,93,87,56,103,82,76,115,79,61,96,79,67,112,81,56,194,141,117,177,150,98,180,141,97,195,150,98,174,152,107,189,149,106,97,72,60,114,78,60,101,91,58,97,71,60,113,72,75,110,81,70,108,90,71,114,83,59,98,78,71,110,88,71,185,134,112,191,155,100,197,152,102,188,144,110,184,152,109,192,140,102,101,75,57,116,84,54,117,71,72,101,89,53,112,77,64,95,82,67,111,68,75,96,83,55,104,92,62,109,86,61,31,36,23,174,144,100,194,145,97,180,146,114,173,147,106,30,18,26,100,82,62,115,68,65,109,90,63,111,81,61,106,79,57,95,78,68,97,77,70,112,78,65,115,80,63,101,81,62,19,32,29,191,151,108,194,152,99,173,156,107,173,133,101,25,26,26,94,91,77,115,79,74,98,72,75,106,91,56,97,77,68,96,74,53,103,73,53,105,76,75,93,91,71,95,87,73,175,156,117,187,156,93,185,146,111,180,143,102,189,152,96,195,153,93,98,90,55,96,76,76,93,86,55,103,78,70,96,80,68,99,84,59,100,87,75,111,82,53,102,87,69,99,78,66,180,138,108,188,134,99,25,15,31,20,17,29,189,153,116,188,143,97,103,82,66,110,83,64,114,73,65,101,75,67,112,89,68,100,151,98,101,143,87,88,142,87,176,147,95,197,152,96,186,149,101,195,152,115,183,151,110,178,156,105,179,157,102,195,151,102,193,143,112,174,143,115,84,147,94,102,153,104,98,141,101,97,134,91,97,153,93,100,136,107,80,155,91,176,133,95,173,150,112,196,150,107,193,138,105,191,154,93,184,152,102,187,136,99,188,139,111,82,145,105,90,146,101,89,157,104,101,152,99,80,153,99,84,157,98,100,133,89,96,141,98,101,140,105,81,157,88,197,153,103,181,152,108,174,148,104,176,142,111,98,148,96,93,142,84,79,137,100,90,148,91,101,136,96,78,147,90,102,135,101,94,144,84,86,148,100,95,137,93,89,145,104,91,136,88,95,153,88,102,142,84,94,137,100,99,147,106,102,137,97,98,157,92,79,145,92,93,134,100,94,147,84,86,142,101,80,153,96,99,133,98,100,139,83,82,148,105,89,153,100,93,151,91,84,137,106,78,144,84,78,134,107,102,152,104,86,154,89,90,143,102,91,156,83,93,143,91,102,144,91,100,154,88
1,83,139,89,91,133,96,102,155,101,86,139,107,87,147,87,96,154,96,96,155,104,85,138,86,88,137,101,100,151,94,96,145,85,101,147,103,79,149,99,89,141,100,101,155,86,95,149,87,91,141,102,99,156,103,78,154,101,86,135,105,83,144,92,93,137,92,91,139,89,79,157,89,87,143,100,100,156,92,78,151,104,101,141,89,79,149,101,87,140,103,101,146,96,91,155,92,93,154,84,88,142,104,93,136,101,96,145,86,85,157,105,99,154,84,186,152,104,188,155,94,188,136,100,173,156,109,78,137,104,98,149,98,94,143,88,93,155,87,101,141,92,78,146,101,88,139,94,100,135,98,80,147,86,81,150,99,177,137,95,180,136,107,177,140,105,196,135,99,177,153,117,197,150,94,173,134,117,176,152,103,97,142,83,94,153,105,93,141,102,89,133,89,99,76,66,107,68,64,107,82,59,105,89,61,96,77,54,178,138,105,192,144,106,178,156,93,192,141,109,182,155,113,185,135,117,116,85,54,97,84,69,97,74,71,109,85,77,102,74,68,108,72,56,95,84,59,113,88,55,110,90,63,95,90,68,183,153,100,174,152,113,188,138,114,173,141,109,195,145,110,176,150,97,94,92,61,95,72,77,112,91,57,103,69,66,111,85,73,100,73,55,101,90,73,115,76,64,114,88,66,113,85,73,197,146,99,175,142,106,190,148,117,173,141,116,175,136,104,176,146,115,106,86,63,103,74,72,97,92,55,110,71,75,96,89,57,102,80,61,114,84,74,110,69,67,110,85,72,112,69,68,14,27,28,180,133,111,190,140,112,178,138,98,189,137,96,33,13,17,96,79,57,99,76,74,109,77,56,107,90,75,96,86,60,97,73,63,107,70,67,107,87,55,109,79,54,105,77,56,32,27,35,188,140,97,173,139,105,173,148,96,182,151,115,29,27,14,99,82,69,115,76,77,101,79,68,113,91,66,114,82,66,114,74,56,116,77,56,115,74,74,96,90,72,98,87,72,179,138,98,196,140,111,182,156,108,197,154,110,174,134,94,184,133,117,106,82,56,104,80,74,105,74,65,110,90,63,106,84,69,114,69,55,94,86,73,112,87,68,117,74,61,110,89,58,192,134,101,184,133,104,28,19,17,36,26,33,185,139,94,184,146,97,114,79,76,111,82,57,97,74,68,93,86,77,96,76,62,83,154,103,95,149,91,88,150,89,175,154,117,186,133,102,192,145,117,194,157,94,192,136,99,179,133,108,187,138,105,196,137,112,177,149,107,184,134,102,89,140,107,100,154,87,100,149,87,87,150,94,99,155,99,79,137,105,88,147,95,192,151,115,190,144,109,191,139,112,188,137,104,176,157,93,190,152,106,186,142,95,187,138,110,100,150,93,99,144,85,95,151,94,98,143,90,97,141,94,84,141,94,83,139,99,101,144,88,81,142,96,81,135,105,175,134,116,184,144,112,195,147,116,191,156,115,86,138,88,101,140,91,81,140,87,87,138,96,100,138,99,97,156,100,97,156,89,90,143,86,97,144,96,88,155,91,89,155,107,91,133,90,89,145,95,81,152,98,84,151,106,97,145,91,80,148,107,90,154,103,101,154,93,92,133,98,92,152,91,96,136,88,78,134,89,82,144,99,98,145,95,84,148,83,83,135,96,102,151,105,94,148,83,96,135,87,100,146,96,100,147,86,93,139,100,82,139,89,93,152,98,81,139,83,83,153,98,80,154,94
1,80,139,89,82,146,101,79,135,100,93,153,89,91,140,98,90,138,98,102,142,88,79,150,106,90,134,84,83,136,102,81,137,104,87,135,95,98,142,91,98,147,102,91,149,100,83,141,100,97,140,87,84,153,85,92,153,91,95,155,92,99,149,98,101,141,86,89,137,83,102,139,86,87,147,94,87,154,99,101,149,83,90,135,98,87,148,90,94,140,106,90,146,102,87,148,86,94,139,92,86,152,102,94,144,95,87,147,87,89,144,90,101,146,93,194,155,114,184,143,105,173,143,111,197,138,99,84,149,101,101,137,93,81,146,107,96,136,90,100,153,83,91,150,90,81,155,103,83,152,87,94,143,84,85,141,85,179,143,112,174,148,116,174,145,107,175,144,95,183,138,104,195,155,117,190,156,105,178,136,108,79,133,99,93,157,99,80,139,106,83,152,101,95,71,56,96,92,70,115,73,73,107,87,70,115,77,54,184,153,109,177,148,100,181,157,104,192,152,109,185,144,115,192,150,111,110,91,76,116,86,58,114,69,70,104,84,58,101,92,63,103,68,59,113,71,66,100,69,68,116,75,59,104,87,76,191,150,103,187,153,104,175,137,115,196,138,116,184,139,108,186,153,111,109,77,69,97,90,70,97,89,61,95,69,75,101,72,53,114,82,55,113,69,55,116,88,64,106,75,60,111,71,69,196,134,113,197,148,104,195,153,108,185,153,101,182,152,99,194,138,97,111,74,59,94,89,68,102,73,59,97,85,72,100,70,77,115,69,62,111,92,70,110,69,66,111,77,61,94,81,59,27,17,15,194,139,106,186,157,115,196,155,96,196,144,112,18,36,30,98,73,61,111,81,60,109,73,64,105,87,67,96,81,72,112,70,67,103,79,74,102,70,60,99,69,69,96,79,74,15,15,33,180,133,94,175,134,116,183,150,113,191,156,112,36,16,16,101,76,60,102,92,73,116,72,61,111,89,61,95,78,76,105,71,59,104,77,65,105,74,71,93,82,59,109,82,63,186,143,114,186,136,111,175,135,98,192,142,113,193,155,111,173,142,116,94,70,57,108,72,62,114,71,72,117,83,64,93,72,69,110,89,67,99,75,70,95,82,61,104,77,72,110,90,64,186,138,107,184,147,108,27,34,27,30,37,19,178,135,113,196,149,116,105,82,59,99,90,67,97,80,63,106,89,69,99,82,58,79,134,92,88,135,95,102,144,94,192,135,103,175,148,114,190,157,116,177,147,100,180,155,103,174,138,96,182,138,96,188,137,95,192,152,109,192,149,97,85,155,97,82,137,91,82,149,87,84,142,91,101,137,102,99,134,97,81,138,87,196,140,93,178,157,103,179,154,93,173,148,97,180,137,102,190,153,101,181,141,101,174,143,96,84,154,97,87,153,100,95,147,84,89,143,91,94,133,84,89,147,106,83,143,107,82,151,103,86,142,102,85,134,101,195,151,109,195,138,99,179,156,97,175,144,99,99,138,99,83,157,89,85,137,84,80,149,96,100,136,107,90,138,95,98,142,94,90,134,101,94,134,97,94,147,87,98,135,85,85,153,107,95,142,98,98,134,92,79,138,88,93,141,102,84,133,104,79,156,105,85,149,104,83,152,106,89,144,90,90,153,90,80,144,106,92,153,90,92,134,90,95,155,100,88,147,97,82,153,96,78,157,89,84,139,95,102,133,96,84,144,101,96,153,101,97,133,95,92,153,83,82,140,106,81,147,107,88,134,99
1,81,133,93,85,143,87,81,146,88,82,151,96,89,137,88,81,136,101,94,156,96,87,156,91,93,135,89,85,141,85,94,136,88,97,136,105,100,145,107,95,145,84,90,138,93,84,146,106,80,139,104,94,136,99,86,149,97,94,145,98,93,147,85,80,133,101,79,154,101,85,139,103,101,157,88,78,147,103,90,138,94,93,139,85,90,152,94,91,137,100,88,151,104,100,135,95,97,135,94,95,153,87,78,152,85,78,133,90,91,146,97,88,150,84,193,150,98,188,140,100,188,147,112,192,157,107,102,154,103,97,157,106,84,135,105,89,149,102,101,139,95,88,148,92,98,149,93,94,145,99,88,150,98,100,140,103,178,144,108,182,142,100,180,150,107,195,137,99,181,157,96,197,141,97,191,139,111,192,154,96,80,151,105,91,156,107,94,155,96,83,136,86,100,83,64,112,81,62,109,85,67,116,73,54,105,83,72,187,154,98,179,150,102,177,149,117,175,149,98,185,154,111,193,144,114,102,86,53,94,70,76,93,75,69,93,71,58,96,86,57,101,88,62,105,91,59,99,69,58,111,82,60,111,86,63,191,151,113,195,137,108,196,142,94,179,140,112,178,157,95,180,137,109,99,87,74,117,69,66,115,91,70,101,69,54,117,78,55,103,80,59,111,75,64,96,75,53,100,87,72,102,86,57,196,134,115,175,139,117,179,153,94,179,142,97,178,150,111,191,143,115,96,85,74,116,73,62,100,72,64,105,78,53,115,86,62,115,85,62,106,90,74,102,92,77,104,79,66,111,86,75,13,19,19,185,144,101,183,140,96,193,143,108,182,140,102,27,31,28,104,81,62,113,75,57,108,74,59,97,86,72,112,80,54,101,75,58,94,88,66,96,70,57,96,82,76,93,76,77,19,28,31,186,157,104,173,150,102,179,139,117,187,137,101,16,33,27,102,86,54,112,82,70,98,83,66,112,85,56,108,89,56,114,81,62,97,69,73,116,91,68,101,75,67,103,89,55,194,147,108,188,149,102,177,144,96,174,155,110,175,146,103,193,149,110,108,85,67,95,70,71,105,83,61,114,83,67,103,74,55,105,72,74,107,87,68,94,81,76,105,86,72,112,91,64,184,135,103,182,134,100,17,30,32,17,26,17,182,147,103,180,146,106,105,85,74,93,73,70,112,77,66,96,90,62,104,78,61,89,135,86,101,148,107,88,143,107,191,144,109,179,151,114,189,137,95,184,147,93,191,144,113,186,142,105,177,155,112,184,145,107,178,139,93,189,143,103,86,153,92,85,156,96,102,157,92,86,151,90,93,142,107,93,151,83,100,150,99,188,156,115,186,150,110,197,139,109,197,154,116,181,151,96,186,151,108,176,156,104,187,155,105,101,155,87,95,151,92,95,133,95,102,140,105,84,143,106,99,135,107,94,146,87,100,145,91,92,148,100,95,134,101,179,155,106,187,145,106,176,147,107,178,134,113,98,133,88,85,155,86,97,140,102,79,138,84,78,135,107,86,143,84,80,157,96,82,142,92,87,133,83,97,134,90,92,137,87,87,147,88,87,137,92,85,134,94,90,151,96,99,154,83,88,153,100,79,150,87,84,134,83,90,147,101,97,138,104,94,142,95,84,151,93,88,143,95,86,138,87,90,133,104,95,136,97,89,152,97,100,133,86,99,135,101,78,149,84,86,147,102,101,142,101,102,153,84,89,135,94,94,142,99,94,149,87,89,149,105
1,80,138,107,101,134,107,98,154,103,83,147,88,88,157,99,81,153,85,86,136,96,94,151,93,79,157,95,89,147,89,81,140,88,95,143,85,88,144,87,96,147,91,98,137,99,90,146,98,92,136,103,97,134,88,84,139,105,90,150,87,95,155,97,94,156,84,95,155,101,92,133,98,98,151,92,93,138,84,88,137,101,80,156,98,92,144,103,79,150,95,85,152,87,93,147,105,90,151,103,95,141,106,84,136,86,83,142,103,79,152,104,100,150,106,185,154,93,193,141,100,185,146,109,192,151,103,93,133,92,81,136,99,89,140,93,91,141,87,85,135,95,86,138,105,102,136,102,91,140,107,87,145,104,101,135,107,173,154,114,190,147,103,194,151,109,185,133,107,190,146,100,190,135,98,182,134,103,188,155,117,99,151,87,90,150,87,100,157,104,100,141,99,100,83,63,95,80,54,105,90,55,113,88,62,94,89,59,183,135,111,194,144,107,180,134,93,192,148,102,186,144,97,181,149,100,102,85,59,114,70,55,102,79,53,105,77,63,100,74,62,115,87,76,103,81,71,97,76,53,96,75,69,115,78,72,190,146,101,186,149,102,189,133,115,189,156,115,184,154,97,177,150,98,102,84,68,102,88,59,97,75,66,98,88,72,109,88,58,103,87,72,103,88,63,95,71,77,101,90,54,105,84,76,181,157,94,173,157,114,173,145,108,192,142,107,195,136,111,192,135,97,94,89,56,95,92,56,106,89,76,97,84,58,115,69,76,104,79,76,105,76,56,112,90,71,113,68,73,115,91,60,31,33,34,194,147,93,196,156,112,188,156,117,174,142,112,17,18,16,93,78,66,95,89,58,96,87,74,113,86,71,108,90,64,98,79,61,108,89,54,107,85,70,99,79,72,111,77,61,27,17,34,184,136,97,195,136,97,173,150,106,193,144,115,23,13,31,111,68,68,94,71,72,102,74,53,104,88,70,102,82,55,105,74,61,101,71,63,96,75,65,96,90,57,116,77,54,179,146,93,176,138,108,193,149,98,187,133,112,176,148,106,174,138,114,101,68,57,115,80,60,115,78,77,106,85,70,107,86,64,103,73,71,111,71,54,94,80,57,112,70,66,112,81,68,174,150,99,177,140,110,27,30,17,24,13,30,179,154,102,174,157,94,95,83,54,102,82,65,102,69,53,100,88,70,95,80,54,90,133,89,82,146,85,83,141,91,179,140,107,182,151,104,186,149,109,191,146,109,178,148,100,181,148,94,187,137,102,186,138,103,192,152,111,188,151,109,96,146,99,91,137,84,88,154,93,78,145,98,82,149,87,85,145,83,94,140,93,178,139,99,191,135,112,192,149,106,177,153,114,188,155,108,197,155,93,177,150,108,181,150,117,96,157,105,83,150,105,83,140,107,81,139,85,99,151,97,96,152,105,81,137,90,79,146,103,89,155,94,84,139,94,176,147,102,191,145,115,182,145,110,182,153,106,93,136,106,97,142,97,81,142,90,99,154,102,89,135,104,91,136,103,93,138,91,102,133,93,85,151,91,92,147,87,98,139,85,85,140,105,102,139,95,81,142,89,87,153,93,91,142,100,101,145,98,80,153,85,88,139,101,89,155,98,85,155,83,84,139,91,80,145,83,87,157,95,83,151,84,98,148,84,97,143,84,80,157,91,82,148,93,89,153,106,83,145,90,89,141,84,102,143,98,78,135,106,101,157,107,85,146,90,83,141,102,85,150,103
1,99,156,91,100,143,97,80,144,101,91,157,96,100,151,102,80,142,101,95,137,93,79,141,96,80,145,86,93,135,89,83,148,86,86,148,86,80,150,93,90,140,106,78,146,101,79,146,104,100,146,103,80,139,86,83,136,87,96,150,99,92,141,96,98,145,99,85,143,86,101,145,85,82,156,107,84,142,96,100,136,85,96,137,95,84,139,102,102,139,84,96,134,96,98,144,99,98,137,87,95,140,83,78,151,91,90,140,92,94,135,100,91,151,94,183,151,113,194,146,95,186,154,117,190,154,111,98,135,91,101,157,101,79,155,100,95,152,102,102,137,85,83,133,89,101,153,83,95,155,88,99,147,89,101,146,89,193,145,103,186,148,113,184,145,111,185,144,117,181,138,94,191,143,110,177,138,107,193,143,93,98,142,92,91,143,106,90,147,84,81,155,96,117,72,74,112,87,70,109,90,75,117,79,70,102,87,74,175,145,104,189,142,111,175,141,102,176,145,109,185,133,104,178,144,107,100,88,74,101,87,71,116,84,77,103,68,59,94,84,59,109,87,57,101,76,75,111,91,54,93,87,55,103,91,61,178,138,95,190,142,99,195,138,99,194,133,108,181,149,107,182,155,104,99,76,74,113,68,56,94,89,67,113,77,71,113,69,57,116,88,64,108,74,75,114,79,71,107,88,58,110,69,62,185,146,107,182,146,102,192,140,97,184,136,105,182,151,112,189,148,101,98,83,73,93,70,75,109,87,67,116,73,60,112,84,74,103,84,67,111,84,54,105,81,66,104,78,57,101,84,70,24,20,14,180,142,106,190,146,115,187,139,93,181,134,114,13,14,32,104,74,65,104,88,66,108,74,68,98,87,58,106,84,77,108,80,55,115,72,77,109,92,70,101,76,56,102,72,64,20,33,20,186,133,98,190,146,112,173,155,110,189,148,108,23,28,30,108,74,64,111,76,62,106,75,61,98,84,74,104,75,64,108,77,77,106,72,54,106,81,63,97,83,60,103,90,72,193,145,103,184,137,109,191,149,94,197,134,95,188,155,105,191,145,105,106,88,68,115,71,63,106,89,73,99,68,73,116,82,76,104,86,57,103,82,72,107,82,73,105,80,70,94,92,54,197,133,98,187,139,117,37,16,20,27,17,37,186,157,103,175,137,103,103,85,63,108,87,71,97,79,57,100,76,73,94,73,75,80,136,102,97,134,95,87,139,96,192,147,107,196,151,102,181,147,114,187,142,112,178,154,94,184,134,99,176,150,117,178,148,100,185,151,117,194,154,98,81,152,106,81,155,96,101,157,98,100,156,97,80,133,99,90,145,101,102,141,97,192,140,110,195,156,94,177,150,99,191,137,107,190,136,115,188,149,111,184,154,98,188,157,109,91,151,83,98,139,83,98,133,92,89,136,88,96,147,102,99,152,86,101,146,106,92,135,95,80,140,98,79,136,99,194,136,96,173,155,107,179,144,104,178,148,109,86,144,105,81,137,97,101,155,85,78,144,104,100,139,104,94,155,100,84,142,107,97,154,100,92,154,97,95,153,102,101,141,86,89,157,95,93,151,97,99,156,104,94,133,99,91,150,92,92,146,87,88,155,106,96,151,95,92,138,107,102,140,89,87,145,103,80,155,97,94,151,86,93,148,85,79,154,103,83,134,89,93,150,96,86,136,86,95,152,104,87,147,91,93,135,97,96,151,89,94,149,95,94,141,100,93,150,96,102,140,100,83,141,95
1,97,150,97,80,153,96,95,144,107,89,135,90,80,138,98,98,154,98,84,135,93,82,150,85,89,152,83,86,139,95,98,136,106,82,151,86,100,143,105,81,154,95,84,152,105,87,143,85,99,138,100,88,155,99,96,135,89,102,133,99,97,149,85,101,148,102,81,136,105,88,152,104,94,147,87,86,149,106,84,142,90,79,155,103,91,148,92,80,145,98,81,137,90,96,149,100,97,136,89,100,152,103,96,148,102,90,149,100,93,149,102,97,148,88,181,139,108,177,142,115,193,155,99,186,156,107,88,137,89,101,156,94,91,140,97,81,133,104,98,155,99,99,151,97,84,139,93,101,146,85,84,153,104,78,150,93,177,142,108,175,151,104,180,144,99,174,156,117,187,147,117,177,136,109,187,136,105,194,139,102,88,153,98,94,141,99,85,151,101,100,157,98,102,71,59,104,75,56,115,72,59,114,76,66,113,87,58,196,151,108,189,140,107,197,134,95,177,141,108,176,134,95,174,140,109,100,88,59,100,70,55,98,86,67,112,82,73,101,76,63,98,83,73,106,89,72,106,80,74,98,88,62,97,84,58,179,148,106,185,140,107,189,150,116,180,135,100,174,146,106,188,136,97,113,74,75,108,85,66,110,86,61,100,74,70,99,92,75,106,91,75,117,76,74,104,89,62,115,85,57,107,75,73,192,144,101,190,154,113,176,146,105,176,141,111,189,148,115,176,133,109,116,92,77,98,91,72,106,84,73,97,87,57,102,88,64,112,69,71,101,83,57,96,78,75,104,80,60,97,90,63,17,24,29,195,154,109,189,144,113,189,137,95,177,154,102,14,17,19,109,71,61,93,89,61,112,91,54,112,85,67,100,70,60,99,71,74,97,89,63,106,92,75,110,68,71,105,75,73,21,29,32,180,146,103,191,142,104,193,155,114,184,148,93,15,35,37,114,82,58,108,84,64,99,86,76,109,90,76,107,76,76,103,90,68,99,81,61,96,76,72,97,85,65,102,89,53,176,150,117,175,133,95,194,138,111,173,134,98,196,154,116,175,133,107,111,81,73,100,80,65,112,68,57,93,78,56,93,87,73,99,73,76,109,73,56,98,90,64,97,85,64,104,73,76,173,157,97,197,151,109,15,19,23,17,30,33,180,140,109,189,137,110,116,78,63,114,90,73,108,85,66,108,87,65,115,74,76,79,138,90,89,151,99,94,154,95,173,134,94,173,133,101,194,145,109,179,144,97,195,142,96,193,143,94,187,146,104,178,155,116,196,139,116,179,143,108,79,156,86,96,136,96,88,134,101,82,152,99,99,134,95,100,144,86,89,137,97,174,136,113,177,155,108,181,133,116,176,137,112,197,146,113,197,147,106,181,137,101,192,155,116,88,142,98,91,148,85,96,137,87,87,147,100,102,137,88,81,156,104,85,154,87,89,150,99,102,133,98,90,136,104,177,151,116,177,148,93,186,154,104,197,140,113,90,145,86,82,157,105,80,136,87,84,147,102,82,149,85,86,155,99,79,137,88,102,152,99,84,156,106,88,156,99,92,141,97,87,157,91,81,153,87,87,133,91,85,150,91,83,155,99,101,149,90,85,144,106,101,154,85,80,144,100,98,157,88,93,156,83,83,141,103,100,156,94,83,149,94,96,138,90,87,142,96,85,155,89,83,135,85,80,152,107,86,148,84,80,135,98,82,154,90,96,145,90,98,135,105,96,153,83,99,154,86,100,155,103
1,79,147,103,91,137,90,93,149,94,89,146,97,81,138,89,98,153,84,80,146,98,87,140,84,82,136,107,82,133,96,90,140,88,101,146,97,85,151,94,94,152,92,94,140,87,94,155,95,87,155,96,86,136,87,90,146,90,78,143,101,91,149,103,85,157,88,94,137,90,85,135,98,93,148,90,91,156,92,102,151,103,85,139,93,100,141,95,95,135,98,98,156,93,98,143,98,97,143,100,93,153,100,79,145,95,94,153,95,90,157,84,97,145,103,190,156,104,173,148,104,185,146,99,190,145,116,83,140,89,95,150,91,80,157,84,99,135,97,96,144,100,78,155,91,97,144,96,99,146,84,84,143,96,100,138,89,194,150,93,177,143,117,183,144,108,190,135,108,191,142,105,179,137,114,192,144,96,181,154,106,92,142,97,79,153,87,84,147,94,90,154,86,112,69,61,98,76,61,113,88,65,97,91,77,102,91,55,186,155,113,188,141,111,187,141,109,192,152,104,190,140,111,185,134,101,109,74,77,116,71,69,97,92,55,96,85,56,102,84,64,94,81,56,110,82,71,111,81,60,101,89,61,93,81,75,174,156,109,190,138,102,188,154,111,177,153,97,178,152,108,190,139,117,93,88,75,111,87,55,107,86,58,114,73,75,112,74,76,117,92,74,111,85,72,115,69,76,109,79,77,104,75,58,188,148,114,187,148,94,184,144,114,174,139,107,175,150,95,197,154,113,112,80,57,102,90,68,106,81,74,103,90,71,93,78,59,101,92,72,113,83,64,107,76,62,103,70,54,96,88,74,24,31,30,181,143,104,184,141,103,186,137,99,178,135,107,31,16,21,115,89,53,96,84,73,105,76,59,115,79,76,108,70,66,95,83,53,97,87,68,117,73,68,97,69,57,111,76,64,23,34,22,186,151,116,188,138,106,175,141,97,181,142,109,19,32,21,96,91,67,104,83,58,99,69,70,112,80,55,114,72,73,106,86,62,101,80,64,117,79,55,107,91,59,108,72,60,182,137,114,180,149,97,179,150,112,177,143,106,183,150,101,186,145,115,99,83,75,106,90,69,97,84,68,101,88,57,113,78,72,101,74,68,100,91,64,111,88,56,110,70,64,109,68,69,197,141,111,194,154,113,31,21,28,26,33,25,193,138,108,180,150,107,97,76,70,110,81,59,103,89,71,97,73,56,106,86,60,85,148,94,99,153,89,90,135,91,179,138,105,192,156,112,184,139,108,186,149,110,194,137,102,174,152,116,194,135,112,181,153,96,178,138,111,183,156,102,92,133,90,86,153,100,97,152,105,84,135,101,83,145,105,87,152,102,100,138,100,197,151,109,178,135,107,181,157,102,192,141,104,192,153,109,185,148,99,191,137,116,176,136,97,81,151,95,80,149,97,83,156,83,79,135,83,82,152,88,92,136,100,82,137,105,97,133,101,87,141,95,101,148,94,173,148,104,173,157,101,185,135,115,177,154,97,86,148,86,86,135,85,90,148,89,97,153,107,100,146,105,87,143,84,90,148,96,80,142,95,102,155,86,81,147,107,92,145,106,96,145,101,84,152,85,81,133,102,95,157,103,100,152,105,95,139,105,98,152,97,101,139,101,88,137,97,84,156,96,93,142,86,84,134,105,86,157,94,78,141,97,86,156,91,82,141,89,94,140,97,85,151,83,101,155,83,93,136,104,84,146,105,88,157,104,96,136,103,79,146,86,94,139,93,89,141,102,91,151,105
1,86,141,97,81,133,98,98,152,105,99,157,88,85,157,94,97,143,93,81,134,97,83,143,105,86,153,105,89,147,83,83,148,104,95,152,88,100,154,101,82,136,92,92,145,87,83,149,102,99,149,101,96,138,105,86,138,100,78,139,86,98,134,105,102,149,92,91,136,97,89,151,88,91,143,101,96,139,99,98,153,107,99,147,103,94,150,107,94,143,100,95,153,105,100,137,100,81,149,100,96,145,95,92,137,97,81,149,93,78,154,99,100,135,92,186,140,104,197,157,110,174,150,93,184,153,108,96,135,96,84,140,103,96,138,103,98,150,88,97,149,85,80,149,95,83,141,105,84,150,83,100,157,86,80,155,99,174,155,114,196,139,116,189,154,105,183,134,99,174,145,113,197,145,105,193,143,113,183,148,103,81,150,91,100,137,89,94,157,103,80,142,102,93,68,65,105,81,60,117,90,57,97,79,70,96,81,53,197,137,97,179,148,115,188,151,113,191,141,104,174,144,101,195,151,104,98,90,57,97,76,73,116,86,70,114,80,67,112,88,62,98,72,53,104,89,69,104,86,58,108,83,77,104,92,56,180,133,113,191,154,100,194,148,100,177,151,108,178,151,95,195,142,94,117,73,74,97,81,69,94,85,56,102,80,76,116,92,60,103,78,77,93,80,73,106,81,73,113,78,62,94,83,71,176,140,117,194,147,93,183,148,113,176,136,117,180,138,107,193,154,98,100,78,66,106,73,73,103,82,70,99,73,76,95,92,76,105,84,62,102,79,65,103,78,57,94,92,56,99,74,58,13,24,28,197,156,99,187,136,115,191,141,94,178,156,94,28,16,18,108,83,68,96,87,55,94,71,66,101,88,65,94,84,57,116,89,70,97,71,74,112,73,67,97,80,64,114,82,63,37,24,18,192,140,113,196,138,108,186,148,100,179,153,94,18,18,31,99,68,70,102,85,63,117,70,74,95,70,65,93,84,76,109,80,73,97,92,56,106,77,72,101,92,58,93,72,67,189,135,109,195,140,98,183,138,102,182,150,104,179,136,108,178,146,110,97,70,64,113,90,75,103,81,68,113,70,71,97,68,55,98,76,69,102,77,56,107,70,73,104,77,62,117,74,71,185,135,110,191,133,108,35,30,19,15,23,17,180,141,111,192,139,114,113,88,68,116,72,66,111,87,64,96,86,74,96,74,58,78,143,99,88,139,107,93,141,99,184,149,94,181,149,98,197,153,107,185,153,102,177,139,114,179,146,111,179,151,93,192,136,102,196,147,98,173,133,110,79,152,85,82,144,97,85,148,103,95,138,86,79,143,95,92,156,105,85,139,99,174,146,105,183,137,104,186,156,108,173,143,116,184,139,102,179,143,100,184,145,103,174,137,117,91,148,85,88,140,106,86,156,93,88,148,106,86,133,92,86,151,102,83,148,85,80,134,104,94,139,98,96,134,99,187,151,114,190,134,101,175,154,117,189,146,104,91,147,89,95,144,96,101,142,104,94,150,84,101,133,86,99,137,93,101,140,102,79,143,89,83,136,94,100,157,102,90,139,96,78,142,83,100,155,87,87,144,105,80,148,85,96,142,101,86,143,87,94,140,106,80,143,90,85,149,102,91,133,86,99,134,94,83,150,87,83,147,104,88,139,91,96,155,107,88,149,104,93,144,96,92,142,105,99,142,103,84,145,89,83,138,93,100,133,90,82,155,92,90,147,98,94,155,86,93,153,104,101,156,90
1,100,137,87,90,144,98,80,135,92,80,149,98,84,142,106,100,148,97,92,149,92,82,145,93,96,147,102,94,142,90,90,157,88,79,135,98,81,154,86,80,141,88,85,134,106,102,150,85,95,140,106,102,157,103,92,137,107,102,145,84,101,153,90,101,142,95,84,136,97,94,152,83,83,140,95,93,140,103,96,146,90,91,151,101,91,152,86,101,147,100,92,156,84,78,136,97,101,141,93,84,150,105,94,140,87,82,135,102,93,142,83,82,149,87,180,135,105,181,140,93,180,144,115,191,134,95,95,135,99,80,133,88,81,153,84,89,134,88,88,140,100,80,138,104,100,133,92,87,146,103,96,147,102,89,153,93,192,140,115,185,155,114,185,143,101,184,143,117,178,157,95,189,154,117,173,150,115,183,151,103,87,141,99,91,140,92,95,148,85,94,140,88,111,78,54,105,89,53,110,90,56,94,87,71,109,77,63,178,155,108,186,135,112,196,155,110,195,150,93,178,141,97,188,141,99,101,70,76,109,76,57,101,74,63,116,68,61,109,71,77,117,77,70,104,75,72,114,80,69,99,70,70,104,86,58,181,152,113,180,141,107,180,148,97,183,157,107,187,139,93,186,140,110,104,79,73,115,80,55,114,86,54,110,69,65,100,88,62,98,90,63,110,83,72,108,82,58,105,73,63,113,92,68,186,137,97,191,148,109,178,141,109,192,135,110,177,142,103,184,140,115,117,82,58,101,92,57,94,69,72,98,89,75,112,87,66,113,88,74,112,79,57,110,68,68,94,83,76,114,82,55,29,29,15,183,149,103,190,155,115,195,138,97,187,151,115,19,24,25,97,78,64,111,70,66,103,77,59,101,87,76,106,82,54,112,89,68,100,84,72,99,88,71,96,89,55,117,72,69,15,16,13,176,150,94,175,140,114,189,153,113,174,144,113,17,13,26,99,78,68,97,89,61,100,77,61,94,76,75,110,86,53,98,70,67,107,73,54,107,77,62,108,72,73,116,72,68,186,153,101,180,151,95,176,148,98,178,150,100,197,156,107,183,136,111,110,90,75,115,72,73,113,88,69,117,82,53,117,76,69,103,87,64,112,74,69,111,83,70,108,72,65,96,87,66,191,148,116,175,156,105,29,27,35,28,24,21,196,136,95,189,142,116,108,80,58,111,82,73,101,86,61,112,82,76,112,70,65,101,136,98,80,157,83,83,155,97,186,153,100,197,133,111,174,136,117,197,153,117,184,148,100,196,133,102,184,137,99,175,151,96,179,141,114,179,156,108,88,148,92,91,148,95,90,143,92,82,134,102,95,145,95,90,142,94,79,147,84,188,139,96,189,135,102,181,156,98,175,133,98,194,133,111,196,134,113,175,145,108,182,142,99,90,155,85,97,140,93,84,149,93,94,157,87,87,133,96,94,143,100,95,151,103,84,155,99,101,135,104,84,143,107,177,157,101,185,138,115,181,147,94,178,135,114,93,147,84,82,143,89,95,155,90,99,146,106,96,148,107,92,151,86,78,152,102,83,154,87,78,150,102,90,151,94,94,156,88,98,144,85,93,155,92,97,136,91,89,144,101,83,144,89,101,142,96,78,143,100,101,154,86,81,151,93,82,140,106,91,136,90,93,157,97,88,140,92,83,141,94,97,157,85,82,144,90,100,145,100,89,150,96,99,141,89,84,136,86,86,144,107,97,139,101,100,137,105,99,134,107,98,148,98,79,149,89,97,144,103
1,86,133,96,85,143,86,90,133,102,94,142,106,80,153,91,89,155,91,95,139,84,101,139,100,91,134,106,91,143,105,89,135,87,95,136,87,80,149,91,79,148,95,90,148,90,100,151,84,87,151,83,92,150,88,87,140,89,90,136,95,78,156,96,101,139,84,83,144,100,85,145,106,100,145,100,82,154,92,79,145,107,84,156,99,98,140,92,101,146,96,80,136,98,87,152,94,85,149,97,90,147,101,94,152,97,98,146,92,87,139,90,80,155,88,183,141,108,194,144,105,173,150,93,173,147,112,85,154,98,90,138,88,87,136,92,98,135,102,95,155,86,101,134,107,82,143,83,93,150,93,84,147,89,100,157,103,180,143,93,178,157,93,186,148,116,196,154,97,179,154,110,177,147,109,176,141,106,192,145,117,93,145,98,80,142,101,94,140,100,90,142,100,110,83,69,115,88,69,114,88,68,115,92,77,99,84,55,177,151,101,185,144,108,186,154,94,193,137,101,191,136,97,182,146,111,93,73,64,112,89,65,117,85,55,106,81,62,93,70,68,101,85,71,94,86,75,94,71,75,100,68,74,98,85,68,195,149,100,179,138,113,174,146,113,194,147,115,175,142,106,197,155,108,113,69,59,117,70,57,109,81,77,112,70,74,100,91,57,96,76,68,116,78,58,104,73,75,109,77,60,115,85,66,179,138,97,178,135,108,174,154,104,174,147,103,187,156,110,173,141,108,111,88,71,101,70,58,117,80,61,97,85,69,107,86,67,94,79,76,100,72,66,117,84,77,105,81,67,112,69,56,26,29,35,185,155,96,190,136,115,181,147,105,177,137,98,15,21,37,107,89,55,96,91,71,104,72,66,105,79,59,99,68,65,107,82,77,100,87,76,103,77,61,108,91,63,104,81,69,34,17,23,181,138,107,194,148,96,190,157,103,193,143,95,26,30,34,107,83,54,93,70,70,101,85,61,104,81,62,113,84,75,94,75,64,105,82,76,106,71,55,104,81,62,94,78,70,188,139,102,178,138,115,178,144,99,190,145,96,194,149,96,187,157,100,96,76,60,94,87,77,94,91,58,94,80,69,95,85,59,106,87,56,97,76,69,112,89,67,96,89,60,117,83,59,190,150,116,188,155,97,21,33,14,37,35,14,177,142,100,177,141,93,103,69,75,117,76,71,95,71,60,110,69,76,110,70,73,95,135,90,93,151,97,99,153,87,181,153,95,187,141,98,177,154,106,183,141,110,190,143,96,174,136,93,177,135,117,193,157,96,180,154,99,181,134,107,94,135,91,83,146,104,102,145,90,83,148,93,96,139,91,94,148,93,89,154,90,183,154,103,192,148,110,197,147,113,195,156,111,191,146,100,178,140,109,186,146,102,178,151,107,99,141,103,82,137,91,87,135,106,92,144,89,101,156,102,100,146,98,92,144,90,91,137,86,102,133,87,93,140,106,183,150,116,175,134,107,195,151,94,177,142,108,89,146,98,98,133,105,93,154,98,79,138,107,80,141,98,86,157,94,88,134,85,98,141,106,95,153,107,82,139,91,99,147,107,97,151,90,81,150,91,88,154,105,92,143,92,84,135,97,79,146,98,95,139,95,93,146,83,99,145,101,91,149,106,101,147,101,97,156,107,82,157,99,90,140,105,79,150,88,88,157,90,98,152,84,78,144,91,85,135,95,98,147,105,78,141,84,86,151,87,83,138,91,79,154,96,91,155,96,78,157,95,86,134,95
1,86,145,88,92,149,100,102,155,96,91,139,99,78,133,89,84,136,89,102,157,98,89,149,105,92,149,84,92,147,95,92,147,104,89,150,90,81,139,104,99,153,85,82,151,98,94,144,93,82,151,96,86,149,104,97,153,89,96,150,99,100,155,103,91,136,105,81,139,101,89,143,91,85,142,84,88,141,104,99,135,95,99,138,93,89,155,100,79,149,85,102,148,105,94,145,102,93,148,104,82,157,100,95,147,107,85,146,83,89,136,107,80,133,104,179,144,99,184,150,100,192,152,103,177,143,109,79,134,83,96,146,89,80,149,84,102,157,84,96,150,106,98,145,90,84,156,85,90,145,94,97,140,97,84,143,84,175,134,99,189,134,93,185,136,115,192,143,109,197,154,108,179,133,96,192,138,102,194,141,96,95,152,88,85,141,100,83,137,88,87,147,85,104,88,63,115,71,63,95,78,73,98,84,64,102,85,77,191,144,112,189,147,116,175,135,112,186,153,112,173,137,96,180,149,106,110,80,55,113,88,56,116,90,70,100,86,62,116,87,68,117,78,57,116,83,74,96,72,71,114,68,61,98,77,53,189,138,108,182,145,96,192,149,96,186,142,102,180,139,113,188,139,93,112,69,54,111,69,65,98,87,72,116,70,76,100,87,54,101,71,53,113,76,54,105,75,59,96,76,67,105,83,59,173,134,116,192,136,105,182,145,95,192,156,117,175,143,110,195,144,99,94,84,72,106,82,61,105,75,55,116,86,62,103,92,57,113,90,59,116,81,57,96,87,53,99,81,55,115,80,63,21,20,29,182,141,96,193,137,106,180,138,113,197,153,106,18,20,28,113,92,76,106,74,61,103,86,65,98,81,59,104,88,75,114,74,63,97,90,74,98,82,75,107,76,69,94,83,66,25,26,37,174,157,111,197,146,103,182,144,115,196,156,113,31,18,33,113,78,61,102,86,63,116,70,67,106,77,58,102,92,71,100,73,68,100,85,61,110,85,68,106,70,53,94,89,63,192,141,110,177,148,94,197,146,112,174,150,107,193,136,99,175,156,112,107,72,69,104,84,54,97,68,69,98,69,77,115,89,74,105,77,65,93,92,57,109,84,74,113,74,66,109,79,68,190,146,94,196,135,104,37,29,13,21,20,32,179,157,112,197,150,110,114,70,73,109,81,71,106,83,63,93,77,62,106,76,73,100,139,105,79,148,98,83,134,97,194,149,94,197,138,110,178,155,107,196,140,111,190,134,111,197,152,117,190,156,109,197,154,111,183,140,108,187,142,107,100,145,102,84,133,92,102,155,93,80,134,105,89,150,105,84,148,100,87,152,99,186,134,94,184,142,97,184,135,109,189,146,113,189,152,94,194,144,104,173,148,108,189,150,101,85,151,101,89,153,107,99,133,106,102,152,86,95,135,92,97,156,105,102,149,104,84,143,84,102,138,96,102,144,87,189,148,111,174,143,112,187,140,93,196,154,115,92,156,97,93,150,86,79,150,106,95,136,90,79,144,97,88,141,86,78,133,89,81,146,101,97,145,87,80,156,106,84,151,88,84,150,86,90,144,85,86,137,103,86,139,87,97,141,88,98,152,87,94,155,107,87,133,96,87,143,89,85,150,92,89,138,92,92,156,102,102,152,103,102,141,86,97,147,89,88,147,86,95,150,88,94,144,89,85,137,89,102,136,102,89,136,88,81,155,93,86,153,99,92,150,104,97,148,84,94,147,92,102,145,98
1,86,134,102,78,154,95,81,141,89,88,157,95,99,153,90,80,133,100,82,140,88,98,135,86,81,143,83,94,138,107,87,154,103,94,146,103,80,153,86,87,135,96,84,144,93,102,144,98,94,149,91,80,142,94,102,156,97,87,148,90,89,144,100,92,149,103,98,143,98,90,148,107,80,145,90,87,141,98,92,151,100,92,140,89,80,157,107,80,151,97,89,147,94,85,134,103,100,142,93,84,147,84,93,141,104,93,136,89,80,141,89,96,146,101,177,146,95,191,154,97,189,157,98,194,154,107,98,152,106,85,134,97,99,144,84,86,147,93,92,156,84,102,151,103,92,142,104,81,141,86,93,142,93,78,136,104,193,154,116,194,136,114,183,152,104,197,152,100,175,150,104,188,157,115,175,152,116,187,143,95,90,141,91,92,150,93,95,151,92,101,141,89,112,82,77,105,73,55,116,92,75,93,84,71,115,91,68,181,150,117,184,156,115,182,138,94,189,156,102,196,156,110,194,136,100,111,90,73,117,91,63,96,87,53,101,83,67,96,84,66,115,83,60,93,84,64,116,88,65,98,80,58,100,87,73,178,141,95,184,135,100,182,154,94,175,147,101,192,154,114,187,136,99,113,90,66,101,70,57,103,91,77,117,76,56,109,86,63,93,84,56,114,90,65,101,85,68,115,83,59,112,83,73,190,145,103,176,147,111,179,150,113,184,157,115,177,144,97,194,147,102,114,82,53,101,92,65,103,82,55,113,82,60,113,82,67,113,89,55,104,82,77,110,88,67,98,86,74,100,68,65,13,30,31,195,150,117,175,152,98,173,152,99,189,138,111,26,19,24,103,92,75,100,73,63,109,83,70,109,83,53,116,72,57,95,72,73,101,76,66,117,77,56,116,81,77,96,89,65,25,32,33,194,141,103,191,142,109,179,157,116,173,148,101,15,19,31,111,71,75,102,89,64,101,90,77,97,72,69,111,83,61,99,91,61,108,80,57,111,81,56,95,92,74,107,71,76,180,152,105,174,150,99,189,151,97,175,146,106,196,137,115,196,137,115,117,76,55,105,79,65,108,74,69,114,89,66,110,90,53,103,81,55,93,80,58,96,82,74,103,81,58,106,87,57,179,140,117,190,140,116,37,20,15,17,22,26,196,148,105,188,148,116,117,74,67,111,85,70,111,68,53,114,84,62,115,88,59,94,141,100,89,136,94,100,152,95,192,150,96,179,137,98,194,135,98,182,151,104,181,139,114,178,151,111,173,139,97,183,139,106,176,142,101,180,149,114,78,144,85,88,149,101,88,157,104,101,138,97,93,149,90,102,142,84,87,155,96,186,144,94,182,146,113,196,140,109,178,155,109,178,140,98,186,146,110,174,150,105,185,139,115,80,144,88,98,148,86,92,147,96,92,142,96,90,138,105,102,134,89,88,146,105,90,134,101,86,141,95,97,148,100,191,144,104,174,134,101,188,152,106,177,146,97,89,147,99,97,148,96,81,153,95,98,150,87,96,145,100,97,154,106,95,135,101,82,150,85,78,149,97,81,148,103,90,154,100,82,136,94,90,143,99,95,145,100,78,138,88,91,140,91,93,136,91,99,136,106,80,154,90,90,140,85,99,148,97,91,138,95,78,136,99,85,144,98,95,141,86,102,147,83,101,150,98,79,135,91,89,133,96,89,150,83,87,145,101,88,148,93,89,143,88,90,155,96,91,145,91,100,135,93,89,147,83,102,152,102
1,80,152,84,92,152,100,102,141,94,98,135,97,86,154,89,94,150,105,80,157,99,100,133,91,100,134,83,96,143,95,102,139,104,98,151,92,86,155,93,85,137,103,83,135,98,99,149,91,80,143,85,98,145,96,81,157,98,89,151,96,84,135,104,84,146,106,86,139,105,99,151,95,101,138,86,98,152,98,90,141,84,84,152,90,82,147,105,82,147,105,98,144,85,87,156,106,82,136,91,88,142,97,94,135,96,94,151,106,90,154,94,89,137,84,190,145,98,174,147,105,186,151,101,177,135,107,78,133,104,79,136,100,94,151,91,92,155,107,89,147,100,90,138,85,94,153,83,94,136,103,91,140,107,90,134,88,173,151,116,186,137,110,186,150,114,195,146,94,181,141,93,196,157,112,194,152,111,188,144,117,92,134,96,81,150,94,81,145,99,94,153,96,98,69,62,99,88,67,109,84,55,114,78,69,96,77,55,173,150,115,190,138,105,197,143,97,196,144,107,184,154,116,186,152,94,107,85,74,98,74,71,116,76,62,115,84,74,94,88,75,101,84,68,99,76,53,103,82,55,107,87,75,109,78,67,183,156,99,191,141,105,179,142,99,175,144,98,173,150,113,178,144,109,94,88,57,111,85,57,103,70,77,106,91,58,110,70,65,107,91,73,98,91,74,107,87,65,105,92,61,95,68,54,175,137,109,180,155,101,181,152,98,174,154,108,193,140,95,173,149,99,115,83,53,116,85,72,93,78,59,108,83,72,111,90,70,103,70,72,105,79,57,110,77,62,103,77,54,105,76,75,32,28,27,186,150,112,188,151,111,174,139,97,196,140,115,29,22,30,96,86,63,93,68,53,96,92,64,115,88,71,116,90,65,112,74,74,104,76,55,111,84,71,99,73,54,112,85,71,32,20,26,197,143,111,183,143,98,180,145,106,178,146,115,21,19,27,115,82,55,103,82,75,117,85,71,111,75,68,115,69,59,109,83,57,105,72,76,96,82,69,109,73,72,99,89,76,175,141,102,190,147,116,195,156,112,182,147,105,192,154,100,177,143,116,108,73,65,94,77,62,117,87,53,112,72,64,114,72,77,113,72,69,94,75,71,116,69,71,110,85,77,93,72,63,193,140,104,177,140,102,30,22,27,37,34,16,177,141,102,191,148,108,110,83,73,98,81,69,104,81,63,104,91,53,104,90,57,94,141,90,78,142,92,85,153,92,177,141,106,181,157,104,178,138,94,180,152,102,190,134,104,180,156,100,176,153,110,184,142,100,188,150,98,193,146,113,83,143,103,96,142,93,95,154,89,95,157,103,98,143,88,80,142,102,89,147,105,194,157,112,183,148,105,188,145,93,178,157,117,182,142,94,175,136,117,182,139,98,197,134,103,101,141,99,94,133,90,93,138,86,93,150,99,92,150,92,87,135,106,89,156,84,89,145,100,101,157,87,95,145,106,174,148,101,190,143,98,191,149,105,187,157,104,88,142,87,83,155,100,85,151,88,87,148,106,83,153,103,99,133,105,95,135,97,83,148,94,99,144,107,82,144,99,96,140,101,87,138,93,96,145,88,102,140,97,87,136,105,80,154,86,83,136,90,96,143,86,81,145,98,84,147,91,99,152,98,91,138,103,98,138,84,83,136,93,86,157,92,82,140,100,97,152,90,98,141,104,92,143,100,86,139,97,86,133,87,98,148,103,102,150,83,90,153,87,101,156,83,97,137,88,92,143,86,89,150,102
1,88,156,103,89,137,89,79,141,94,99,153,86,100,141,88,87,145,101,91,139,98,81,134,101,96,152,95,86,135,88,86,151,94,90,150,100,99,135,102,80,136,86,102,137,101,80,151,97,86,137,96,97,141,86,80,157,85,92,154,87,84,141,103,91,145,83,85,149,83,96,133,86,85,136,98,81,149,98,80,149,84,85,146,89,80,140,105,86,147,102,82,136,107,96,134,90,100,137,106,94,154,98,102,153,86,93,135,99,88,145,84,90,155,98,176,141,110,193,152,116,189,135,104,195,140,98,79,155,86,78,155,98,99,140,107,99,144,94,94,139,107,80,133,96,82,135,88,94,149,102,99,136,96,102,151,92,174,141,111,185,140,116,186,143,116,173,150,115,189,138,112,173,139,96,176,150,106,173,152,94,96,153,86,90,145,95,91,143,106,98,134,100,104,80,57,101,78,63,103,74,69,95,89,54,112,69,61,177,151,109,184,145,103,190,144,96,180,148,112,188,138,108,183,141,104,109,70,62,100,68,57,99,92,76,102,79,72,111,86,57,108,76,77,105,89,76,106,73,74,96,81,75,108,85,63,184,143,117,187,146,93,183,149,108,190,152,96,187,145,99,192,133,97,112,80,61,94,84,57,96,84,61,111,79,73,110,92,73,94,80,61,117,78,72,111,81,60,95,85,69,108,88,56,193,149,108,192,149,109,193,138,99,184,136,111,186,156,93,191,144,109,105,69,63,114,68,63,104,84,56,102,89,67,111,88,74,96,72,58,104,71,63,108,78,59,109,69,71,96,79,70,35,29,21,191,134,117,177,149,111,176,156,94,181,136,116,37,16,37,94,87,67,112,89,74,98,86,59,114,80,58,103,85,62,94,90,62,93,91,77,111,74,60,107,74,58,105,69,70,36,13,29,178,150,107,178,157,99,190,150,104,185,157,114,35,23,25,106,79,62,114,84,66,116,72,54,97,90,74,105,74,77,117,80,77,112,78,69,94,68,53,113,76,70,114,87,55,186,150,104,190,154,115,182,135,106,184,153,96,175,146,114,179,152,116,112,74,56,111,82,60,116,75,54,114,90,74,109,80,69,112,75,72,108,83,67,115,69,62,98,79,75,113,71,71,191,143,98,191,134,100,13,26,32,24,26,32,182,155,104,192,148,102,113,71,62,103,71,69,108,74,65,104,71,64,109,79,62,85,142,93,96,138,83,82,155,86,180,142,110,177,134,98,181,146,99,179,149,100,178,149,94,178,150,113,187,154,99,183,140,113,192,141,96,176,147,100,102,147,85,92,150,92,89,149,98,88,150,95,98,138,100,88,148,91,84,139,86,176,146,101,187,150,111,185,135,94,183,139,116,186,133,116,188,142,115,179,140,111,190,151,116,96,150,106,79,152,83,92,144,84,87,157,90,101,140,86,89,156,101,96,152,100,98,149,98,78,141,95,82,150,85,183,152,100,179,157,105,189,149,116,196,155,100,79,136,104,81,156,106,91,156,83,91,141,85,90,145,99,80,154,106,85,143,106,101,148,104,91,140,85,81,151,107,92,151,88,101,136,99,85,135,105,91,134,99,95,147,92,89,140,94,80,149,106,92,150,96,84,149,93,95,142,107,92,147,105,82,157,104,90,147,101,89,134,89,88,144,99,95,152,84,98,143,89,84,138,93,88,148,94,97,148,104,87,157,100,99,150,98,90,152,97,79,142,88,83,134,88,87,141,93,99,149,102,79,138,105
1,85,155,98,102,134,105,82,141,83,82,141,103,81,149,98,96,150,98,94,143,101,82,149,105,101,154,95,95,146,98,102,154,86,86,151,85,91,151,95,95,155,83,80,144,103,98,151,100,95,143,86,78,135,103,81,150,107,86,154,87,89,153,88,91,141,83,88,135,98,97,143,99,96,137,85,97,136,103,93,144,101,89,137,86,87,145,87,79,152,98,88,153,107,97,136,97,93,146,96,87,155,84,79,147,87,78,139,88,100,157,87,88,157,100,195,144,107,177,155,110,178,149,103,193,152,108,81,137,86,88,148,99,89,144,84,98,142,99,90,150,84,87,157,102,95,147,107,100,143,83,97,142,87,100,136,95,195,151,98,175,147,108,185,147,112,187,148,95,188,143,112,180,134,114,173,145,96,193,147,108,95,153,102,86,142,91,89,135,104,98,148,107,94,75,54,99,80,76,115,84,68,100,75,72,95,71,63,190,157,101,179,155,94,176,140,95,180,141,110,188,142,98,177,148,101,117,86,72,99,78,57,102,90,56,102,75,71,109,76,53,96,68,62,114,85,69,93,82,62,101,84,69,94,71,72,178,147,106,180,147,115,193,149,105,178,150,117,195,138,117,183,133,113,112,88,72,102,72,61,116,89,55,102,79,58,111,86,71,114,88,71,95,76,59,93,92,54,101,88,53,106,74,69,195,150,106,196,153,111,195,155,109,182,147,103,191,143,95,189,145,103,105,71,61,93,92,59,117,78,61,113,76,53,105,68,53,103,74,58,104,85,77,111,83,62,110,80,72,108,70,58,15,13,26,192,156,109,179,144,107,187,140,111,187,150,99,33,21,15,98,88,67,94,84,73,100,77,64,108,74,53,107,71,56,94,73,63,116,90,57,114,87,65,103,82,74,100,85,67,20,34,19,182,135,107,196,157,114,177,156,115,173,144,94,21,36,25,104,82,70,101,80,65,116,80,57,117,82,56,99,70,57,115,77,54,96,75,76,98,80,64,100,82,60,100,86,67,190,144,94,180,147,104,178,140,100,184,144,117,193,141,112,192,154,98,94,84,65,107,90,63,94,71,72,100,74,73,117,77,62,99,89,66,104,90,71,96,92,63,100,73,68,106,74,73,192,143,106,194,149,104,15,21,33,17,19,28,197,134,101,196,149,103,104,71,59,96,91,60,109,76,60,115,81,65,95,70,59,89,155,99,100,157,103,95,150,91,184,148,107,194,154,103,173,138,113,192,147,104,194,157,112,192,150,117,192,133,117,174,135,96,175,150,96,191,143,93,89,138,100,88,150,101,85,156,84,95,137,86,78,147,101,80,154,84,94,148,98,191,150,94,190,148,102,183,146,100,181,148,113,193,140,107,178,156,110,180,134,94,191,139,117,79,146,89,85,150,95,98,136,96,79,137,87,82,147,107,86,154,87,100,135,98,95,154,88,100,147,97,80,134,107,184,155,93,194,135,115,194,150,117,180,138,104,100,143,85,82,135,89,100,154,100,84,134,99,85,140,102,84,139,92,91,137,88,91,141,87,86,133,84,102,155,86,93,141,88,89,152,86,87,155,91,93,140,100,84,157,90,84,145,98,79,147,96,83,156,106,94,133,104,102,152,104,96,144,96,78,143,87,87,153,92,78,150,103,87,148,107,92,157,105,81,133,84,82,147,93,101,148,100,97,150,96,95,148,104,93,150,86,81,146,91,97,134,87,87,150,89,101,149,101,91,145,93,84,153,95
1,98,148,95,84,134,97,83,155,100,92,137,97,102,157,94,92,153,89,81,150,88,99,156,102,81,157,89,80,140,90,95,145,107,79,147,101,83,148,92,90,156,87,83,138,87,88,141,92,90,153,90,97,145,104,84,157,104,97,155,87,90,146,101,81,152,98,90,151,95,84,139,83,83,142,85,88,157,105,97,150,91,86,151,96,92,155,101,86,150,104,87,147,86,101,145,98,89,156,95,96,154,92,102,149,94,98,146,92,98,150,90,101,133,102,189,149,112,197,134,110,175,143,103,174,154,105,101,142,84,84,139,104,101,144,103,90,154,88,91,157,92,99,153,84,95,144,105,96,143,93,80,142,107,102,152,94,187,137,113,194,138,110,176,145,94,196,143,112,186,134,103,177,145,107,175,146,111,187,147,110,101,135,102,93,145,97,101,154,107,85,136,92,110,70,57,101,83,71,104,81,54,103,89,53,115,72,54,185,143,95,183,147,97,173,138,101,193,154,96,196,152,117,173,144,99,105,72,66,99,86,65,100,85,63,116,81,72,94,79,73,99,80,57,104,81,74,105,79,62,109,71,71,94,71,73,176,148,94,188,150,97,194,136,96,188,146,101,180,154,116,195,151,111,106,69,65,107,79,57,101,82,75,115,79,53,108,88,55,98,87,67,114,73,64,110,91,70,108,71,60,97,88,58,189,148,104,181,137,113,189,151,93,173,144,105,187,142,95,189,137,113,111,77,74,99,69,63,94,76,61,110,74,71,95,83,59,116,69,53,110,80,76,103,89,68,110,82,71,108,69,61,16,37,23,188,141,97,192,151,101,179,137,95,184,155,112,26,26,33,110,72,71,98,92,68,99,69,73,108,75,76,112,75,67,94,83,59,102,85,63,117,81,68,103,85,62,113,86,72,13,33,14,195,154,111,188,141,111,191,140,107,184,147,111,17,28,14,115,84,64,104,74,76,95,80,65,104,69,62,100,77,61,110,77,65,106,91,56,113,71,67,107,70,66,97,75,54,178,141,109,177,151,109,175,139,115,178,134,97,195,148,97,196,156,104,108,78,58,98,81,58,103,78,62,109,75,56,103,73,75,97,86,59,94,71,56,108,87,65,110,92,64,96,77,64,174,156,110,184,141,112,33,15,17,22,36,30,186,146,110,174,155,94,96,78,65,100,71,61,99,82,67,93,89,56,102,74,69,96,138,106,78,156,92,87,145,89,183,150,103,177,135,95,174,136,108,192,155,111,178,134,107,188,134,104,188,148,116,177,152,108,184,139,100,179,153,103,91,144,97,84,137,101,87,145,83,81,137,106,94,150,105,86,143,88,102,151,95,195,151,113,180,140,109,192,141,108,196,138,106,191,156,108,174,148,115,178,157,107,192,133,110,93,140,89,98,155,89,95,153,85,100,145,102,93,154,94,79,147,100,85,155,99,94,146,106,89,144,100,97,152,107,176,153,99,183,142,105,195,145,113,184,137,97,94,151,97,88,140,105,85,152,104,102,145,100,95,146,84,80,134,88,88,145,104,98,151,99,83,152,101,101,147,105,91,156,101,97,147,107,80,142,96,94,151,100,97,145,103,84,137,97,92,143,91,78,143,94,89,134,100,98,139,107,86,150,91,78,139,95,82,150,102,97,143,93,87,142,91,93,151,87,95,156,102,93,133,101,83,156,95,94,151,99,81,137,104,80,136,105,95,143,100,95,143,90,84,152,103,100,138,102,89,147,104,95,156,95
1,100,144,83,97,144,104,98,137,93,90,139,84,94,133,84,79,134,90,100,150,86,78,157,97,86,136,88,91,153,106,79,133,102,80,134,90,80,137,99,79,147,104,98,137,102,100,152,104,102,142,103,101,142,107,92,141,95,102,138,88,90,152,95,87,134,98,90,140,100,90,140,103,80,149,95,85,141,93,100,144,93,102,142,98,78,146,84,98,148,99,79,144,92,78,147,86,83,151,99,97,152,107,93,151,83,81,135,98,100,146,87,80,143,99,189,148,100,175,141,103,194,134,114,180,156,100,81,144,87,84,144,88,99,155,93,84,157,88,82,134,100,98,154,85,83,154,98,101,142,102,97,140,102,80,152,84,173,156,117,176,135,97,189,141,117,174,157,96,196,148,97,180,141,115,181,145,116,188,148,113,100,153,107,96,153,94,83,157,95,95,157,101,94,85,58,105,84,55,103,76,57,100,85,58,111,70,71,186,152,109,190,134,115,181,151,115,175,152,110,193,135,108,173,153,93,96,79,72,96,86,76,107,82,53,117,82,62,116,76,60,113,89,61,108,88,76,109,72,55,107,89,76,99,85,71,176,142,104,184,133,104,186,153,115,182,153,114,194,153,98,173,137,101,101,81,62,117,72,69,116,78,71,104,72,75,103,73,74,111,73,77,102,72,75,94,88,71,93,77,57,114,88,64,190,155,102,180,138,113,192,151,95,179,156,108,190,134,108,188,137,97,101,76,56,101,92,65,100,74,58,107,84,70,115,91,62,103,87,60,93,78,53,106,87,74,111,85,68,104,84,75,23,17,24,188,138,101,192,137,117,184,151,109,188,146,101,13,37,14,117,90,65,111,81,61,106,87,53,96,81,62,101,89,57,116,75,76,107,68,55,117,88,62,95,78,64,95,91,54,37,24,37,176,147,108,183,148,109,185,135,113,177,140,104,33,34,29,107,80,65,98,80,72,94,86,55,95,87,66,100,92,58,100,80,77,117,73,64,99,82,69,106,74,54,107,69,56,193,153,99,197,154,116,176,154,117,197,157,105,196,150,110,192,147,109,94,75,60,114,90,77,97,75,56,106,77,71,103,85,65,101,92,71,95,83,54,103,85,53,99,69,68,96,91,62,186,134,96,174,152,112,24,29,28,18,21,22,175,157,95,193,135,117,100,86,68,116,75,53,99,70,54,104,71,71,105,92,70,80,157,92,101,146,107,96,155,86,173,147,115,185,141,100,196,137,105,179,136,102,178,141,100,190,137,113,177,141,115,181,138,111,183,136,104,180,150,102,81,134,107,83,142,83,97,148,93,83,156,95,78,155,95,91,144,105,86,156,89,176,136,100,193,155,117,173,152,106,180,147,108,182,134,117,194,153,95,192,157,101,178,138,109,89,137,88,79,142,89,85,155,83,98,133,95,83,140,84,88,133,91,92,150,87,93,148,89,87,156,94,92,155,89,196,153,102,186,154,103,177,156,106,188,156,113,99,142,102,97,150,99,85,143,106,101,135,102,97,136,97,92,140,97,91,145,83,91,138,94,97,139,107,92,148,88,87,143,97,87,141,86,89,139,102,90,145,84,94,157,96,79,142,99,97,151,91,78,153,85,95,144,85,87,157,101,91,150,97,84,145,100,101,155,102,87,143,95,80,149,102,99,135,106,85,142,102,101,139,105,80,156,95,93,144,93,100,133,103,84,157,104,81,133,102,84,149,107,95,149,88,97,144,95,84,147,102,93,140,106
1,102,145,107,93,149,101,99,149,100,102,133,86,96,146,88,83,139,86,86,137,86,81,154,88,88,140,91,78,141,91,86,153,92,78,147,87,102,135,85,101,136,88,88,151,95,90,147,101,102,155,94,91,136,86,84,152,89,100,144,90,79,135,101,84,145,89,84,151,93,96,148,107,89,148,98,94,152,107,93,154,98,100,145,86,83,147,107,91,144,86,102,141,105,97,138,92,101,136,83,79,151,96,97,134,83,86,135,99,80,153,90,91,146,87,174,146,105,186,135,93,178,157,94,175,135,115,92,141,94,81,154,106,94,153,99,102,151,90,86,147,97,85,135,84,81,135,106,78,145,84,78,140,83,101,149,93,191,148,100,188,134,105,176,138,101,183,144,104,176,151,104,175,140,116,177,138,113,177,146,106,88,134,102,95,133,86,93,153,106,101,134,103,115,79,66,111,91,62,112,91,76,94,76,63,107,85,77,190,141,108,176,141,113,179,144,95,178,133,94,181,155,104,195,136,103,109,73,76,110,77,60,105,78,66,109,91,64,116,85,77,105,87,68,113,76,61,117,75,53,97,82,69,112,71,55,187,156,102,183,146,96,193,149,103,175,138,93,184,141,94,181,149,99,117,77,64,113,91,67,106,92,70,97,78,62,95,75,77,115,73,55,102,89,66,94,83,68,110,70,70,116,77,59,192,155,100,192,144,113,187,156,110,181,147,106,184,133,103,182,148,105,108,76,61,113,78,59,95,75,69,106,83,69,97,74,66,98,89,68,116,88,70,101,91,57,113,74,68,114,77,54,23,33,15,188,155,95,187,144,108,193,140,98,177,150,99,26,16,19,109,71,62,98,68,74,117,69,57,110,83,74,100,89,62,116,68,59,106,73,68,113,78,65,97,86,64,97,72,76,36,22,17,192,140,97,186,147,101,195,143,97,195,134,109,17,26,34,93,83,64,112,84,76,96,82,77,113,74,55,117,71,66,93,70,75,97,77,76,93,92,59,106,69,59,106,68,70,177,148,109,176,144,115,187,155,104,195,149,101,191,150,108,184,155,104,113,73,69,95,69,74,115,86,59,96,87,72,113,75,69,111,80,60,104,79,58,100,70,60,100,78,69,116,81,58,185,149,104,173,140,110,23,33,37,13,21,21,190,145,113,174,136,94,95,80,74,99,72,72,94,68,54,102,89,77,98,71,72,96,153,100,98,151,89,97,145,105,196,134,108,179,139,96,178,144,106,195,156,105,175,141,97,174,145,97,176,141,117,174,137,101,191,151,114,189,150,111,85,153,92,99,137,86,93,136,104,81,143,87,82,139,86,83,150,103,102,142,85,184,153,98,187,148,105,184,156,114,184,151,98,184,140,117,177,141,98,183,141,115,187,144,111,88,148,95,83,142,101,83,152,107,95,152,96,99,136,99,92,143,88,94,150,104,83,149,86,92,134,88,91,137,91,183,150,104,177,137,102,194,140,95,186,147,97,79,150,90,101,150,99,94,142,105,99,146,85,99,133,99,91,138,88,91,153,93,97,135,102,87,133,106,91,146,102,86,137,93,79,144,93,90,154,87,96,147,93,89,151,90,84,150,91,81,151,105,91,138,86,97,149,94,101,154,106,98,136,93,89,153,106,100,139,100,94,142,107,91,151,103,92,144,104,85,149,92,92,139,95,88,151,88,93,156,96,91,135,86,100,139,86,101,148,95,102,136,93,101,153,105,94,156,96,89,156,105,78,141,105
1,94,148,84,95,147,88,94,153,92,79,136,83,91,147,106,100,145,91,98,154,94,99,141,84,89,146,84,83,134,105,99,135,99,92,139,87,95,143,106,90,143,100,98,134,103,101,152,84,89,157,103,85,149,83,89,154,90,86,146,93,78,157,89,82,142,105,78,139,83,93,133,105,85,134,100,94,154,93,98,141,106,98,138,90,98,142,107,94,152,99,84,157,98,98,157,96,102,140,99,96,143,103,91,134,99,97,157,98,98,155,89,100,154,107,185,143,102,188,147,101,186,156,94,175,154,95,98,134,100,86,139,102,100,151,84,80,146,107,98,153,90,89,149,98,89,136,91,90,133,84,82,143,89,78,133,102,197,144,115,193,149,113,182,134,100,193,156,101,182,152,111,196,135,116,191,144,116,195,141,93,81,147,97,87,152,94,78,139,93,86,141,102,115,72,63,100,91,54,103,84,76,115,70,59,103,79,56,178,154,106,194,141,93,173,150,112,196,139,110,194,147,104,183,152,110,113,92,65,110,69,65,114,80,66,117,76,59,93,81,67,99,84,68,103,69,57,108,85,67,113,74,65,98,92,56,190,142,109,175,147,107,181,143,103,189,142,110,196,151,96,175,146,105,96,83,60,113,76,75,117,83,62,98,73,55,111,87,55,102,74,56,104,68,74,111,82,54,108,71,73,116,69,57,193,134,117,177,153,117,179,142,112,178,144,94,192,155,105,175,150,100,93,75,69,106,73,70,111,85,56,110,87,76,112,87,77,100,73,70,101,69,54,107,84,57,106,89,73,112,74,55,34,19,18,181,136,111,176,134,113,174,154,98,177,144,111,35,16,26,100,74,75,101,78,59,116,77,58,113,71,53,104,79,70,115,87,56,95,87,70,100,71,54,100,69,76,114,79,57,37,27,13,179,141,101,196,135,110,193,141,102,197,134,115,22,19,29,115,68,68,104,79,61,116,92,54,103,92,73,117,92,73,104,89,73,103,85,65,102,76,63,97,80,62,105,79,53,188,138,117,195,139,95,194,140,101,176,152,96,193,146,97,190,149,102,101,85,60,104,83,77,103,75,75,95,77,70,117,68,69,96,69,58,105,72,60,113,75,59,97,87,66,95,86,76,180,133,93,177,134,107,32,13,25,22,27,19,192,156,103,195,149,94,93,91,70,116,89,56,116,83,61,102,70,76,95,82,54,102,147,88,101,140,83,100,150,102,182,145,105,186,138,112,189,135,111,192,147,109,189,139,104,189,153,117,181,139,101,193,135,108,186,157,103,174,140,106,78,138,102,80,152,89,78,144,104,81,137,97,80,152,99,80,134,101,102,149,107,181,141,106,183,137,102,193,149,110,177,146,104,177,139,101,179,134,102,174,145,100,177,144,116,99,137,101,89,145,101,80,133,89,89,138,92,101,154,86,89,142,92,92,152,105,100,151,93,94,135,105,95,143,105,173,136,98,173,149,99,189,151,98,176,135,106,84,141,98,78,136,95,102,144,91,81,149,90,99,153,104,94,141,87,97,154,104,84,153,96,84,136,98,99,146,103,101,135,101,93,139,83,81,142,103,80,136,86,79,152,92,99,152,99,96,152,83,99,143,96,93,152,106,95,143,99,91,141,104,97,134,98,97,145,86,95,142,107,101,134,91,83,153,86,80,146,105,84,139,91,99,134,86,91,145,90,84,136,90,97,139,90,102,148,89,90,135,98,96,150,92,86,153,100,96,152,99,84,144,100
1,93,142,103,86,149,93,84,136,87,86,157,85,93,156,94,97,157,86,99,146,92,102,157,100,98,154,102,102,147,103,78,142,96,100,157,92,101,133,84,81,157,106,86,151,85,84,140,98,79,151,103,86,147,88,90,137,86,90,140,85,88,147,97,102,146,85,89,147,92,85,144,93,98,136,90,90,141,102,85,153,83,81,145,102,99,142,106,89,137,101,101,153,96,92,153,88,87,153,90,87,153,98,79,135,92,97,138,97,96,136,84,83,156,95,192,148,102,194,137,109,192,133,105,185,151,94,86,146,90,98,146,92,84,134,91,86,156,102,92,157,102,91,153,102,93,147,103,81,143,97,90,134,96,93,154,83,173,157,116,175,138,114,190,133,93,177,142,99,175,150,95,174,133,112,189,138,116,193,144,115,84,139,92,85,145,93,97,156,92,92,133,88,110,71,73,106,73,74,100,80,63,111,91,63,106,82,75,192,151,108,175,141,115,194,154,117,186,149,117,196,144,107,181,151,102,103,73,69,110,92,73,98,78,77,94,85,77,100,74,73,116,80,67,109,69,74,111,72,58,107,74,64,104,85,67,191,148,107,177,152,109,192,149,107,177,143,106,191,139,114,195,148,102,106,85,74,105,75,71,115,84,61,113,69,64,103,74,68,98,84,64,109,74,71,100,89,55,99,77,53,100,90,65,174,148,114,179,153,108,187,135,103,174,145,95,180,153,109,174,157,105,101,87,54,94,92,58,109,84,73,93,83,59,99,85,60,115,69,62,94,77,68,112,77,76,95,81,56,97,75,66,24,18,30,192,139,117,192,139,100,194,143,108,183,156,107,21,22,24,110,73,64,113,88,67,101,73,60,108,82,58,93,76,60,111,74,61,103,74,53,100,87,73,104,71,71,101,80,70,28,29,27,195,136,100,192,144,93,180,154,114,189,144,101,19,19,26,105,79,69,113,91,55,112,90,60,98,91,53,112,80,66,107,88,58,96,81,58,103,89,66,110,78,67,110,85,61,179,142,107,183,150,104,173,150,94,189,153,106,175,134,103,194,147,97,106,88,75,103,72,69,114,91,61,105,90,55,103,86,65,103,77,60,111,71,76,93,79,55,93,81,64,106,88,69,190,145,113,187,140,109,37,33,17,18,25,23,184,154,117,191,152,114,115,92,72,99,74,56,97,87,73,112,75,56,116,79,58,85,157,83,99,133,93,80,146,96,193,144,97,179,142,100,175,151,101,185,143,116,187,142,112,192,155,109,175,146,102,194,149,102,185,138,101,196,140,115,81,142,89,88,146,83,85,141,85,80,141,96,83,144,101,88,157,91,81,137,99,173,154,112,181,152,99,173,143,114,197,143,99,181,134,113,173,151,102,186,147,102,189,133,101,81,135,92,88,147,94,84,140,101,88,154,85,89,153,97,86,157,96,78,146,97,94,133,100,84,135,88,86,146,103,184,139,116,173,148,116,177,156,98,191,157,111,89,143,87,80,143,97,83,155,90,81,141,100,95,151,97,98,143,94,89,151,96,94,141,86,84,150,101,100,137,99,95,150,97,88,145,101,100,152,102,78,150,106,102,143,107,100,145,102,82,134,87,95,153,107,84,143,87,102,149,97,90,154,98,102,143,95,91,148,89,98,136,94,98,150,106,86,136,97,81,141,97,97,145,100,88,135,102,101,155,102,78,147,95,100,144,86,89,137,83,102,139,93,79,149,90,102,145,99,91,133,96,93,149,91
1,87,151,107,91,141,85,81,140,94,99,157,99,98,153,101,83,154,98,99,133,83,98,145,102,95,137,85,97,137,102,79,137,92,88,133,97,90,138,92,95,145,91,86,151,107,99,151,100,81,144,101,99,143,86,98,147,98,86,140,92,79,137,85,97,148,84,83,133,96,85,141,99,84,138,90,87,149,96,84,141,85,89,157,88,81,139,100,101,146,98,98,142,86,98,147,86,86,142,99,89,156,102,78,147,85,85,150,91,88,145,99,86,144,100,185,135,106,178,141,109,181,157,100,197,150,109,97,157,89,101,140,105,79,153,105,86,142,101,101,150,85,101,149,105,97,143,99,81,137,89,101,153,99,99,153,104,185,147,100,191,147,112,185,133,93,189,146,116,173,153,108,189,134,102,191,151,94,179,139,98,101,156,104,90,139,86,83,154,107,88,153,86,117,89,77,107,82,66,112,84,59,114,81,68,114,71,60,191,133,110,190,144,114,174,149,103,181,137,101,174,136,97,197,149,98,108,74,55,104,77,57,95,72,64,109,85,67,94,80,63,107,69,58,114,76,61,116,79,57,94,86,69,96,77,69,176,150,104,182,150,94,193,144,114,173,134,115,192,149,103,175,146,109,104,68,63,97,92,71,100,78,61,96,68,67,100,82,57,94,84,69,97,73,64,107,76,65,103,88,61,113,76,69,174,146,99,193,141,102,196,145,109,174,138,100,182,133,108,173,138,106,113,82,76,97,92,74,106,69,56,109,85,77,93,75,69,96,77,63,112,68,72,108,68,67,113,84,57,102,91,70,35,15,22,191,142,102,176,135,96,185,157,115,181,151,117,26,21,33,111,76,73,110,86,74,108,89,54,112,81,75,102,86,65,103,76,64,112,69,54,93,88,74,109,68,68,100,79,54,15,23,33,179,141,109,182,137,111,194,154,110,175,142,110,31,28,29,100,86,53,112,68,71,93,82,56,107,69,57,112,68,58,116,91,69,94,89,56,100,75,57,108,84,53,112,71,55,191,136,102,189,150,99,187,148,99,184,146,115,188,135,112,182,152,113,103,78,66,110,73,55,116,91,53,106,87,54,110,85,62,93,74,70,108,78,59,114,79,71,105,80,57,99,89,63,182,145,107,197,152,104,20,37,30,19,27,28,192,137,116,191,143,108,102,69,77,103,82,71,99,82,65,93,72,70,110,79,64,100,137,101,102,155,99,78,134,87,181,145,95,182,135,97,177,143,110,173,141,114,189,141,111,184,156,96,176,133,104,184,151,105,188,156,97,195,149,108,95,141,85,94,144,95,92,154,107,94,149,95,101,139,88,101,136,95,83,139,101,177,146,104,193,148,117,178,157,101,181,141,114,179,149,94,187,147,102,181,138,95,182,152,103,79,142,104,92,152,91,100,156,107,92,154,96,87,142,103,81,144,84,100,148,102,99,143,99,88,139,87,91,145,87,184,157,98,190,148,115,175,146,112,195,142,101,86,138,103,98,141,102,95,148,101,91,140,93,93,149,92,90,135,86,102,139,99,86,143,85,100,139,83,101,137,102,99,152,107,96,133,90,78,139,106,102,155,106,99,148,87,78,152,94,91,138,94,78,144,98,89,153,87,81,141,101,93,141,87,80,134,96,99,146,91,90,147,96,85,147,95,79,147,95,102,157,83,91,155,102,87,137,84,100,137,87,101,138,103,89,150,99,89,137,103,85,150,91,81,145,105,87,151,97,96,150,103,87,148,103
1,86,133,86,95,134,98,91,149,86,85,133,105,101,135,83,85,143,95,99,135,91,97,156,103,98,153,104,86,156,102,83,139,95,81,136,103,91,147,98,86,147,97,84,135,90,98,139,91,100,136,86,93,134,87,92,137,101,101,156,90,88,156,94,96,148,90,82,157,104,94,157,95,95,148,85,93,153,98,88,157,84,83,141,99,84,152,101,81,137,84,90,154,85,99,143,93,97,149,101,101,138,99,84,147,106,92,144,88,101,137,89,89,145,94,184,135,116,183,157,96,191,137,108,193,143,117,100,141,86,78,146,98,89,149,94,94,157,99,102,140,91,90,137,93,100,150,84,87,136,101,102,135,85,81,157,95,189,150,93,178,157,109,176,138,103,191,144,101,178,144,94,181,153,100,182,142,97,186,154,97,78,141,98,80,156,107,87,150,101,79,149,84,101,86,62,116,82,71,104,74,62,100,75,54,105,80,66,185,134,101,183,157,97,197,140,106,196,156,111,177,139,110,178,157,98,94,79,53,98,79,70,94,72,70,117,87,61,106,91,77,110,74,53,103,75,68,110,87,62,93,86,69,106,81,69,176,152,110,185,141,115,189,157,106,181,154,106,186,143,111,197,139,104,98,75,69,104,83,75,96,73,56,113,72,58,114,83,53,96,71,71,97,88,73,100,92,63,107,75,68,114,90,76,179,152,100,178,144,117,194,134,95,192,138,98,188,154,96,191,146,116,108,88,76,93,75,56,93,78,59,116,83,56,117,84,54,111,84,57,93,78,60,114,74,67,114,83,63,100,70,57,29,21,27,196,152,101,180,140,95,184,156,113,177,135,105,26,21,34,101,91,62,103,91,53,113,82,74,101,73,55,108,84,68,109,91,60,93,69,64,108,79,58,103,83,64,114,84,59,25,22,32,194,137,110,195,152,105,185,157,117,190,135,93,26,33,20,93,68,68,114,73,56,110,73,77,105,90,64,100,91,63,117,75,70,98,71,69,96,68,70,110,81,77,102,72,72,181,154,100,178,135,101,187,142,111,180,156,103,181,151,102,176,133,112,108,91,64,109,83,76,117,83,74,116,90,66,113,86,69,108,86,65,93,85,67,94,87,71,112,91,59,104,76,75,178,147,106,177,152,99,15,27,33,28,14,28,187,137,100,194,134,114,112,91,66,106,86,62,96,81,58,94,75,56,104,86,56,88,147,89,81,142,89,78,144,102,185,136,105,173,144,93,184,154,93,180,143,95,197,149,99,189,155,105,174,142,114,197,133,93,190,136,111,197,150,97,83,153,87,95,157,90,82,150,103,98,154,83,78,145,93,89,145,92,83,141,93,197,149,95,192,147,98,180,151,105,176,157,97,182,138,114,197,137,113,196,138,106,176,145,107,85,140,95,102,146,84,89,139,99,102,151,91,86,143,88,87,152,103,78,153,93,87,156,107,80,140,88,84,147,85,184,140,104,187,152,103,180,152,115,182,156,103,98,144,102,82,150,103,81,156,93,100,153,106,81,157,93,87,148,90,90,144,89,80,151,90,84,145,95,88,137,104,78,140,93,86,145,85,82,149,83,89,153,92,85,151,105,81,139,87,83,144,103,88,146,107,100,133,84,81,134,86,87,154,93,87,148,100,85,146,91,85,147,91,94,157,87,99,145,87,84,137,101,99,150,96,100,136,100,101,149,102,80,149,106,90,139,94,102,152,107,80,137,91,92,133,91,101,139,86,98,137,91,79,137,103
1,80,142,84,97,151,86,100,142,101,100,137,85,86,135,97,81,133,105,80,152,85,88,142,84,83,137,107,86,150,106,79,146,91,83,133,92,100,150,100,101,146,89,84,154,88,78,154,84,100,138,96,94,139,101,92,134,83,92,139,91,96,143,89,95,154,86,78,136,90,91,135,85,102,157,104,89,134,106,90,142,97,89,145,106,99,145,86,84,152,96,80,135,84,93,145,107,102,153,107,86,147,90,87,134,103,85,146,86,99,149,91,79,145,86,181,156,117,195,155,110,193,156,103,181,146,117,79,134,99,81,135,99,87,145,93,78,139,87,78,157,97,93,156,88,90,156,85,88,146,100,86,152,90,99,140,86,193,142,107,185,149,115,181,157,105,180,150,110,180,142,110,186,153,99,194,133,95,189,150,102,87,143,105,99,133,105,83,144,87,95,141,90,96,72,77,111,79,61,100,71,60,116,69,60,104,73,77,191,142,107,178,153,99,191,133,93,197,145,107,178,149,114,178,143,98,102,76,58,99,75,74,117,70,73,95,74,58,107,83,59,101,72,56,107,81,76,111,82,71,108,69,77,112,87,74,190,153,101,184,138,97,173,143,111,195,148,117,192,149,114,190,141,114,116,79,63,102,73,75,108,91,60,93,79,69,96,81,60,116,88,53,109,70,73,109,75,58,109,71,64,111,78,67,178,146,107,186,154,109,188,157,111,190,147,105,174,143,112,175,155,97,113,82,71,108,72,69,110,72,61,106,74,64,110,89,64,115,92,72,99,72,55,94,87,70,103,79,65,103,83,65,30,13,16,188,150,97,192,153,98,186,149,110,195,157,112,29,24,15,104,79,73,96,86,65,103,82,74,117,85,55,106,88,72,96,92,67,97,92,59,96,76,75,93,76,56,103,75,64,22,29,16,179,148,94,178,146,117,189,151,116,193,138,94,13,23,30,98,69,72,100,79,67,102,77,55,109,71,62,106,86,74,117,78,74,113,69,68,116,70,75,102,70,64,117,84,54,195,141,106,184,147,97,175,136,110,187,137,109,195,157,110,181,139,103,112,82,72,117,89,54,99,79,65,104,71,55,106,87,72,109,81,53,108,83,73,109,90,62,117,68,60,96,89,53,184,155,112,194,143,116,20,18,24,35,13,29,194,144,109,173,141,114,97,80,67,97,81,71,106,80,70,97,91,62,117,86,61,92,141,95,97,138,93,97,147,96,191,137,101,186,153,103,189,141,94,179,157,103,177,146,97,175,138,94,182,133,108,190,142,101,180,148,96,174,133,100,80,143,90,97,135,87,79,141,84,101,150,84,90,139,97,90,140,85,88,149,96,192,133,102,184,135,100,178,152,99,176,135,100,187,136,110,194,140,102,190,154,100,174,149,105,101,140,98,79,136,87,91,148,106,98,148,83,92,152,91,80,141,107,82,149,88,86,150,100,85,135,92,86,154,96,190,138,114,194,156,94,181,133,95,190,133,114,93,152,91,97,149,83,99,133,103,91,144,102,89,140,91,102,148,101,89,155,98,90,143,85,84,152,96,79,136,89,81,140,87,80,133,98,98,133,106,85,138,92,92,137,97,100,136,87,98,137,92,90,140,107,96,157,92,94,141,85,95,142,101,94,146,102,85,143,83,82,150,104,89,133,86,86,146,99,97,147,97,84,144,89,99,146,107,100,149,96,99,145,96,101,152,96,80,147,103,79,138,98,92,157,94,101,151,85,80,133,97,100,138,107
1,86,149,89,88,136,107,100,156,96,93,157,83,81,133,90,99,148,97,88,146,94,94,157,96,99,152,105,88,151,106,86,145,98,100,139,100,98,156,104,88,138,106,83,136,101,92,146,95,86,157,94,95,134,97,80,152,107,79,146,91,88,147,105,79,134,87,86,145,87,96,144,104,100,145,95,94,133,94,80,135,103,96,142,97,82,143,104,96,156,92,94,147,98,101,145,86,83,146,104,94,143,90,80,142,105,100,155,83,100,157,83,79,138,90,188,146,108,179,146,93,184,135,107,175,140,105,87,141,93,97,156,88,85,146,91,96,152,98,101,151,100,89,135,87,87,145,85,100,138,106,88,144,102,88,155,96,192,138,100,175,149,100,176,155,116,196,141,98,184,145,94,179,144,96,196,150,99,188,139,100,97,136,99,86,153,104,94,146,83,91,135,104,103,88,53,101,84,64,102,84,68,102,74,71,94,68,76,178,156,94,189,155,112,176,141,94,196,151,106,181,145,105,181,138,102,111,77,55,110,73,68,103,92,62,115,74,54,107,90,56,102,88,55,107,77,68,113,71,77,104,82,61,111,86,77,196,145,116,181,147,98,179,146,105,175,156,95,187,145,95,181,148,93,98,82,72,114,89,61,113,92,54,101,86,69,114,80,55,96,71,67,98,76,67,114,90,76,110,87,56,101,89,66,184,140,116,181,145,95,192,153,98,181,134,93,175,156,97,174,137,111,109,86,73,104,79,75,102,84,56,107,73,65,108,90,60,95,89,57,111,74,62,94,76,67,98,70,55,108,76,64,33,33,26,174,137,116,186,148,95,182,134,105,177,133,116,32,25,33,99,70,67,114,85,65,101,85,72,107,71,61,100,87,66,106,92,73,113,88,54,116,92,53,111,84,65,107,85,53,34,13,13,175,140,99,174,139,102,197,152,93,178,144,108,23,15,14,115,85,73,116,70,71,113,74,72,94,71,74,104,77,77,93,78,65,98,81,71,114,78,71,104,71,71,108,78,59,192,150,111,184,142,107,186,152,113,173,151,101,175,143,109,185,140,96,111,79,71,94,75,63,108,92,75,111,69,66,98,89,58,101,85,77,95,75,71,114,72,71,117,89,61,98,92,76,189,148,97,188,146,103,15,35,16,36,22,14,178,134,93,196,148,113,117,90,59,96,88,53,105,89,64,98,80,68,108,80,67,91,140,101,81,147,107,80,133,92,194,140,101,195,135,94,195,145,97,189,145,115,181,148,113,192,138,99,175,148,115,196,155,105,175,156,114,176,141,107,101,153,99,94,137,92,86,150,86,88,146,91,82,145,92,84,152,104,91,152,91,184,152,96,184,136,114,175,145,95,180,136,102,195,149,117,192,147,115,175,156,111,183,143,96,86,145,88,85,133,106,81,157,106,98,139,98,81,150,102,84,137,97,90,146,94,82,156,96,94,144,90,78,147,107,182,156,116,182,134,96,195,141,115,179,145,106,99,141,91,101,146,101,78,138,91,98,146,95,91,157,106,86,153,94,79,137,101,96,147,85,101,149,101,85,140,86,97,141,97,98,157,87,85,143,88,101,141,99,94,155,84,93,153,86,97,154,104,90,140,85,87,137,101,80,149,93,80,145,99,90,137,86,82,142,90,96,134,103,94,136,94,97,154,97,98,139,87,86,150,104,100,153,89,99,136,102,80,143,101,86,138,101,90,150,102,87,144,98,82,151,102,94,157,97,83,156,107,90,133,98
1,81,149,98,101,133,102,92,143,87,102,150,93,80,155,107,84,137,102,78,151,105,101,157,97,81,140,97,101,153,89,95,150,91,97,143,99,84,154,91,85,143,100,87,152,98,99,155,88,101,156,98,92,151,85,84,142,94,79,151,92,95,140,87,90,135,95,93,145,91,88,146,100,93,157,107,97,142,95,95,144,97,90,147,105,94,155,95,101,156,90,86,134,94,95,137,107,100,152,84,97,153,97,79,156,92,98,146,99,84,138,87,92,139,104,197,144,111,197,142,108,175,142,114,184,156,103,85,153,92,99,134,86,79,151,101,95,154,95,100,146,103,101,156,91,92,151,102,99,154,83,92,155,89,93,133,105,197,147,116,194,141,99,181,149,107,184,154,94,173,156,98,191,149,94,192,146,103,183,151,94,87,138,106,80,154,95,94,143,85,91,139,94,108,83,57,93,84,71,107,87,56,113,84,70,100,81,55,186,142,104,194,145,112,194,140,112,190,156,97,175,145,95,176,152,111,103,84,75,109,92,58,101,72,75,114,82,73,110,91,55,116,69,70,100,69,54,117,68,68,104,75,68,95,77,58,178,148,105,192,134,116,180,146,98,185,141,101,180,140,97,187,150,109,103,79,68,101,89,77,111,72,65,117,72,68,107,91,67,99,68,74,97,74,66,94,75,56,106,79,54,109,92,67,184,144,95,188,140,111,192,155,97,193,134,117,183,135,114,188,153,107,95,84,70,110,82,61,112,76,61,115,73,59,96,84,56,95,76,54,113,89,68,100,71,72,96,90,75,114,86,76,27,24,37,186,156,109,180,138,105,188,133,101,184,156,106,31,30,27,106,74,62,109,80,63,101,82,75,97,72,59,94,74,53,117,84,63,112,75,70,110,83,54,104,81,68,106,84,54,18,13,19,181,147,114,178,140,100,175,137,98,187,150,94,29,15,13,110,85,69,107,90,54,99,77,61,102,84,73,94,91,67,108,74,77,109,90,60,102,79,59,105,78,60,103,86,65,190,156,103,195,145,114,189,154,99,190,151,93,184,134,103,178,145,117,109,81,66,108,80,64,106,76,53,105,68,53,111,74,53,100,82,62,117,92,54,116,68,73,116,92,66,113,75,72,177,141,112,181,150,115,21,14,20,16,20,33,180,149,99,188,154,107,101,73,70,101,73,69,103,70,67,113,83,64,106,78,65,88,150,99,100,141,96,96,155,86,190,135,105,183,141,106,180,145,109,196,134,104,178,141,103,187,157,112,183,135,107,174,145,113,182,151,104,177,157,113,93,145,85,90,144,94,85,137,106,83,153,104,90,146,91,83,146,105,88,135,101,194,147,106,177,136,115,196,137,105,186,140,103,173,143,108,173,143,111,197,136,116,196,157,108,94,153,98,91,146,103,84,142,88,95,140,89,82,139,106,101,154,104,94,140,94,91,138,98,101,155,89,93,136,85,191,135,109,194,137,93,196,145,93,182,144,102,78,152,96,102,153,99,83,139,103,100,134,85,102,135,89,87,150,88,91,144,106,88,135,87,95,153,97,95,157,89,86,149,106,80,153,101,88,148,86,87,155,95,85,152,98,78,152,83,84,143,107,99,144,106,83,153,101,92,134,102,90,143,83,80,147,98,82,148,90,84,149,105,84,138,101,100,148,103,91,152,107,81,136,90,81,149,107,95,140,90,90,144,105,95,152,91,102,157,87,92,149,90,95,135,96,87,144,90,93,145,96,81,141,86
1,95,155,84,80,140,98,87,138,94,95,148,85,81,146,98,81,142,105,82,138,106,92,144,92,81,134,101,88,152,97,88,146,99,88,155,92,82,133,96,90,147,86,83,141,102,86,141,90,87,149,93,86,137,83,100,157,106,96,150,103,99,146,83,96,148,99,86,155,104,94,139,99,96,139,101,83,155,92,83,154,103,94,135,85,82,153,89,98,146,88,96,155,89,95,137,99,94,147,97,93,150,106,93,139,86,85,143,83,85,144,98,86,140,90,191,155,103,173,153,99,191,147,109,189,145,100,78,141,83,92,142,86,97,149,99,94,149,95,90,140,86,101,149,89,90,148,92,91,154,89,85,154,104,79,140,92,191,141,105,187,157,94,177,154,108,185,150,93,193,146,108,174,141,110,174,139,110,179,142,115,84,157,106,78,146,102,78,140,93,101,144,95,101,91,55,105,82,58,94,87,53,106,86,56,97,73,56,190,152,109,173,139,114,177,146,99,175,133,95,180,149,110,174,150,114,106,73,72,113,91,75,105,88,66,98,87,57,99,71,71,96,88,58,98,80,66,107,79,64,104,75,70,99,83,73,179,156,103,188,152,117,196,155,112,189,148,114,196,140,102,185,150,115,112,75,72,96,85,77,103,92,57,96,92,75,101,82,71,103,87,71,99,85,66,111,74,70,99,89,54,117,75,70,184,156,101,187,156,97,189,151,104,192,154,101,177,136,96,181,156,103,117,84,64,105,71,71,108,84,53,102,85,76,96,84,71,113,91,77,93,72,71,94,71,69,117,70,70,95,76,54,27,33,17,191,141,110,190,139,95,189,135,93,174,148,114,13,24,34,108,75,68,108,75,59,111,92,73,109,82,56,101,69,71,113,80,55,111,84,62,100,92,76,117,90,58,98,68,59,18,24,22,182,134,110,176,140,108,178,155,108,195,148,106,36,20,16,96,89,63,95,92,60,106,80,64,96,90,76,100,68,66,108,87,77,95,74,60,110,76,60,115,77,76,105,75,74,175,149,116,182,147,105,176,138,102,174,145,114,177,152,114,179,147,109,111,78,74,102,69,61,108,89,68,108,86,60,98,92,54,109,72,70,115,77,56,109,88,70,111,76,66,111,78,70,194,141,108,176,139,105,33,29,26,21,33,19,186,150,96,177,149,95,116,70,68,99,89,55,93,78,58,114,91,77,95,78,66,83,148,100,101,139,85,82,140,91,177,152,114,193,152,98,185,141,108,185,153,112,186,143,94,180,133,95,189,143,93,187,153,108,179,133,112,184,143,114,97,156,98,92,153,86,86,139,103,98,155,96,96,156,86,92,135,93,97,154,85,177,134,102,185,142,102,182,145,97,188,141,95,179,154,112,188,142,106,185,152,111,180,142,115,91,157,92,97,134,94,100,147,93,83,133,97,83,157,92,95,153,96,84,136,104,80,140,91,84,140,103,95,135,89,177,133,113,176,146,93,188,145,97,185,143,93,91,142,107,101,133,89,91,150,92,78,156,95,96,147,88,83,144,104,92,138,90,98,135,87,81,134,97,83,157,95,102,142,87,93,138,93,80,145,84,102,154,102,91,141,97,93,135,95,88,139,94,86,140,91,91,152,102,99,142,105,94,133,93,93,135,99,80,150,98,94,135,98,92,134,102,93,145,89,83,152,106,82,139,97,84,137,89,89,136,92,102,137,106,85,156,105,100,143,107,87,142,105,85,138,92,78,149,105,90,140,87,94,139,86
1,91,150,107,82,154,95,95,149,106,83,148,107,78,149,96,99,153,94,79,156,88,80,156,106,85,146,84,94,134,95,79,150,90,98,135,106,100,148,91,98,154,87,93,141,92,94,151,102,95,150,86,90,156,105,95,155,100,85,153,92,94,155,92,83,146,88,101,144,106,78,142,85,81,150,93,89,145,94,93,146,86,78,150,88,94,149,90,86,146,101,79,152,83,90,152,94,88,141,94,99,145,106,102,139,89,88,137,93,83,146,85,88,151,100,196,138,105,189,136,115,174,143,113,186,137,103,79,146,95,95,134,89,98,145,84,83,146,93,81,156,95,85,143,103,84,148,89,99,137,89,87,138,102,79,133,83,195,141,108,186,157,105,192,153,101,183,152,98,186,149,93,190,157,107,180,134,116,191,134,111,98,143,88,84,140,95,84,136,91,88,141,103,106,70,64,98,73,75,104,79,63,96,86,73,105,83,63,188,148,106,175,146,101,196,157,117,189,134,117,181,138,117,193,136,117,93,68,73,117,68,66,97,71,75,110,73,59,117,79,69,106,74,65,100,91,70,107,85,71,99,70,73,101,90,69,192,134,102,181,151,117,183,138,106,185,145,101,184,147,94,194,137,115,106,89,72,96,77,69,114,68,61,94,79,61,96,72,68,100,74,62,104,69,75,117,90,64,105,90,59,104,74,77,193,149,102,188,146,98,179,145,97,177,149,109,177,154,112,185,153,94,107,71,60,103,83,72,114,80,66,112,91,72,102,75,63,105,87,64,115,89,56,100,86,62,107,78,72,102,75,61,32,25,27,187,150,108,193,140,107,175,154,104,178,155,108,19,20,14,113,91,54,106,72,68,107,72,73,107,70,55,113,75,63,113,80,71,101,83,75,116,70,58,106,83,60,106,78,54,28,36,19,180,136,114,181,133,108,181,152,117,173,133,106,29,20,34,98,81,57,94,73,74,96,91,58,100,68,71,93,84,66,96,73,53,109,85,63,110,74,54,105,92,63,105,89,60,180,155,104,179,145,109,184,155,99,174,153,97,194,141,95,195,155,110,106,78,68,97,75,66,102,68,59,93,91,65,108,78,54,112,91,72,116,71,71,115,82,63,103,78,73,102,90,74,197,152,93,182,148,105,37,33,26,20,31,14,184,155,106,184,137,111,103,73,65,99,79,72,94,76,59,101,72,53,107,79,67,93,145,95,80,140,83,85,133,96,193,133,96,191,143,105,187,148,99,175,150,110,181,137,117,177,141,108,190,152,99,174,145,111,194,137,112,173,155,103,101,144,92,99,139,99,80,138,100,101,144,105,95,138,101,86,139,100,79,133,88,182,136,115,178,145,116,174,139,103,182,138,103,193,153,115,190,144,114,192,143,109,174,135,99,82,145,91,87,148,89,96,150,91,93,133,102,93,153,92,94,157,105,91,153,105,89,139,86,83,155,104,95,153,94,184,138,107,192,152,117,179,145,105,178,144,102,94,153,104,98,133,86,98,155,84,85,156,85,92,154,91,98,149,98,78,142,85,94,154,97,101,147,100,90,140,83,92,149,85,94,133,95,88,151,97,85,139,103,94,157,85,87,154,90,88,154,106,97,147,89,100,155,89,89,156,85,80,143,94,82,141,85,89,156,98,92,152,88,98,143,100,98,155,93,84,133,101,82,138,96,90,144,103,94,137,106,98,153,90,99,149,86,102,141,92,102,152,89,83,150,102,102,144,93,92,152,86,94,154,84
1,88,139,106,84,148,106,102,150,107,88,153,86,83,137,88,101,151,94,98,152,89,88,153,96,86,146,84,78,144,96,81,142,85,102,157,84,86,150,99,90,149,101,90,143,97,80,154,91,91,149,91,101,154,98,83,149,101,90,140,83,95,136,87,101,154,104,80,151,96,92,153,90,98,152,98,81,137,103,90,139,98,99,147,88,93,139,83,98,136,92,78,149,94,78,153,98,79,149,93,80,147,95,92,143,105,80,154,104,90,135,83,82,148,103,187,151,110,189,143,100,180,153,111,186,135,112,84,154,99,80,157,84,93,150,106,82,157,99,85,146,97,97,146,105,100,136,87,101,133,104,93,151,94,96,148,83,192,139,98,176,141,96,190,135,114,190,142,100,197,152,108,195,152,94,176,148,115,182,133,100,97,147,88,101,138,90,86,138,104,98,135,93,102,74,70,94,68,67,97,89,71,97,74,66,104,90,67,197,152,109,191,136,102,186,150,103,186,156,101,192,138,97,186,134,101,98,71,68,97,79,76,101,91,54,96,76,70,106,71,57,107,71,60,116,90,72,93,78,59,106,72,66,95,82,68,175,154,100,183,139,109,193,151,112,174,151,105,197,153,111,184,151,102,113,80,72,105,72,71,97,77,53,103,85,74,94,91,67,100,81,64,105,70,55,109,88,67,116,92,61,94,90,68,195,141,112,191,154,95,197,136,104,184,139,112,173,136,104,191,152,107,99,80,62,100,78,76,93,88,68,94,91,56,113,87,58,117,86,64,93,88,64,94,84,66,105,70,53,112,71,76,35,26,24,174,142,113,193,152,99,191,154,115,189,134,104,13,22,22,98,70,69,103,71,57,94,75,73,105,72,66,103,92,60,99,80,63,106,77,60,106,86,61,113,73,53,107,79,62,17,23,24,178,140,102,196,155,111,180,155,116,177,157,101,15,23,34,105,84,70,94,92,74,116,82,57,110,78,66,93,68,68,100,85,70,112,78,53,113,88,56,110,68,74,103,70,53,197,157,104,176,155,116,175,151,99,175,157,115,182,143,93,182,136,95,113,79,69,115,72,57,109,72,63,109,79,67,115,82,53,98,86,70,113,69,67,115,71,72,117,88,64,106,68,64,177,149,104,193,155,114,25,17,23,23,33,29,175,155,117,180,156,106,105,81,55,117,85,70,94,69,72,113,89,67,97,76,64,97,144,93,82,136,87,82,136,93,184,145,114,179,136,114,181,154,101,194,133,101,183,154,106,189,141,108,187,143,106,178,145,112,176,142,98,196,138,113,96,137,97,81,133,95,96,148,95,92,143,106,88,153,99,85,136,85,79,150,86,178,139,101,190,152,100,178,139,105,182,153,103,175,154,96,190,146,103,192,149,113,175,147,116,102,146,83,95,156,104,79,148,102,87,145,96,100,136,90,79,139,83,101,140,94,90,137,103,83,135,89,88,133,95,181,148,97,194,133,114,193,151,104,190,148,105,78,154,85,100,153,88,101,156,85,85,155,90,79,156,93,92,154,85,89,136,102,89,152,90,84,148,87,89,135,89,85,150,96,102,139,101,97,147,94,87,146,100,82,155,89,94,143,98,84,136,87,89,147,89,85,141,84,88,139,90,96,151,103,78,157,104,83,146,93,97,137,96,90,143,83,96,140,98,84,134,84,81,146,89,95,150,85,93,148,87,99,137,83,80,133,103,101,139,88,94,140,85,80,135,83,84,152,97,87,148,87,100,157,102
1,89,146,105,102,142,96,98,151,103,87,148,105,80,140,105,79,147,87,78,146,86,78,138,99,85,141,101,91,153,83,90,153,104,81,145,106,86,155,100,84,136,88,84,134,95,94,135,88,88,156,99,93,149,86,98,153,85,99,134,87,88,138,98,79,146,103,81,137,87,90,134,104,91,155,86,87,156,88,86,143,100,91,141,85,87,143,106,94,138,90,80,139,105,95,142,88,95,147,89,85,139,83,92,147,89,92,144,89,87,148,91,92,141,95,182,133,97,179,133,104,184,153,102,195,135,97,81,138,92,82,149,89,88,157,103,97,153,91,90,135,84,99,146,83,98,136,91,79,140,90,90,148,96,96,155,86,177,140,104,194,147,111,176,133,93,193,139,99,176,145,107,195,157,104,195,157,116,192,133,105,83,134,98,78,151,106,94,145,97,99,151,93,95,77,59,115,70,65,104,90,69,104,78,76,117,83,74,187,144,102,181,150,96,193,156,105,174,154,107,175,148,98,196,135,104,106,81,59,111,81,58,107,87,64,101,88,72,99,69,62,94,89,66,116,77,70,107,70,53,97,83,76,93,76,72,179,154,116,191,145,114,181,136,96,188,148,113,181,142,112,181,134,96,100,80,55,106,69,67,103,86,72,96,71,53,94,90,75,93,70,57,116,85,59,113,82,54,97,79,76,106,73,54,177,155,110,180,144,105,177,153,94,182,140,115,189,151,113,184,134,94,103,76,55,100,70,65,103,84,75,107,71,57,94,79,54,96,72,57,114,74,57,108,70,76,100,72,53,112,69,77,22,25,25,195,136,97,192,145,100,175,135,104,185,151,108,16,35,28,115,70,66,97,81,68,110,72,55,101,79,73,105,82,76,102,90,67,103,69,58,105,71,74,104,84,66,96,85,73,25,15,36,180,142,107,175,148,105,193,135,114,179,147,111,30,30,37,116,81,67,102,76,71,117,79,72,108,74,67,110,81,74,98,80,64,115,86,56,96,83,72,112,80,59,111,70,55,188,152,98,193,139,115,190,149,109,180,141,93,194,138,114,193,144,109,105,73,66,99,85,53,109,80,72,98,82,60,97,71,53,114,92,69,107,75,68,107,77,58,113,77,62,100,78,66,182,149,93,188,149,111,21,14,25,17,27,31,180,134,103,187,152,117,105,77,60,110,85,67,117,74,59,102,90,65,98,73,62,100,145,91,86,137,100,92,157,107,178,138,100,176,156,113,179,133,101,173,133,113,183,135,98,196,152,101,189,146,112,179,143,93,182,152,104,179,146,113,87,134,90,102,144,88,92,134,89,99,153,88,78,139,96,98,156,85,85,145,87,185,140,111,190,140,117,189,141,115,178,142,110,175,137,94,173,150,112,184,141,95,180,144,97,91,137,88,94,151,105,94,135,83,95,144,84,79,134,106,97,136,106,97,148,95,88,147,102,87,136,84,89,134,89,176,151,108,196,135,117,175,136,116,187,153,93,95,148,100,101,137,87,85,149,93,88,142,98,91,153,99,86,147,95,93,143,84,100,153,95,84,141,91,92,133,101,86,142,92,83,148,91,79,148,95,91,141,92,87,136,84,90,136,101,83,134,99,98,142,107,80,155,87,82,137,84,100,140,106,95,148,104,91,147,89,99,150,106,87,137,101,101,135,99,87,145,107,81,137,87,85,151,86,94,137,92,101,144,104,101,136,106,87,156,84,101,146,107,89,140,92,79,138,102,83,145,95,93,154,89
1,81,146,97,95,153,94,78,142,89,93,157,91,87,140,85,101,152,97,100,144,91,82,140,101,92,137,99,78,136,105,101,157,100,93,133,93,101,138,99,86,144,90,99,135,86,89,157,99,92,134,97,97,135,104,99,141,100,100,136,105,99,139,102,94,138,101,94,135,103,78,156,99,90,134,92,86,153,86,89,151,90,94,143,84,96,150,85,94,135,91,96,145,105,96,146,91,98,144,89,85,156,97,81,156,93,96,148,106,86,140,90,84,142,89,181,135,96,197,153,109,178,153,116,184,153,96,86,150,95,101,155,91,78,137,88,96,141,103,94,140,84,100,157,87,98,137,83,101,142,99,92,138,99,92,142,104,180,153,112,182,139,115,184,150,105,177,136,100,193,136,110,193,141,95,195,150,94,196,148,96,98,147,100,79,151,100,95,145,94,96,149,94,102,70,68,117,74,58,99,77,73,98,78,56,99,84,66,176,147,103,193,143,106,183,135,107,179,153,114,192,141,98,185,137,116,94,88,73,113,81,56,111,77,76,100,76,69,104,73,53,117,79,69,117,76,67,116,90,73,93,85,63,102,91,55,194,137,102,195,141,108,189,150,102,179,134,93,194,157,114,183,155,93,107,88,59,103,74,63,99,73,61,102,76,72,97,86,74,116,78,74,108,87,67,110,80,73,96,72,70,117,80,53,174,139,101,177,156,98,193,138,104,185,137,101,185,155,116,188,148,103,95,80,65,115,81,60,93,75,55,108,89,57,96,71,66,98,90,62,116,91,61,98,70,66,116,89,71,105,70,74,27,26,14,173,133,113,182,134,115,190,156,99,197,151,99,26,34,25,114,81,65,105,92,57,105,69,69,112,78,75,103,85,69,115,74,73,108,71,54,99,78,73,103,85,61,104,74,68,28,33,31,188,140,102,176,147,102,173,141,108,175,144,112,17,31,16,97,90,56,100,90,64,109,85,68,93,76,59,97,69,70,93,90,61,106,84,76,111,87,54,94,86,69,110,88,66,183,146,108,197,139,99,196,141,113,184,151,109,194,141,94,196,155,108,96,92,75,107,78,75,98,77,67,116,81,72,100,85,72,103,68,57,93,68,63,98,86,63,105,76,58,105,88,58,182,154,103,190,146,96,19,21,27,25,15,23,182,133,93,176,138,109,117,84,53,95,77,60,102,71,70,114,73,62,104,74,70,94,133,95,92,148,87,83,142,89,180,151,93,185,151,103,196,142,113,178,138,100,176,133,95,178,156,103,175,137,110,180,140,108,173,155,107,192,134,94,84,134,88,83,141,103,83,147,101,100,139,86,90,145,90,101,155,87,86,135,99,173,149,95,197,141,108,197,154,116,190,156,102,196,135,104,177,140,104,189,150,97,196,149,93,100,155,89,80,137,106,86,139,99,93,134,85,92,145,102,84,136,92,78,137,97,95,141,102,101,135,102,82,151,89,179,148,98,197,151,107,182,144,114,192,140,104,89,133,105,98,146,87,102,151,92,82,156,84,86,153,98,91,139,90,78,135,85,83,133,93,81,141,91,100,154,103,100,151,99,86,137,97,93,150,100,89,147,85,78,136,87,92,157,89,96,148,100,102,146,91,88,136,95,93,150,99,89,156,83,89,154,86,94,133,102,92,134,85,85,153,85,89,133,104,95,157,106,79,146,88,101,147,88,96,148,92,80,138,98,102,155,99,82,138,88,84,142,88,85,138,87,100,139,84,96,153,97,98,134,105
1,80,155,88,90,150,107,82,157,86,85,139,91,82,139,97,86,155,90,102,146,106,82,157,87,84,151,99,83,148,84,78,145,96,82,152,91,84,157,101,93,153,88,86,137,88,92,151,89,87,156,96,83,154,102,79,148,93,82,138,97,93,143,99,94,149,97,81,142,90,100,145,93,85,154,101,84,141,97,97,148,84,84,137,99,95,142,106,79,141,107,87,146,94,91,143,101,100,142,100,98,140,95,101,148,101,82,134,100,97,156,92,89,145,86,195,137,115,176,133,108,183,148,111,175,153,110,95,137,96,91,154,86,93,134,85,98,140,107,91,140,94,85,133,83,86,153,96,89,154,88,83,157,102,92,149,88,190,133,107,183,140,104,197,154,112,181,149,98,188,135,117,197,153,105,190,137,95,180,140,110,89,136,95,91,139,86,94,141,101,95,140,92,96,74,62,104,83,54,110,71,68,108,78,74,115,74,62,179,140,108,182,148,117,192,154,113,196,151,116,181,157,103,184,157,100,93,86,64,97,88,68,106,71,74,100,85,53,94,90,64,106,75,61,107,76,75,115,75,70,97,85,76,109,72,63,191,152,108,190,144,102,184,144,103,173,142,96,197,143,110,197,148,113,112,68,61,109,69,65,94,92,65,107,89,72,116,73,61,115,76,72,115,75,72,97,74,55,110,72,53,103,87,54,182,145,110,196,142,94,189,155,111,182,133,112,181,139,101,188,141,108,112,92,76,108,86,68,109,72,66,109,81,57,102,78,69,99,70,74,102,69,71,96,89,73,107,71,61,108,73,67,14,20,37,192,139,111,184,141,113,191,156,110,193,140,103,19,20,26,97,72,72,106,83,67,103,69,66,99,91,76,108,88,75,112,74,77,98,90,73,103,79,61,111,69,61,96,90,76,30,22,24,189,156,116,185,138,99,191,135,99,192,145,108,27,22,20,101,89,73,96,88,61,105,82,55,108,88,53,95,81,62,103,73,76,108,74,64,97,88,77,112,68,55,100,74,62,195,156,100,196,145,111,182,145,102,184,151,102,181,144,94,173,142,93,96,82,67,115,81,67,104,72,54,93,75,62,111,87,76,101,89,55,117,71,63,97,87,71,98,80,62,102,69,70,193,141,96,173,156,110,25,28,17,22,13,34,179,133,103,195,154,113,101,81,64,110,89,68,109,82,62,113,91,67,106,84,63,80,151,90,101,137,101,95,146,89,178,147,99,175,136,113,178,152,110,178,153,111,197,150,109,180,149,93,197,155,101,176,146,112,192,139,107,186,156,112,92,133,99,91,140,88,96,144,95,101,148,93,95,141,101,85,136,101,93,155,92,180,145,97,188,136,101,176,153,113,188,138,97,177,150,100,173,142,109,186,147,117,189,137,109,94,143,89,93,153,100,85,149,103,102,136,107,87,151,105,90,138,90,98,142,103,78,153,106,102,138,85,90,141,105,186,146,113,187,136,112,180,141,114,177,152,110,91,137,92,95,137,102,99,138,88,96,141,90,82,138,105,92,157,86,80,143,87,84,156,94,101,148,99,80,142,100,81,150,84,83,134,94,100,142,107,78,143,99,82,148,104,97,152,85,86,133,91,81,156,100,99,146,105,96,134,94,90,140,99,78,142,83,78,142,94,89,138,94,82,146,93,86,145,84,90,148,102,83,146,99,95,149,90,85,142,105,89,149,83,96,146,105,97,146,90,78,151,93,101,145,98,89,143,84,98,139,97,90,154,92
1,101,148,99,96,136,90,85,152,83,78,148,92,91,138,99,90,151,86,81,134,93,78,146,103,101,150,89,89,149,105,93,148,95,90,139,86,91,135,104,97,150,105,91,141,103,79,144,90,93,146,97,79,155,91,80,143,86,78,145,85,83,157,103,99,143,87,79,145,84,88,147,102,97,140,91,100,136,105,83,135,105,87,149,106,95,143,85,86,143,98,100,151,93,90,134,94,91,157,84,93,140,97,92,135,107,81,149,100,83,153,91,83,133,93,176,138,104,195,140,98,177,133,105,193,136,111,86,154,106,81,147,90,93,157,105,81,142,103,86,155,88,81,142,83,83,134,102,83,135,105,79,156,87,98,156,99,180,155,101,189,146,99,194,154,104,183,147,114,197,153,108,196,143,101,179,153,107,178,152,115,88,142,85,100,154,88,88,156,88,81,156,85,116,71,76,115,80,71,107,90,59,105,80,64,101,68,76,196,153,109,174,134,101,179,149,105,197,143,98,186,149,102,175,150,116,116,81,76,93,78,59,112,69,54,112,68,64,110,92,61,109,92,55,100,81,74,117,88,71,104,81,77,103,81,63,186,145,105,180,139,94,195,150,93,178,143,101,179,147,99,176,145,107,106,87,69,107,78,56,116,89,75,117,92,62,116,80,61,105,68,75,105,73,63,115,89,55,94,76,70,98,92,69,174,135,114,187,156,102,184,142,106,192,145,105,178,146,102,190,151,113,108,74,73,93,71,58,99,92,55,115,87,74,111,79,73,105,80,58,105,86,68,112,78,64,99,90,65,117,68,66,21,31,25,193,137,96,197,151,108,186,144,116,189,149,105,34,13,35,110,71,76,98,79,56,113,90,55,99,75,72,109,86,68,108,73,77,108,69,71,101,70,65,110,77,54,105,89,55,24,28,34,179,146,100,184,146,95,192,157,114,174,146,97,33,30,19,117,80,53,94,80,63,96,71,66,109,92,53,116,75,56,101,70,60,113,82,64,117,88,71,97,81,56,113,91,57,186,141,94,181,134,107,191,150,98,194,133,113,186,139,100,176,143,114,94,81,73,108,87,58,106,76,58,93,89,67,95,73,55,96,74,73,109,82,56,117,73,67,93,84,60,111,82,76,176,155,113,183,139,117,36,22,29,27,16,19,182,153,94,195,150,117,99,86,67,104,88,67,113,70,59,115,77,72,117,79,64,82,137,107,89,148,96,100,156,93,173,157,94,196,147,101,181,152,96,182,138,98,180,153,101,187,135,111,195,134,103,187,141,96,197,147,112,179,154,98,80,153,94,87,142,84,96,150,98,86,157,86,94,137,96,81,152,102,94,152,83,183,137,106,191,150,116,176,142,110,189,147,95,173,146,111,183,155,105,178,143,117,175,142,105,89,157,99,96,155,88,99,145,102,90,140,85,92,148,97,100,136,99,80,140,83,101,145,86,83,135,88,91,149,90,181,138,99,195,157,96,191,157,106,186,154,94,79,144,104,94,148,107,99,142,106,96,153,102,98,142,94,85,136,86,78,137,101,78,139,95,90,149,91,78,148,92,81,152,106,99,156,100,85,149,97,92,157,90,81,149,98,96,150,97,95,135,85,81,139,88,92,150,104,89,153,100,99,138,85,79,146,88,91,135,87,90,137,92,78,149,104,97,138,104,90,133,87,99,145,104,101,138,92,97,153,100,93,137,92,96,143,99,79,146,102,102,144,89,78,137,84,98,139,89,80,154,93,87,136,90
1,96,139,99,89,133,89,92,151,98,102,133,89,88,142,101,81,157,94,100,148,93,81,141,105,78,141,91,87,157,93,98,139,98,90,134,104,79,146,98,92,140,89,78,145,95,89,144,96,83,135,87,90,136,89,92,135,95,87,133,90,82,141,100,92,153,106,100,139,94,92,133,84,79,147,85,81,146,106,96,135,97,86,136,100,92,149,96,102,135,103,100,141,100,92,156,89,80,142,104,91,133,86,79,141,97,89,148,94,84,135,92,98,140,83,194,135,108,197,135,96,174,145,103,189,139,109,89,137,97,92,154,87,95,138,99,96,148,107,88,149,103,89,143,86,101,137,106,101,138,106,86,142,102,86,149,105,189,148,94,196,155,111,179,141,105,187,142,113,196,141,109,182,155,115,186,152,93,192,139,113,102,145,104,85,145,95,83,134,94,92,156,105,93,76,58,107,85,67,107,92,56,116,70,58,107,84,55,185,136,99,176,145,109,190,153,110,176,139,112,191,134,96,194,147,109,104,78,66,105,78,67,98,69,53,107,90,55,113,73,77,94,84,55,100,75,74,98,77,56,97,78,62,111,81,53,176,156,99,180,142,110,197,144,117,194,139,105,189,136,111,197,134,111,110,83,67,106,83,62,111,81,67,95,86,75,115,76,77,108,70,57,104,69,75,111,75,68,94,69,72,96,70,56,186,156,103,179,148,108,183,142,106,178,150,102,174,145,96,185,154,99,116,73,75,116,84,59,111,81,68,107,79,74,108,73,72,110,79,61,93,82,74,96,77,71,115,86,76,95,85,72,34,16,26,178,135,104,177,152,100,189,154,97,180,154,96,22,15,36,93,77,73,105,85,67,96,79,77,106,70,57,98,68,66,106,90,67,95,78,64,114,79,65,103,68,61,114,80,67,25,24,23,174,144,106,174,143,115,187,137,99,185,153,102,28,22,30,100,68,72,97,86,53,108,81,68,95,90,62,115,90,66,98,74,63,96,71,73,117,90,77,109,73,73,115,73,58,181,150,110,182,143,110,176,152,117,183,154,98,187,147,96,175,140,95,104,71,76,107,81,68,109,85,57,100,92,64,104,70,60,104,74,58,107,79,71,97,75,64,95,89,72,111,77,54,180,149,94,192,157,115,36,28,30,27,29,23,175,154,102,194,144,100,114,84,70,103,73,69,99,84,65,105,76,73,107,68,73,96,149,96,85,146,97,96,141,89,179,151,103,193,151,103,196,145,101,177,137,100,175,142,102,191,134,110,175,147,98,177,144,109,174,139,116,191,155,108,82,148,99,81,152,96,83,139,104,91,142,101,88,145,102,101,135,97,88,148,99,181,155,94,175,139,116,185,146,97,177,134,106,195,156,99,179,145,93,185,145,94,178,148,103,97,141,106,89,141,87,89,140,106,85,153,106,93,151,100,78,157,93,85,134,103,95,154,104,80,146,102,88,148,103,190,147,97,179,133,107,182,142,103,194,154,112,94,139,84,100,144,86,99,137,88,78,145,89,95,147,84,92,154,100,80,144,102,83,135,99,81,145,102,93,148,93,82,157,103,89,153,97,87,145,91,80,144,97,86,150,83,94,145,95,84,135,96,100,142,99,98,157,102,99,144,102,85,143,90,91,136,84,85,150,97,87,150,97,81,145,91,87,144,95,99,152,83,82,134,84,88,139,90,81,146,92,78,155,84,92,151,105,90,144,99,96,135,92,96,147,95,89,154,85,96,133,105,81,148,91
1,96,152,103,85,149,89,92,151,97,94,144,98,99,133,99,86,148,84,92,151,97,92,155,84,78,142,87,89,154,87,92,156,95,97,144,101,100,157,93,85,156,92,98,155,86,79,147,107,87,142,90,79,139,103,83,133,100,81,156,91,78,135,99,86,136,100,90,155,92,83,137,89,89,151,96,78,144,89,100,154,105,96,146,107,100,138,92,94,152,98,88,142,99,83,152,92,94,147,86,82,146,107,85,142,88,102,146,97,82,141,89,93,135,104,182,133,109,178,150,115,186,145,100,194,135,110,96,138,101,78,136,93,102,141,92,78,135,106,87,133,86,88,137,105,101,143,105,79,139,84,99,134,106,90,153,91,185,141,115,176,148,100,176,154,99,183,150,94,192,152,102,195,155,103,197,155,105,188,153,98,101,145,99,80,135,105,81,133,92,80,141,93,115,70,67,102,86,54,106,76,77,114,81,59,104,91,76,175,135,102,196,155,93,176,152,94,189,142,110,184,139,112,180,135,99,113,85,71,103,79,67,95,89,67,113,87,75,102,75,66,103,78,60,97,75,57,107,75,59,107,87,56,109,68,58,183,134,113,177,156,114,177,146,105,184,137,110,193,157,98,185,142,110,96,75,74,96,72,57,101,74,53,117,88,61,111,90,73,105,84,63,106,89,62,113,77,74,115,70,75,99,72,58,196,134,108,175,134,110,197,141,97,184,145,104,190,151,97,190,142,117,109,84,75,96,79,72,94,81,76,95,86,57,111,91,57,117,73,55,101,73,65,102,84,61,115,82,75,117,81,61,15,27,20,175,141,96,174,149,113,189,153,108,190,140,102,25,16,30,109,77,64,98,76,60,102,89,74,103,72,62,100,80,69,93,70,68,94,85,59,110,82,71,108,92,53,94,76,75,13,30,23,179,138,96,196,148,104,187,144,95,182,154,105,32,24,21,105,68,68,105,88,76,110,72,59,96,88,62,117,79,67,106,71,56,94,72,58,104,70,62,102,80,61,110,77,55,180,156,98,186,152,107,193,135,108,194,154,112,180,138,110,197,144,109,105,76,58,108,70,73,103,82,54,96,80,73,100,87,62,100,80,65,103,71,55,97,89,57,108,77,67,99,70,72,189,148,102,173,145,97,16,24,17,34,28,20,197,155,110,175,150,104,103,80,71,103,92,62,104,82,76,96,92,68,104,73,65,80,141,88,83,134,97,97,149,88,188,140,94,187,137,97,195,134,107,173,144,99,181,138,93,195,137,106,180,142,113,192,145,94,188,133,114,189,153,103,81,151,92,98,135,88,80,157,84,102,140,86,88,143,89,95,139,86,90,136,94,180,157,111,174,149,99,174,138,98,179,147,117,195,148,112,186,142,101,179,152,114,193,135,98,78,156,101,101,153,87,85,154,97,81,148,84,85,144,92,94,133,98,80,151,102,96,140,86,97,145,91,79,148,95,173,135,103,194,134,93,182,157,116,193,140,109,89,155,88,94,146,101,80,141,86,84,137,105,99,148,83,87,140,107,102,152,86,92,151,100,84,134,89,82,139,107,81,136,84,97,139,99,93,150,100,80,138,105,96,144,95,88,155,95,84,144,101,93,137,101,84,154,85,83,154,89,91,149,101,83,152,98,98,143,96,96,157,99,95,145,92,93,156,85,98,142,103,97,141,102,92,141,107,90,151,106,83,140,97,102,145,107,78,135,98,97,142,90,86,140,107,84,148,100,100,133,91,95,151,83
1,92,154,87,97,157,106,84,136,106,82,137,99,102,145,100,84,143,85,82,133,103,86,156,104,83,144,96,85,142,92,84,157,85,83,136,105,91,155,101,78,151,84,92,151,89,96,154,95,96,153,83,90,155,103,95,154,87,95,147,83,78,155,98,90,138,93,96,152,107,91,138,86,86,152,88,90,135,105,87,138,94,80,152,92,98,149,96,100,148,93,90,156,104,95,139,95,84,139,90,80,152,105,99,140,89,85,150,88,99,142,95,90,133,102,196,139,108,180,157,97,190,138,94,194,136,103,89,155,84,91,148,94,98,138,83,81,155,99,91,134,90,98,137,86,87,142,106,90,143,91,87,152,102,94,155,95,191,134,115,185,143,98,178,148,98,174,142,100,189,154,95,182,135,97,175,141,104,183,146,106,87,141,106,89,148,104,92,137,84,78,150,83,104,68,74,109,69,61,104,85,72,104,76,57,109,78,58,179,135,103,190,151,112,189,139,114,177,137,102,178,150,101,191,147,99,110,80,66,105,70,66,117,68,55,94,82,72,102,89,76,104,68,72,113,85,64,101,87,71,95,79,68,112,91,64,185,135,111,183,148,98,176,157,115,197,148,109,197,152,101,173,157,97,115,80,75,105,89,77,108,89,65,103,76,60,109,84,63,99,84,54,103,74,59,101,74,57,105,78,73,109,85,58,188,146,109,190,136,104,173,157,113,190,149,104,174,134,98,192,152,112,94,83,67,106,79,70,97,85,54,113,82,76,97,83,60,104,85,66,107,77,57,109,69,76,103,84,69,106,86,56,23,14,19,173,151,95,193,140,108,175,156,98,190,140,108,32,14,14,93,72,68,99,91,66,100,82,73,111,75,63,115,85,77,111,77,61,114,70,61,100,82,57,103,87,69,101,86,61,37,35,16,191,137,97,189,151,97,197,150,114,183,156,94,18,28,21,116,90,72,101,69,66,115,91,54,105,82,77,109,75,67,94,75,72,99,87,65,115,85,68,116,81,67,96,73,57,179,147,100,191,137,98,174,139,113,174,147,104,173,156,113,184,156,108,94,72,66,106,69,68,111,69,58,112,84,54,107,85,55,98,91,74,95,80,53,102,90,71,94,71,70,113,92,71,178,157,106,183,134,94,20,32,31,15,24,25,190,139,102,179,141,107,96,89,56,99,78,73,96,74,71,104,90,72,97,83,76,86,145,100,81,146,87,78,137,96,189,149,115,179,147,95,184,148,95,181,133,105,192,138,117,182,148,96,176,137,100,183,136,107,180,143,111,183,148,97,87,157,92,102,152,89,92,145,103,84,135,106,84,135,84,95,144,103,89,146,84,182,151,111,175,148,105,184,142,114,193,152,102,175,147,108,187,144,110,177,140,96,186,143,110,91,141,97,79,138,96,78,135,107,91,150,84,86,148,91,84,146,101,98,142,105,90,150,84,89,142,107,98,154,95,180,143,115,181,135,103,180,134,103,179,154,109,91,140,98,92,138,94,84,156,102,98,138,105,96,135,104,87,146,102,91,149,94,80,137,95,102,148,90,96,133,106,94,153,96,96,153,91,99,140,103,94,139,98,86,134,105,83,144,105,88,138,107,95,141,105,79,154,84,85,153,94,84,137,91,87,143,97,91,149,100,101,140,89,88,135,95,90,134,98,93,139,99,91,145,97,84,147,99,95,146,105,100,150,105,90,147,86,97,155,97,81,156,89,83,133,102,98,137,90,102,157,88,100,146,98
1,93,138,88,93,154,95,93,137,90,83,139,88,96,153,83,92,143,104,101,146,99,81,150,100,102,135,101,89,143,98,92,142,91,92,145,105,97,146,86,101,152,84,81,146,102,83,135,83,97,153,100,85,156,84,97,137,92,89,134,83,87,152,95,95,148,103,101,134,99,96,140,96,100,136,95,102,137,88,83,147,103,79,134,106,83,145,85,91,146,101,89,139,107,87,140,88,97,143,84,100,145,104,86,145,83,78,135,94,89,136,95,91,133,98,178,150,111,194,150,113,185,143,109,180,134,111,94,140,96,91,153,92,101,135,96,89,133,98,100,145,94,90,148,90,95,157,94,92,144,85,92,135,92,89,138,88,182,135,101,196,154,111,176,153,116,174,151,93,193,143,99,191,133,102,174,134,101,196,142,101,81,150,86,92,146,101,85,143,84,95,157,89,115,83,73,94,69,65,103,84,66,115,84,74,113,86,58,179,156,100,188,152,97,173,145,99,190,133,108,185,151,106,192,148,97,112,69,54,105,76,60,114,88,77,110,89,62,97,84,57,100,86,66,100,86,56,105,90,60,117,85,69,116,84,73,189,147,93,183,137,108,185,149,99,187,153,100,183,141,109,193,145,105,111,71,62,97,78,63,102,72,63,113,78,64,114,87,71,97,90,69,103,89,60,99,89,70,108,80,63,113,83,64,190,137,101,173,150,100,181,136,104,189,155,103,190,139,111,179,145,105,94,78,64,114,88,59,107,91,69,98,86,56,103,86,64,93,82,76,96,81,57,107,84,77,104,77,68,101,72,71,14,24,28,189,151,104,193,149,113,196,141,97,197,152,103,18,22,32,106,82,58,105,86,65,95,87,73,96,73,59,117,85,53,103,69,69,117,89,75,100,75,63,93,77,58,104,84,77,34,24,35,197,139,113,194,150,116,185,149,99,183,136,95,32,14,36,99,88,64,111,74,67,115,79,65,100,84,70,104,80,70,104,75,74,95,91,72,115,75,64,104,88,66,113,77,76,178,152,97,188,154,107,190,138,99,185,150,95,180,135,101,180,142,97,93,76,58,102,87,77,100,91,72,107,81,69,101,89,74,109,76,72,93,69,53,105,89,54,113,74,57,116,73,72,185,151,110,192,139,117,16,35,37,36,22,23,185,155,106,177,143,98,109,73,73,104,71,73,105,77,76,105,91,63,100,88,53,80,152,89,95,142,104,86,133,92,187,155,116,187,155,104,175,144,98,195,143,106,185,138,110,189,143,97,184,140,117,174,138,95,186,148,99,190,133,102,92,146,97,101,148,100,98,140,102,79,135,99,84,155,99,87,156,91,79,140,105,192,134,96,174,139,113,182,152,94,178,138,103,183,152,94,196,145,95,189,150,115,188,137,97,84,153,103,89,153,90,101,134,90,85,146,98,96,150,90,83,149,104,96,136,95,91,157,85,82,145,103,94,136,86,193,156,110,178,153,102,191,155,116,179,156,97,95,156,104,84,138,93,88,147,103,87,142,92,88,153,96,96,140,94,95,140,94,86,135,84,100,139,88,101,146,97,95,150,97,97,146,105,91,136,86,85,133,86,86,142,92,87,136,84,87,150,106,91,149,102,78,146,90,92,145,95,80,156,91,86,155,99,96,134,95,88,151,90,92,152,90,78,135,89,99,154,86,79,143,105,92,136,96,102,151,106,97,142,90,96,135,105,94,156,93,102,157,95,95,146,107,93,142,103,95,153,92,92,143,99
1,90,156,87,102,135,99,93,143,92,99,133,103,91,157,93,93,133,105,82,137,92,88,150,94,82,147,98,102,136,90,78,153,94,97,157,98,91,136,100,98,156,84,81,144,104,89,136,89,84,142,86,83,139,106,100,135,94,79,154,89,85,148,103,93,148,104,99,141,106,93,142,96,93,140,106,94,152,96,101,133,83,79,139,107,82,134,95,90,140,85,98,155,98,99,147,86,99,137,87,95,134,92,100,142,87,86,136,95,91,134,107,93,138,102,195,152,109,191,144,103,179,157,102,183,148,104,90,149,90,87,149,88,98,137,97,93,149,102,84,141,99,86,153,90,84,139,89,90,137,91,102,149,101,79,133,83,176,152,93,191,139,110,188,153,106,194,154,113,175,153,114,197,142,107,179,139,98,195,137,94,99,145,106,99,139,103,85,151,102,89,154,90,101,71,53,100,92,76,116,76,76,104,79,75,116,79,54,176,141,103,179,134,114,188,154,117,193,153,99,197,134,93,178,137,111,93,69,74,107,82,60,108,89,74,106,78,64,104,69,77,102,77,76,105,92,58,98,68,77,114,74,65,112,87,71,183,148,115,184,140,109,174,153,98,192,151,111,176,156,115,178,153,93,97,84,54,98,70,60,98,89,65,101,90,53,95,91,56,105,81,57,109,87,77,97,82,71,113,89,60,115,69,70,175,154,104,183,144,94,187,150,117,186,136,115,180,154,94,189,143,109,115,91,76,104,68,74,94,71,74,107,81,76,111,73,54,115,86,72,116,69,67,98,92,67,110,68,72,116,68,73,29,24,17,183,157,111,182,146,99,174,156,109,191,146,102,26,31,25,98,77,59,117,76,56,100,76,72,111,87,76,97,78,64,102,86,64,111,79,58,110,87,57,95,81,76,108,72,57,35,36,20,182,133,98,190,147,111,194,144,107,179,146,100,33,27,23,112,86,63,100,72,61,117,91,65,105,85,71,105,83,65,115,92,55,99,81,55,107,75,66,117,86,75,106,78,61,174,153,99,183,146,117,189,147,117,182,155,97,192,135,97,191,155,117,99,68,62,99,70,55,114,90,60,94,70,57,117,70,64,104,69,54,96,83,73,117,86,58,97,78,77,116,81,66,193,141,95,189,148,101,17,32,21,35,30,30,174,145,101,193,157,117,114,92,54,105,84,77,103,85,53,114,88,65,115,87,70,102,141,90,87,153,101,89,152,98,192,144,109,197,138,114,180,137,102,188,135,95,181,146,97,193,147,108,177,133,110,194,134,107,193,151,102,190,139,103,89,139,100,80,133,95,91,145,85,83,150,86,90,141,86,85,138,105,78,151,105,194,145,99,193,157,103,190,155,117,187,157,111,177,135,97,192,143,112,175,146,93,180,151,112,95,152,104,95,152,83,89,153,88,81,143,87,89,156,98,87,136,102,83,137,107,96,135,93,84,141,103,91,135,102,175,152,110,187,149,107,183,150,97,187,139,103,99,146,88,84,138,95,81,134,83,83,148,84,84,136,105,87,157,92,101,138,94,102,155,86,79,156,86,99,135,84,97,157,83,102,133,94,84,153,97,79,154,106,96,149,104,90,154,104,81,157,98,82,155,102,83,157,100,94,139,87,82,153,101,94,140,107,93,142,96,80,138,88,78,147,84,92,139,85,97,148,85,93,143,105,92,145,88,94,139,97,97,145,98,89,145,95,85,155,97,90,140,106,92,139,107,84,143,91,92,137,107,101,141,83
1,80,149,102,80,144,102,100,152,86,78,150,104,88,146,106,101,153,100,102,149,95,81,143,94,89,139,93,80,156,90,88,154,106,96,138,84,92,145,96,93,152,99,100,149,102,96,146,99,86,137,98,88,156,100,87,154,103,90,157,95,98,137,89,87,141,102,90,138,87,92,150,98,90,135,107,94,155,98,78,144,98,78,149,86,79,151,85,84,142,89,87,137,101,91,146,92,84,136,87,81,149,103,95,143,86,94,137,85,101,154,95,86,157,87,174,133,94,192,133,111,190,147,114,194,150,105,97,147,88,95,133,102,97,144,97,94,154,86,102,156,83,81,133,90,89,140,84,86,149,91,93,146,101,93,155,89,192,148,96,185,142,108,192,156,112,173,152,108,182,137,115,195,137,100,184,134,98,191,136,99,98,152,90,98,154,84,83,157,89,96,138,105,111,70,62,111,81,67,100,74,55,94,80,53,93,86,65,177,135,104,191,153,113,181,157,110,174,143,109,186,155,114,191,136,113,112,78,65,100,86,77,99,88,69,113,81,63,96,80,54,101,85,73,105,86,77,96,73,72,94,81,63,115,85,58,190,138,96,176,140,104,192,136,113,185,136,99,185,157,104,188,133,103,117,86,62,115,85,58,115,87,58,112,84,61,107,85,59,103,68,56,106,86,60,112,89,60,99,88,66,96,78,71,174,147,98,186,146,113,193,155,114,196,156,108,175,146,97,194,143,105,97,80,66,116,79,68,110,71,65,104,82,62,104,84,53,97,84,73,97,76,54,116,88,57,114,91,56,94,70,71,37,34,18,179,156,107,174,137,106,185,151,114,176,152,96,24,28,18,105,78,58,114,88,76,96,90,59,106,79,74,115,73,76,101,74,71,102,74,63,106,88,70,113,76,75,93,69,65,37,35,37,184,155,110,185,135,103,189,141,117,180,143,110,33,34,16,102,87,55,114,84,69,113,72,62,99,81,76,115,83,64,115,89,70,94,69,65,106,73,58,108,83,55,115,72,56,173,138,94,193,148,102,180,155,97,175,134,103,186,152,115,174,136,117,107,71,65,101,79,61,102,71,56,115,73,77,103,70,67,99,92,75,117,84,73,101,70,73,108,79,53,114,73,57,188,150,100,194,136,96,25,31,23,17,20,24,196,155,112,196,155,99,111,73,73,98,69,71,94,75,58,101,69,76,93,82,58,99,157,104,81,137,86,94,147,100,196,155,103,182,153,98,188,133,98,173,151,102,183,143,107,181,155,106,179,152,111,173,157,102,197,140,116,180,136,114,91,150,87,78,147,97,94,144,88,92,143,90,82,156,84,90,153,86,84,142,86,197,152,98,195,147,96,179,140,111,187,154,101,183,134,98,176,142,104,180,136,95,184,151,108,87,152,98,95,153,96,100,153,96,87,139,102,81,139,88,90,135,92,89,143,84,97,138,93,86,133,99,85,142,94,175,137,111,176,153,112,183,150,113,188,134,112,88,138,96,84,145,107,98,138,97,86,138,87,88,150,93,84,151,96,85,143,83,82,151,101,94,139,104,99,143,93,93,133,103,94,154,97,86,147,96,88,137,99,90,150,89,99,150,91,84,138,91,93,153,96,80,135,92,85,141,90,94,140,90,89,133,96,94,151,98,99,153,91,87,154,91,91,150,104,102,147,86,92,141,102,78,152,104,88,143,88,97,157,100,78,147,85,93,152,96,100,144,89,83,135,97,98,133,101,81,136,98,93,153,100
1,91,156,104,87,152,105,100,145,92,101,145,106,88,149,104,94,152,106,87,152,87,80,154,92,93,144,100,88,147,84,101,141,83,96,157,102,99,156,106,83,145,91,98,139,95,97,153,84,82,155,94,94,143,107,88,157,88,89,135,96,81,137,101,88,142,83,80,147,102,100,144,94,96,149,103,101,152,100,85,141,89,93,134,88,87,135,84,89,138,99,85,144,102,91,156,90,84,134,84,85,147,91,81,148,88,93,135,91,102,148,97,95,133,102,185,133,98,195,157,94,175,144,110,176,157,98,98,149,98,79,142,97,96,155,104,84,137,83,100,133,87,101,141,87,91,153,107,100,139,95,85,138,95,80,149,91,187,146,116,173,145,112,194,140,108,176,155,116,194,138,96,190,140,103,196,157,116,179,150,101,81,138,97,85,136,83,91,156,89,95,136,107,103,71,69,117,68,75,117,76,71,114,81,59,108,83,54,194,138,108,174,133,113,178,136,117,173,133,114,197,143,110,173,151,112,109,91,58,105,91,58,106,81,77,103,81,70,94,77,57,110,79,53,99,85,70,116,79,60,106,83,55,107,80,63,179,141,108,180,149,100,184,138,113,176,157,102,193,135,109,193,134,113,101,90,67,96,84,70,100,68,60,115,90,56,94,71,55,117,92,58,107,76,68,94,89,63,102,69,74,112,84,63,193,156,105,187,134,105,196,138,95,184,141,101,185,156,102,197,148,112,117,82,65,96,85,63,108,88,62,100,84,66,106,72,64,94,73,77,117,84,61,117,78,55,110,88,77,95,84,63,20,29,15,193,138,101,180,150,114,179,135,96,181,136,93,14,32,35,104,82,69,98,91,71,101,91,74,95,90,77,115,87,72,108,80,63,115,75,54,114,76,69,98,82,75,97,70,63,24,14,37,179,151,113,186,155,109,195,133,96,175,146,110,17,15,30,107,76,54,105,91,61,111,72,76,98,69,67,100,79,74,113,79,65,97,69,57,114,88,57,111,76,71,102,79,56,179,153,95,192,150,111,181,154,113,194,149,117,182,157,108,193,155,114,114,69,75,108,70,75,108,75,53,114,73,55,104,80,76,93,71,59,116,86,71,101,91,68,105,78,72,109,76,64,187,145,98,175,155,113,14,33,23,18,13,26,190,136,93,195,146,111,106,71,59,110,82,77,100,89,76,113,77,60,103,83,55,100,135,83,100,137,106,85,142,97,187,155,94,181,148,116,177,154,111,174,138,99,189,150,96,193,139,111,195,139,107,177,151,112,190,136,110,188,145,100,83,137,103,81,134,99,101,135,106,86,141,84,97,139,83,91,151,104,86,150,88,188,157,97,194,135,101,189,142,105,180,142,105,178,147,108,175,141,117,178,144,102,197,145,114,85,140,84,93,137,98,98,139,85,82,156,93,91,151,107,90,145,86,100,142,95,97,144,95,81,141,88,99,145,96,193,156,113,193,134,103,180,139,116,191,138,116,78,139,90,101,133,83,97,150,102,102,150,102,84,151,95,81,143,98,87,142,90,101,141,87,95,149,86,98,157,86,94,142,95,100,154,88,96,149,105,101,153,88,78,136,84,93,137,88,99,150,97,81,156,107,80,146,92,94,149,103,102,148,100,99,152,100,85,140,103,93,140,107,83,133,88,89,139,93,85,152,96,88,157,104,87,133,88,100,147,100,91,143,104,102,146,84,93,141,85,91,150,99,80,153,85,85,142,96,96,149,91,80,152,107
1,95,143,94,84,149,101,85,136,104,98,148,93,98,134,103,78,156,101,88,146,103,80,141,100,95,133,104,80,151,89,97,141,89,87,152,90,94,156,106,93,135,90,102,141,92,85,151,86,88,154,107,97,139,103,91,148,94,85,144,102,86,146,92,88,148,94,83,155,96,101,138,107,81,157,103,98,139,89,102,150,104,93,157,102,90,133,87,78,142,86,88,143,103,94,140,107,79,136,104,97,136,105,91,142,107,91,140,86,83,135,106,82,150,90,193,140,116,175,133,115,192,134,113,185,151,97,96,143,86,82,153,91,99,153,102,78,151,88,98,154,85,94,152,107,79,134,104,78,151,85,85,157,87,89,139,85,176,137,111,196,134,115,181,147,115,178,157,107,196,133,93,180,155,113,176,157,109,184,135,99,83,144,104,78,144,90,78,140,91,90,143,99,103,79,64,116,68,77,98,77,60,116,81,54,102,71,56,174,140,107,194,141,94,190,146,117,174,157,94,182,153,103,176,137,105,115,81,61,112,83,70,115,76,62,114,75,68,116,80,56,94,86,77,97,79,77,111,76,62,104,73,70,107,86,74,193,136,101,189,149,95,194,155,116,179,142,96,184,148,116,191,136,112,97,86,55,98,81,70,101,83,75,96,80,73,108,71,55,94,69,67,112,85,64,95,86,58,117,88,56,110,69,61,180,151,111,186,151,98,193,148,96,187,146,111,179,141,99,176,148,104,97,75,54,99,91,64,114,72,66,115,68,58,101,84,66,112,80,66,100,89,64,108,74,77,102,92,76,106,72,60,18,34,36,175,145,109,178,142,117,176,151,107,183,140,99,17,30,21,94,86,60,112,91,61,97,75,64,93,74,60,99,81,63,106,76,55,110,71,65,97,74,53,112,73,67,94,83,69,33,34,33,185,150,112,175,134,117,194,133,110,187,138,112,37,18,21,97,86,71,111,90,54,105,74,76,111,81,68,107,75,72,98,88,60,113,73,73,103,71,56,98,81,77,109,89,59,180,135,107,195,142,100,174,135,108,175,151,112,196,135,94,186,143,95,116,90,68,116,77,63,110,69,72,112,83,62,95,81,62,116,87,58,107,75,53,103,79,71,99,71,72,102,72,66,174,153,97,176,150,96,36,18,31,31,24,33,187,149,104,190,152,93,94,89,55,106,82,70,93,82,59,112,78,65,113,92,57,85,157,107,95,136,107,83,148,107,194,148,110,181,134,96,185,157,116,190,149,115,192,148,97,194,157,107,182,150,104,185,135,100,185,145,98,186,138,110,92,139,92,87,150,97,90,137,85,96,154,99,82,157,85,80,154,87,81,148,99,183,151,115,173,154,115,176,137,105,194,133,97,183,139,98,181,150,102,173,144,111,197,151,96,86,148,83,96,157,87,101,145,94,79,145,91,102,150,87,84,154,98,97,145,86,100,140,94,93,149,88,91,156,85,195,150,99,178,151,102,175,135,95,195,157,116,91,149,96,90,153,102,94,156,102,78,151,92,97,144,105,80,146,99,101,134,92,78,144,84,100,152,88,100,138,98,92,138,100,90,146,90,102,142,94,98,140,84,78,141,98,79,140,86,100,151,92,100,136,95,87,156,106,86,141,89,85,143,100,102,142,88,87,146,97,101,134,100,86,155,93,78,141,90,93,139,98,80,154,87,88,145,101,101,150,85,81,133,105,86,148,103,87,150,93,85,157,86,94,137,92,100,146,105,93,134,86,92,149,100
1,81,140,94,98,141,89,82,135,100,102,135,87,91,142,86,89,134,97,97,143,96,93,157,94,98,153,97,91,151,107,80,155,88,79,136,90,88,149,89,87,138,87,96,149,87,90,154,102,91,136,101,98,143,103,83,143,91,89,149,97,82,149,86,84,146,87,82,147,96,92,151,88,92,155,101,79,154,93,86,135,89,84,136,97,96,156,92,101,146,87,85,149,90,99,146,103,84,146,101,78,143,83,93,140,85,87,141,106,81,137,83,87,147,92,185,140,112,183,138,101,185,153,113,185,139,116,82,135,107,90,133,89,94,133,99,78,147,89,90,153,104,88,136,85,84,139,88,92,141,91,97,148,103,89,134,86,182,149,98,197,135,116,189,150,94,195,151,107,192,134,113,175,141,100,188,140,116,197,144,107,86,133,83,98,136,87,82,146,90,85,154,84,93,92,55,112,92,76,98,86,76,115,85,69,94,87,57,190,149,115,177,134,94,184,143,93,190,144,105,192,135,109,187,155,114,104,92,72,113,76,65,98,81,55,99,73,57,96,81,69,98,85,53,114,85,55,105,73,56,108,75,76,93,68,58,187,135,100,182,157,106,177,156,103,180,150,101,182,140,106,186,143,97,116,69,61,96,68,77,98,80,69,93,75,60,94,88,67,117,80,76,112,79,54,93,85,67,98,90,60,99,90,71,184,136,108,190,155,113,190,133,116,175,141,99,175,138,115,177,137,110,109,71,72,110,72,77,105,77,75,97,79,69,97,81,57,101,76,74,117,84,65,99,87,73,109,90,75,107,83,75,16,23,25,183,136,94,197,134,96,189,133,117,196,140,103,26,28,35,116,91,57,95,78,58,101,68,71,100,90,70,100,79,57,108,78,65,95,82,55,114,74,71,107,89,72,115,80,68,17,37,27,187,133,101,175,138,103,185,137,117,181,149,117,27,29,15,112,87,59,104,92,68,98,79,66,114,75,68,93,69,69,97,78,56,98,74,70,95,91,71,105,73,66,116,74,73,180,146,104,197,156,117,179,154,109,197,141,108,187,147,100,180,153,105,98,74,62,98,88,64,114,92,57,110,87,66,106,91,53,105,76,67,116,78,59,97,79,74,104,92,67,99,85,57,182,133,107,191,155,99,25,23,18,37,29,32,191,149,110,195,144,113,103,69,64,117,86,58,114,69,65,115,74,60,108,69,65,98,147,102,81,133,91,82,150,93,183,148,112,190,148,99,195,137,96,195,145,97,197,150,98,179,133,110,190,154,94,195,140,104,184,152,110,190,147,95,86,157,88,81,152,88,85,156,107,91,141,95,90,145,84,87,155,94,95,152,91,183,140,97,190,141,116,196,140,104,187,149,115,189,141,107,197,156,96,184,155,117,181,136,104,97,148,83,98,144,91,102,135,90,87,144,90,79,142,106,89,153,90,85,155,93,91,146,105,89,147,107,82,146,104,178,144,117,186,138,105,184,150,103,191,145,97,99,143,95,99,134,99,80,133,100,88,147,100,94,134,83,87,144,101,94,156,99,96,139,91,80,152,102,90,135,97,99,146,92,86,140,87,97,133,98,91,143,100,82,141,105,87,156,100,96,149,98,92,156,91,96,150,93,86,156,100,89,134,95,92,154,99,80,141,92,91,141,104,96,142,103,89,151,102,82,141,100,98,144,102,102,155,104,99,136,84,91,135,94,99,140,91,85,140,95,90,148,86,99,138,100,101,156,99,80,134,104,92,151,85
1,78,149,91,94,137,92,81,148,101,87,145,104,102,144,88,83,144,95,90,138,102,89,138,104,84,157,83,100,144,90,78,144,85,85,138,98,78,149,98,83,143,104,99,142,95,90,137,88,85,134,100,94,145,86,88,149,101,83,143,84,93,135,89,84,139,102,102,143,102,99,147,93,82,139,94,102,147,101,90,144,101,84,135,92,97,135,106,92,134,97,93,144,103,92,156,91,79,152,90,90,155,83,83,142,87,79,135,85,96,147,104,79,137,93,197,145,97,179,145,102,174,146,116,179,149,106,84,146,83,89,148,92,93,134,107,92,146,98,79,140,85,79,134,105,88,136,86,80,154,88,93,156,97,91,157,86,179,149,105,197,147,97,191,140,113,190,153,116,179,154,114,184,150,106,183,144,110,195,135,97,94,141,100,99,143,105,88,134,93,91,140,94,115,75,53,115,81,67,109,82,60,110,77,55,95,68,73,187,139,114,182,137,111,181,145,117,182,157,95,196,135,108,176,140,111,99,85,65,99,69,77,109,89,64,109,72,76,104,86,57,112,84,57,109,71,58,97,84,55,106,91,56,114,85,58,194,139,99,197,138,111,181,154,96,191,141,105,173,155,93,188,150,113,103,71,69,117,92,56,103,90,67,116,83,64,94,76,55,96,87,53,103,68,68,109,74,56,98,80,72,98,72,76,179,151,106,186,150,108,194,137,111,179,146,100,197,136,116,188,149,106,110,69,70,114,84,75,109,85,57,113,74,72,94,91,54,104,72,58,100,84,71,98,77,55,116,73,73,104,92,66,19,27,21,188,145,97,186,146,95,189,142,116,174,156,113,28,35,14,110,91,68,114,74,67,95,71,65,95,83,61,96,75,64,115,88,57,107,68,53,109,92,68,109,68,59,98,77,53,34,37,31,188,136,106,178,149,100,181,148,103,182,150,93,13,17,32,95,76,66,108,73,66,93,85,70,106,69,55,105,68,68,97,73,59,109,92,77,112,82,54,110,87,76,103,72,76,174,153,114,192,155,109,176,156,96,193,157,102,192,134,113,174,135,116,110,82,77,95,69,72,96,73,73,106,91,73,107,80,55,110,71,70,98,84,75,115,74,74,95,68,75,99,71,71,179,152,116,190,153,113,15,13,34,20,23,28,182,136,98,179,135,103,114,83,67,93,83,60,100,68,55,113,87,58,110,83,73,98,137,102,80,140,86,101,134,90,175,145,99,173,153,112,190,142,116,174,149,106,179,134,116,195,154,112,193,140,105,197,142,114,183,150,117,190,143,106,96,139,91,86,134,97,94,150,93,95,146,104,81,155,105,95,152,90,81,151,87,191,139,95,191,155,109,177,146,113,179,134,99,183,152,111,181,154,93,194,136,97,180,146,96,91,145,84,84,140,90,96,147,104,96,154,83,102,155,93,99,149,99,91,135,93,91,155,105,88,139,103,81,137,89,182,135,103,188,148,103,196,133,96,181,154,115,98,155,91,81,146,101,100,151,90,79,147,107,93,155,85,83,139,88,81,138,97,89,153,84,96,157,105,82,141,92,94,148,103,99,154,89,93,138,87,92,148,103,79,153,85,88,144,102,79,134,104,88,139,107,93,146,103,81,140,84,101,155,100,81,146,97,93,154,87,100,155,83,100,149,83,97,145,91,96,138,104,93,136,95,92,137,105,97,146,101,81,140,107,90,134,101,88,153,89,97,139,91,97,138,89,78,145,98,97,142,96,92,139,89
1,80,145,98,80,153,101,95,157,100,87,145,96,81,140,90,101,151,87,91,137,99,97,136,105,99,149,89,101,148,100,101,152,105,88,138,95,86,152,87,98,155,106,102,144,104,86,144,106,83,155,94,82,141,85,90,135,95,102,145,107,85,149,98,83,140,101,89,135,98,100,141,93,98,135,100,86,149,85,85,137,106,99,146,97,98,139,89,86,142,86,91,150,89,92,150,103,96,137,95,89,142,102,89,138,98,96,148,86,99,153,106,84,138,83,194,139,95,180,140,96,173,140,99,187,140,116,101,140,107,90,135,101,80,139,92,99,140,86,91,152,86,100,148,89,84,151,100,95,140,88,89,143,84,81,135,100,197,154,104,177,150,107,188,145,114,180,149,97,183,139,117,174,148,117,187,154,115,196,146,93,81,140,88,91,156,100,86,140,86,80,153,91,112,68,66,94,76,65,107,87,60,98,74,66,108,68,64,180,146,115,193,136,115,173,143,96,193,153,104,175,156,99,181,152,94,107,90,57,109,73,64,103,89,55,102,80,73,111,69,76,106,70,63,114,92,60,99,91,72,112,80,56,99,75,56,187,138,103,179,139,112,188,153,96,191,134,97,195,137,113,179,139,99,101,85,61,113,81,53,94,81,54,99,68,53,110,80,60,109,81,61,111,88,72,111,92,58,108,87,57,101,72,73,189,154,112,195,155,110,176,149,104,197,154,105,174,152,96,194,150,112,101,76,58,93,80,71,97,88,76,104,80,64,97,87,56,111,74,53,104,90,65,108,89,63,96,76,75,107,73,77,26,34,28,190,155,111,174,141,101,178,137,93,192,147,117,25,30,30,101,84,56,111,90,53,99,74,55,107,90,56,109,91,54,99,89,64,116,71,66,101,79,61,105,78,60,100,87,74,33,33,31,175,145,93,179,147,113,195,139,115,176,133,98,24,34,16,95,90,67,117,74,63,99,83,68,108,90,55,98,77,77,112,72,54,115,84,63,103,78,62,104,87,64,93,77,55,190,135,94,194,154,108,184,141,100,190,153,107,195,133,111,189,154,99,108,85,59,97,70,71,110,68,53,112,75,67,100,84,74,113,69,60,100,92,70,114,75,68,96,74,58,108,86,54,179,155,114,180,138,98,23,34,19,33,14,22,192,135,94,173,150,112,96,77,74,117,79,69,115,73,59,93,89,74,110,80,77,78,145,92,101,155,87,92,148,87,184,151,101,188,138,95,182,136,98,197,148,93,178,153,97,191,154,104,194,154,107,193,137,110,185,143,103,192,133,98,92,155,107,90,147,86,101,153,107,91,149,93,94,134,100,87,155,99,97,136,98,177,149,105,181,144,104,175,149,109,175,142,114,179,155,95,179,140,98,197,150,97,192,135,115,101,153,85,98,148,85,79,147,89,79,157,93,88,154,94,87,136,103,85,151,100,80,148,86,86,146,91,83,135,105,179,152,107,197,142,97,181,144,109,190,154,109,82,137,97,101,154,84,101,154,98,85,141,89,85,138,98,99,157,87,82,137,84,85,152,84,99,149,106,92,145,104,92,138,93,87,154,106,87,151,86,92,151,88,82,150,84,84,144,106,81,141,94,95,145,87,87,147,93,101,147,91,78,152,96,81,146,99,90,138,105,92,153,97,89,153,96,87,140,91,90,150,87,78,147,106,83,144,85,78,141,89,86,153,96,95,141,94,91,157,100,90,133,104,99,133,107,87,137,97,86,152,101,95,146,85
1,85,153,90,102,147,83,94,150,105,78,141,103,79,141,107,89,134,95,99,148,90,91,139,88,101,154,92,100,138,83,84,146,95,92,136,91,94,137,84,80,156,96,98,143,98,91,138,99,100,143,98,101,148,97,100,139,100,100,135,104,85,142,86,91,142,88,93,136,96,102,144,103,93,135,102,84,153,88,95,154,105,101,156,107,86,142,89,95,137,97,95,144,104,97,145,99,85,135,98,86,150,88,93,145,105,95,157,86,102,134,85,87,152,100,197,137,93,177,138,103,193,133,107,189,155,115,97,143,96,89,136,100,89,135,96,90,154,89,86,154,87,89,143,91,84,151,104,87,135,98,102,133,93,83,149,98,179,157,93,175,141,116,185,150,98,175,137,102,193,153,99,194,156,97,173,151,100,175,155,114,92,139,100,100,150,83,82,154,87,82,148,99,105,86,57,97,87,58,100,89,54,94,75,74,116,71,72,175,133,98,186,153,104,182,137,95,182,145,108,197,146,96,185,153,101,108,72,72,103,75,72,100,85,73,101,73,65,102,69,54,109,84,77,108,89,72,95,82,62,98,68,68,104,73,63,185,156,117,180,145,99,195,149,114,173,139,95,173,146,98,175,140,115,115,88,54,111,87,73,106,80,58,98,86,53,106,75,74,102,92,68,115,68,56,114,91,77,100,80,60,117,79,58,188,154,108,186,141,98,186,141,117,192,139,111,174,153,107,175,140,97,112,91,74,108,78,75,100,91,76,100,78,68,99,89,65,96,69,64,117,68,70,102,90,61,94,80,69,102,77,59,24,15,14,190,146,114,190,140,114,190,144,110,184,136,98,33,32,32,93,81,64,94,69,55,103,88,72,103,85,72,98,88,70,109,81,66,115,69,72,103,80,58,104,86,69,99,88,62,36,31,37,192,154,104,185,146,106,179,148,98,182,140,110,14,36,23,114,89,69,94,88,59,107,81,66,104,88,53,108,84,60,114,77,60,101,85,59,109,91,59,101,91,75,109,74,53,180,147,96,178,143,115,190,157,116,182,155,104,196,142,116,180,135,117,115,74,68,117,76,58,94,72,74,117,88,77,110,72,69,95,88,76,94,84,74,110,88,77,102,75,70,100,73,75,194,153,95,197,155,99,17,15,20,33,15,31,175,133,113,197,147,104,98,90,68,110,87,77,105,72,69,110,77,68,109,89,56,100,143,99,96,145,100,89,152,91,177,135,108,195,153,98,186,155,113,174,149,98,176,139,113,183,152,95,178,151,116,196,138,115,197,140,96,173,147,109,87,146,96,100,152,103,88,145,105,81,147,105,80,150,88,84,138,98,84,150,100,177,153,108,195,151,108,196,141,95,180,151,113,194,147,100,175,153,108,188,133,105,187,143,106,81,142,101,99,134,92,99,149,93,95,142,94,99,137,86,80,138,102,87,141,89,89,141,83,79,146,88,100,135,103,195,148,101,197,150,109,175,152,93,192,145,93,93,145,107,101,134,106,87,153,94,91,144,84,81,145,90,95,156,104,101,144,106,93,140,85,97,153,96,102,150,107,87,147,105,78,150,86,86,154,94,79,149,87,99,139,97,100,150,90,94,144,107,83,145,89,100,144,105,84,138,94,91,143,100,102,151,101,84,157,104,81,147,89,79,151,83,80,155,102,101,135,90,87,146,100,99,133,84,99,140,96,97,135,94,88,141,87,102,146,84,83,146,98,90,153,104,80,143,85,95,154,85,96,140,90
1,80,154,84,86,140,91,92,141,95,88,152,85,84,135,96,84,149,85,83,150,104,95,146,85,102,141,101,95,133,101,82,142,100,97,149,93,86,144,98,87,157,101,96,150,102,86,147,106,85,150,99,79,154,107,83,144,92,86,141,83,95,146,102,97,135,102,93,147,105,89,144,104,88,145,107,93,157,98,97,141,87,78,141,101,78,151,83,97,144,101,87,153,92,86,142,84,89,146,94,89,154,94,102,135,102,93,136,98,81,150,107,82,140,106,176,139,114,173,134,108,190,136,116,184,155,97,93,147,104,95,148,107,79,138,87,90,153,106,101,149,103,89,141,84,82,148,98,82,140,91,94,155,102,101,134,105,177,145,114,177,136,110,175,152,117,190,151,98,182,133,113,188,148,110,186,143,114,179,150,105,98,140,96,87,143,100,99,152,93,86,152,106,116,81,68,96,80,53,109,87,53,105,76,68,117,72,62,194,137,97,195,155,95,197,140,117,176,155,103,183,133,115,191,134,98,99,92,53,107,92,76,104,68,61,115,87,56,106,85,62,97,81,54,101,68,70,114,87,76,112,88,67,104,75,60,186,144,111,190,152,116,185,142,115,180,138,98,197,142,111,174,135,107,111,74,65,100,78,77,117,77,67,94,77,54,109,69,66,100,86,57,114,84,58,100,85,58,105,81,77,101,80,58,175,138,112,191,153,111,182,141,103,174,148,116,190,141,114,197,152,93,97,91,72,105,79,72,95,83,66,95,92,57,96,77,59,94,68,58,109,91,59,116,69,65,113,80,73,109,81,75,18,35,20,189,136,97,187,147,104,190,142,99,173,153,109,29,18,21,96,76,77,96,75,66,112,86,69,107,86,53,114,76,64,115,77,66,102,74,68,116,75,69,115,90,75,95,80,68,22,28,33,182,138,108,185,150,104,195,143,95,182,145,115,16,17,34,116,77,62,105,79,69,93,84,66,110,72,56,105,88,75,96,74,63,98,89,65,102,72,64,112,71,63,115,89,62,179,139,111,188,141,110,196,155,93,190,155,115,196,148,107,173,155,94,105,87,55,114,84,61,117,75,62,103,70,68,111,89,77,98,86,66,110,83,67,115,72,71,95,85,76,109,77,61,179,147,105,185,157,97,27,27,17,29,25,22,196,133,113,197,151,99,97,73,60,102,87,77,97,81,69,96,74,57,98,76,55,81,150,104,99,149,104,85,137,92,183,137,113,185,143,105,178,149,102,174,149,110,187,146,114,182,148,102,192,142,106,183,152,104,191,156,99,174,134,106,97,149,106,88,150,106,95,156,97,81,139,99,81,136,86,94,142,91,97,155,103,178,139,100,186,143,103,196,134,109,176,144,100,181,136,99,174,156,96,185,147,98,183,134,107,85,153,101,84,135,105,94,139,96,88,136,106,89,156,96,82,139,99,93,134,105,93,154,83,84,139,96,96,138,88,194,157,101,195,151,116,182,147,115,177,150,117,99,145,94,102,133,86,98,149,100,88,134,94,85,144,91,89,138,94,89,139,95,83,156,105,83,150,83,96,139,97,89,135,91,81,133,93,101,149,103,98,154,98,83,144,91,83,151,84,102,147,91,85,140,106,101,149,106,98,152,87,90,143,103,90,138,89,81,151,89,96,152,87,101,133,85,88,156,106,79,153,105,86,135,87,100,135,93,78,146,100,87,156,101,95,138,105,100,153,104,81,142,101,101,144,86,83,151,91,100,156,103,83,137,96
1,91,157,101,99,153,86,96,149,95,83,146,91,78,143,103,99,152,87,94,138,96,88,143,106,79,154,101,85,141,99,94,137,98,81,149,92,90,153,98,79,148,104,82,147,87,97,157,106,93,142,103,87,134,85,83,154,85,91,135,83,90,133,104,91,143,93,95,151,104,94,149,106,100,141,83,101,157,95,96,153,91,82,156,88,80,150,85,85,141,85,78,143,102,93,133,99,94,135,88,84,153,107,91,138,107,99,142,94,82,147,106,102,146,85,173,145,113,183,133,114,189,148,97,189,134,93,95,149,105,84,151,106,97,139,92,100,154,92,100,148,106,83,152,105,96,152,87,84,139,107,88,139,95,86,140,99,186,135,94,195,140,98,178,143,106,197,142,109,195,139,105,189,141,99,188,135,115,186,142,94,90,153,85,82,151,91,102,144,86,78,144,93,96,82,76,108,88,77,103,83,63,97,91,64,96,78,66,184,153,106,175,149,97,177,138,114,190,136,93,188,140,99,186,148,99,116,75,59,112,70,57,98,91,58,102,80,77,98,83,56,117,85,56,96,68,54,113,83,56,115,83,71,95,82,53,188,152,104,196,153,116,195,140,115,186,150,107,197,133,97,196,149,116,110,86,68,107,83,72,108,88,65,108,79,77,94,90,63,106,83,63,115,75,73,112,79,57,108,77,63,93,74,65,179,155,103,179,138,102,179,150,101,183,147,96,176,145,99,188,153,94,113,75,71,104,76,69,99,73,73,102,86,57,99,81,67,111,68,70,98,71,55,98,82,57,111,74,71,101,71,62,25,37,17,187,146,94,178,150,93,194,142,99,196,133,105,36,25,37,100,84,55,108,82,70,95,83,53,99,89,55,101,79,77,95,84,73,111,70,66,110,81,68,114,87,65,108,70,76,20,17,35,184,145,98,192,137,115,189,151,97,180,154,108,15,33,14,105,68,60,112,88,75,102,87,58,103,85,59,111,71,69,93,83,60,97,69,72,112,85,53,113,89,67,95,76,69,190,154,102,196,154,106,186,133,106,175,138,101,195,133,103,185,149,107,105,68,72,101,83,62,98,74,74,93,80,64,101,89,74,106,75,76,111,80,53,114,87,68,111,78,57,117,88,64,184,138,95,182,138,116,27,29,24,16,17,23,192,133,94,196,148,96,94,87,73,108,73,69,101,70,68,100,80,57,109,69,63,84,154,105,101,137,92,84,149,84,174,142,105,193,133,108,184,153,108,176,151,105,195,150,106,176,147,106,195,147,94,181,140,112,193,136,99,177,142,115,100,146,98,90,143,99,80,147,101,96,142,99,96,152,93,86,144,103,87,149,97,195,152,117,177,156,103,180,135,102,175,154,95,177,141,107,190,150,107,181,151,104,189,145,107,82,153,89,93,149,85,81,142,85,99,157,86,80,144,86,94,141,84,90,139,93,102,155,84,98,149,98,95,156,96,196,150,107,189,156,106,189,152,104,180,153,104,88,143,98,78,153,93,97,157,90,84,152,89,78,151,89,91,147,96,78,147,100,102,140,96,95,157,88,97,142,83,84,145,104,100,150,103,99,153,89,87,145,104,97,136,96,82,147,90,99,134,100,84,154,85,83,153,83,102,157,102,90,148,85,86,144,87,92,140,87,99,146,86,97,141,85,80,155,87,85,146,89,86,149,105,84,142,93,82,148,84,101,155,96,82,156,91,99,156,90,99,140,95,100,144,90,84,140,102,78,154,106,83,152,107
